Customer ID,Age,Item Purchased,Gender,Category,Purchase Amount(USD),Location,Size,Color,Season,Review Rating,Subscription Status,Shipping Type,Discount Applied,Promo Code Used,Previous Purchased,Payment Method,Frequency of Purchases,Unnamed: 18
1,43,Scarf,Female,Accessories,117.0,New York,M,Yellow,Spring,3.7,Yes,2-Day Shipping,No,No,2,Credit Card,Quarterly,
2,18,Dress,Female,Clothing,78.11,Los Angeles,L,Pink,Winter,3.4,No,Free Shipping,No,No,2,Debit Card,Annually,
3,31,Skirt,Female,Clothing,139.63,Houston,L,Gray,Summer,3.8,No,Express,Yes,Yes,1,Debit Card,Quarterly,
4,25,Face Cream,Male,Beauty,145.07,San Diego,XS,Navy,Fall,2.6,No,Express,Yes,Yes,1,Debit Card,Weekly,
5,50,Shorts,Female,Clothing,122.43,Chicago,M,Green,Fall,4.5,No,Free Shipping,No,No,1,PayPal,Quarterly,
6,49,Makeup Kit,Female,Beauty,13.74,San Antonio,M,Navy,Spring,4.4,No,Free Shipping,Yes,Yes,3,Credit Card,Monthly,
7,28,Perfume,Female,Beauty,22.98,Detroit,M,Blue,Fall,3.4,No,2-Day Shipping,Yes,Yes,3,Debit Card,Monthly,
8,39,Smartwatch,Female,Electronics,165.17,Atlanta,M,White,Summer,2.9,No,Standard,Yes,Yes,5,Debit Card,Monthly,
9,32,Watch,Male,Accessories,44.77,Miami,L,Brown,Winter,3.7,No,Free Shipping,No,No,4,PayPal,Quarterly,
10,61,Jacket,Female,Clothing,17.74,Portland,XL,Purple,Fall,3.9,No,Standard,Yes,Yes,3,Debit Card,Annually,
11,30,Sneakers,Non-Binary,Footwear,72.16,Chicago,M,Brown,Fall,3.4,Yes,2-Day Shipping,No,No,8,PayPal,Weekly,
12,36,Table Lamp,Male,Home,145.31,Seattle,M,Gray,Fall,2.3,Yes,Standard,Yes,Yes,6,Digital Wallet,Bi-Weekly,
13,18,Headphones,Female,Electronics,103.95,Denver,XL,Blue,Winter,3.2,No,Standard,Yes,Yes,0,Digital Wallet,Quarterly,
14,43,Makeup Kit,Female,Beauty,51.41,San Jose,XL,Black,Winter,3.7,Yes,Free Shipping,Yes,Yes,5,Debit Card,Bi-Weekly,
15,50,Shorts,Male,Clothing,84.26,Denver,L,Blue,Fall,4.6,Yes,Standard,No,Yes,0,Credit Card,Quarterly,
16,38,Phone Case,Male,Electronics,220.21,Phoenix,M,Green,Winter,3.5,No,Next Day Air,Yes,Yes,1,Debit Card,Weekly,
17,44,Jacket,Male,Clothing,82.87,Phoenix,S,Pink,Fall,2.8,No,Express,Yes,Yes,3,Bank Transfer,Monthly,
18,28,Jeans,Male,Clothing,54.56,Denver,S,Black,Summer,5.0,Yes,Standard,Yes,Yes,6,Credit Card,Monthly,
19,43,Sweater,Female,Clothing,93.12,Phoenix,L,Gray,Winter,4.4,Yes,Express,No,No,3,Digital Wallet,Quarterly,
20,35,Table Lamp,Female,Home,83.75,Chicago,M,Purple,Winter,3.8,No,Standard,No,No,5,Credit Card,Weekly,
21,56,Shorts,Male,Clothing,34.5,Miami,S,Black,Fall,3.1,No,Next Day Air,No,No,3,Digital Wallet,Quarterly,
22,50,Shorts,Female,Clothing,138.89,San Antonio,XXL,Red,Fall,4.0,No,2-Day Shipping,Yes,Yes,5,Credit Card,Weekly,
23,27,Belt,Male,Accessories,171.4,Austin,L,Brown,Summer,3.8,No,Free Shipping,No,No,1,Debit Card,Weekly,
24,39,Running Shoes,Female,Footwear,102.35,Las Vegas,L,Yellow,Fall,3.9,No,Free Shipping,Yes,Yes,5,Debit Card,Quarterly,
25,48,Loafers,Male,Footwear,104.01,Philadelphia,L,Green,Winter,3.7,No,Standard,No,No,4,PayPal,Monthly,
26,40,Belt,Male,Accessories,28.1,Houston,M,Purple,Winter,3.8,Yes,Standard,Yes,Yes,7,Debit Card,Bi-Weekly,
27,28,Storage Box,Non-Binary,Home,16.14,Los Angeles,S,White,Fall,3.9,Yes,Express,No,No,2,PayPal,Annually,
28,52,Sweater,Non-Binary,Clothing,138.68,Atlanta,M,Green,Summer,3.4,Yes,Standard,No,No,1,Credit Card,Bi-Weekly,
29,39,Phone Case,Female,Electronics,126.36,Chicago,M,Black,Summer,4.4,No,Free Shipping,Yes,Yes,5,PayPal,Weekly,
30,42,Loafers,Female,Footwear,145.96,Las Vegas,XL,Red,Spring,4.8,No,Free Shipping,Yes,Yes,1,Debit Card,Monthly,
31,56,Wallet,Male,Accessories,177.43,Austin,M,Blue,Fall,3.9,No,Standard,No,No,2,Credit Card,Quarterly,
32,24,Curtain,Male,Home,107.89,Denver,M,Purple,Spring,4.2,No,Free Shipping,No,No,3,Debit Card,Monthly,
33,30,Keyboard,Female,Electronics,87.5,Denver,S,Blue,Fall,3.6,Yes,Free Shipping,Yes,Yes,6,Bank Transfer,Monthly,
34,48,Jeans,Female,Clothing,88.82,Jacksonville,M,Red,Spring,4.2,No,Standard,Yes,Yes,2,Debit Card,Monthly,
35,50,Hoodie,Female,Clothing,111.83,New York,XS,Green,Summer,4.3,No,2-Day Shipping,No,Yes,3,PayPal,Monthly,
36,35,Skirt,Female,Clothing,162.97,San Diego,M,Green,Summer,2.1,Yes,2-Day Shipping,No,No,7,PayPal,Monthly,
37,45,Keyboard,Female,Electronics,144.11,Jacksonville,S,Gray,Summer,3.2,No,Standard,Yes,Yes,2,Credit Card,Monthly,
38,66,Sweater,Female,Clothing,152.05,San Diego,XL,Green,Summer,3.3,No,Free Shipping,Yes,Yes,3,Digital Wallet,Quarterly,
39,44,Jacket,Male,Clothing,67.17,San Diego,L,Blue,Summer,4.2,No,Free Shipping,No,No,6,Credit Card,Bi-Weekly,
40,39,T-Shirt,Male,Clothing,103.02,New York,S,Red,Spring,4.2,No,Next Day Air,No,Yes,3,Digital Wallet,Monthly,
41,34,Jacket,Female,Clothing,134.17,San Diego,M,Purple,Summer,3.1,No,2-Day Shipping,No,No,2,PayPal,Bi-Weekly,
42,47,T-Shirt,Male,Clothing,17.99,San Diego,XL,Navy,Fall,4.0,No,Express,No,No,4,Bank Transfer,Quarterly,
43,34,Shorts,Male,Clothing,166.94,Dallas,S,Red,Spring,3.4,No,Next Day Air,No,No,1,Credit Card,Monthly,
44,19,Wallet,Female,Accessories,118.59,Atlanta,M,Yellow,Winter,1.7,Yes,Standard,Yes,Yes,6,Digital Wallet,Monthly,
45,21,Shorts,Male,Clothing,85.42,Atlanta,M,Yellow,Fall,3.9,No,Express,Yes,Yes,5,PayPal,Monthly,
46,33,Pillow,Female,Home,61.44,San Diego,S,Green,Fall,3.5,No,Standard,No,Yes,3,Cash,Monthly,
47,39,Face Wash,Female,Beauty,93.65,Las Vegas,S,Blue,Winter,4.5,No,Free Shipping,No,No,2,Bank Transfer,Bi-Weekly,
48,54,Wallet,Female,Accessories,72.26,Atlanta,M,Black,Summer,4.5,Yes,Express,No,No,7,Digital Wallet,Quarterly,
49,48,Hoodie,Male,Clothing,152.76,Philadelphia,S,Green,Spring,4.6,No,Standard,No,Yes,1,PayPal,Annually,
50,59,Coat,Male,Clothing,58.97,New York,S,Red,Fall,3.8,No,Standard,Yes,Yes,5,Digital Wallet,Bi-Weekly,
51,30,Sneakers,Male,Footwear,165.7,Atlanta,M,Navy,Summer,2.7,No,Standard,No,No,3,Digital Wallet,Monthly,
52,32,Sneakers,Male,Footwear,121.62,San Jose,L,Black,Fall,5.0,No,2-Day Shipping,No,No,5,Credit Card,Weekly,
53,46,Keyboard,Female,Electronics,441.65,San Antonio,XS,Green,Fall,4.8,No,Free Shipping,No,No,1,Digital Wallet,Weekly,
54,43,Pillow,Non-Binary,Home,151.56,Seattle,L,Purple,Winter,3.6,Yes,Next Day Air,No,No,8,PayPal,Monthly,
55,38,Makeup Kit,Female,Beauty,9.35,Detroit,L,Black,Fall,4.6,Yes,Standard,Yes,Yes,3,Debit Card,Monthly,
56,18,Power Bank,Female,Electronics,38.1,Austin,XL,White,Spring,3.6,Yes,2-Day Shipping,No,No,5,Digital Wallet,Bi-Weekly,
57,36,Face Wash,Male,Beauty,94.3,Phoenix,L,Pink,Spring,3.8,No,Next Day Air,Yes,Yes,1,Debit Card,Bi-Weekly,
58,68,Dress,Female,Clothing,140.11,Los Angeles,M,Gray,Fall,4.2,No,Free Shipping,Yes,Yes,2,PayPal,Monthly,
59,35,Face Cream,Male,Beauty,122.95,Miami,L,Green,Spring,2.5,No,Express,No,Yes,2,Credit Card,Quarterly,
60,37,Handbag,Female,Accessories,147.12,San Jose,S,Navy,Summer,4.7,No,Standard,No,No,4,Credit Card,Bi-Weekly,
61,40,Slippers,Female,Footwear,186.03,Atlanta,S,White,Winter,3.7,Yes,Free Shipping,Yes,Yes,5,Digital Wallet,Bi-Weekly,
62,33,Running Shoes,Male,Footwear,91.67,San Jose,M,Yellow,Summer,3.3,No,Free Shipping,No,Yes,2,Credit Card,Monthly,
63,62,Loafers,Female,Footwear,29.31,Los Angeles,L,Red,Summer,3.2,Yes,Free Shipping,No,No,6,Credit Card,Monthly,
64,43,Curtain,Female,Home,62.1,Boston,M,Navy,Winter,4.0,No,Free Shipping,No,No,1,Debit Card,Weekly,
65,32,Jeans,Male,Clothing,140.57,Denver,L,Red,Winter,3.4,No,Free Shipping,Yes,Yes,0,Bank Transfer,Annually,
66,20,Power Bank,Male,Electronics,135.67,Philadelphia,M,Brown,Spring,4.0,No,Express,Yes,Yes,1,Debit Card,Weekly,
67,49,Hoodie,Male,Clothing,117.0,San Antonio,S,Pink,Summer,4.4,No,Standard,No,Yes,2,Credit Card,Monthly,
68,49,T-Shirt,Male,Clothing,172.01,Dallas,S,Navy,Summer,4.3,Yes,Next Day Air,No,No,10,PayPal,Bi-Weekly,
69,25,Phone Case,Female,Electronics,89.52,Atlanta,XL,Purple,Spring,3.4,Yes,Standard,No,No,4,Digital Wallet,Monthly,
70,42,Bluetooth Speaker,Female,Electronics,37.25,Seattle,M,Green,Fall,4.6,No,2-Day Shipping,No,No,5,Credit Card,Monthly,
71,46,Handbag,Male,Accessories,67.01,Philadelphia,L,Brown,Spring,3.3,No,Standard,Yes,Yes,4,PayPal,Monthly,
72,50,Belt,Male,Accessories,41.41,New York,M,Gray,Fall,3.6,No,Standard,No,No,1,Bank Transfer,Monthly,
73,22,Sandals,Female,Footwear,117.55,Detroit,XS,Black,Fall,2.7,No,Standard,No,No,2,PayPal,Monthly,
74,30,Dress,Male,Clothing,21.86,Boston,M,Pink,Winter,3.4,Yes,Free Shipping,No,No,0,Digital Wallet,Annually,
75,25,Jeans,Male,Clothing,48.31,San Jose,XS,White,Spring,3.9,No,2-Day Shipping,No,Yes,3,Digital Wallet,Quarterly,
76,40,Coat,Female,Clothing,128.77,Dallas,XL,Brown,Winter,3.9,No,2-Day Shipping,Yes,Yes,3,Credit Card,Quarterly,
77,33,Jeans,Male,Clothing,81.68,Las Vegas,M,Brown,Spring,4.0,Yes,Express,No,No,6,Debit Card,Bi-Weekly,
78,30,Dress,Male,Clothing,42.79,Houston,L,Pink,Summer,2.8,No,Express,No,No,5,Credit Card,Weekly,
79,48,Lipstick,Female,Beauty,9.07,Detroit,L,Blue,Winter,4.5,No,Express,No,No,3,Credit Card,Bi-Weekly,
80,49,Jacket,Female,Clothing,150.82,Detroit,M,Pink,Summer,2.6,No,Standard,Yes,Yes,3,Digital Wallet,Quarterly,
81,31,Cushion,Female,Home,131.22,Phoenix,M,Gray,Fall,3.8,No,Next Day Air,No,No,2,PayPal,Annually,
82,43,Smartwatch,Female,Electronics,214.26,Austin,M,Brown,Summer,4.5,No,Free Shipping,Yes,Yes,3,PayPal,Weekly,
83,32,Smartwatch,Female,Electronics,204.13,Denver,M,Green,Spring,3.3,No,Free Shipping,No,No,1,Debit Card,Quarterly,
84,18,Slippers,Male,Footwear,38.54,Jacksonville,L,Black,Fall,5.0,No,Standard,Yes,Yes,5,Cash,Bi-Weekly,
85,34,Belt,Male,Accessories,240.8,Seattle,S,Blue,Winter,5.0,No,2-Day Shipping,No,Yes,3,Debit Card,Monthly,
86,28,Hoodie,Female,Clothing,29.71,Los Angeles,XL,Brown,Spring,4.4,No,Standard,Yes,Yes,3,Debit Card,Monthly,
87,27,Scarf,Male,Accessories,48.82,Denver,L,Pink,Winter,2.6,No,Free Shipping,No,No,3,PayPal,Quarterly,
88,31,Dress,Male,Clothing,72.11,Dallas,XL,Green,Summer,4.5,No,Standard,No,No,4,PayPal,Quarterly,
89,44,Jacket,Male,Clothing,87.52,Austin,L,Gray,Fall,3.8,Yes,Express,No,No,3,Credit Card,Quarterly,
90,30,Jacket,Female,Clothing,119.48,Denver,S,Yellow,Spring,3.6,Yes,Standard,Yes,Yes,6,PayPal,Monthly,
91,37,Sweater,Female,Clothing,140.45,Houston,M,Black,Winter,3.7,Yes,Next Day Air,No,No,1,Digital Wallet,Annually,
92,37,Jacket,Male,Clothing,157.67,Miami,M,Purple,Summer,5.0,Yes,2-Day Shipping,No,No,5,Bank Transfer,Monthly,
93,63,Bedsheet,Female,Home,126.65,Atlanta,XXL,Green,Winter,3.3,Yes,Standard,No,Yes,4,Credit Card,Quarterly,
94,21,Makeup Kit,Male,Beauty,119.31,San Diego,L,White,Fall,3.1,Yes,2-Day Shipping,No,No,3,Bank Transfer,Monthly,
95,34,Perfume,Female,Beauty,144.3,Los Angeles,S,Black,Winter,3.6,No,2-Day Shipping,No,No,2,PayPal,Monthly,
96,28,Handbag,Male,Accessories,157.11,San Antonio,XL,Brown,Fall,4.0,No,Free Shipping,Yes,Yes,1,Debit Card,Quarterly,
97,48,Face Wash,Female,Beauty,118.26,Portland,S,Blue,Fall,3.2,No,Standard,Yes,Yes,3,Bank Transfer,Bi-Weekly,
98,43,Hat,Female,Accessories,156.87,Chicago,One Size,Gray,Fall,4.3,Yes,Next Day Air,Yes,Yes,4,Bank Transfer,Monthly,
99,53,Hat,Male,Accessories,205.63,Miami,S,Pink,Summer,3.5,No,Next Day Air,No,No,5,Cash,Monthly,
100,28,Curtain,Female,Home,36.19,Atlanta,L,Red,Spring,2.2,No,Standard,Yes,Yes,1,Debit Card,Bi-Weekly,
101,31,Belt,Female,Accessories,22.67,Seattle,L,Purple,Summer,3.9,No,Free Shipping,No,No,0,Credit Card,Monthly,
102,44,Heels,Female,Footwear,89.0,Philadelphia,One Size,Navy,Fall,3.4,No,Next Day Air,Yes,Yes,6,Credit Card,Monthly,
103,60,Running Shoes,Male,Footwear,57.23,Phoenix,M,Green,Summer,5.0,No,Standard,No,No,3,Debit Card,Quarterly,
104,39,Shorts,Female,Clothing,96.92,Jacksonville,XS,Yellow,Winter,4.0,No,Free Shipping,No,No,2,Digital Wallet,Quarterly,
105,26,Storage Box,Female,Home,91.49,Portland,M,Pink,Summer,3.1,No,Free Shipping,Yes,Yes,2,Debit Card,Quarterly,
106,40,Pillow,Female,Home,167.29,Jacksonville,M,Brown,Spring,3.9,No,Standard,No,No,3,Digital Wallet,Monthly,
107,32,Makeup Kit,Male,Beauty,85.4,Miami,S,Purple,Summer,3.4,No,Express,Yes,Yes,5,Credit Card,Quarterly,
108,36,Skirt,Female,Clothing,33.47,Denver,M,Brown,Winter,4.6,Yes,Free Shipping,No,No,6,Credit Card,Weekly,
109,48,Heels,Female,Footwear,97.53,Phoenix,L,Pink,Spring,3.7,No,Standard,No,Yes,2,Bank Transfer,Bi-Weekly,
110,47,Jacket,Female,Clothing,107.04,Phoenix,M,Yellow,Summer,3.7,Yes,Free Shipping,No,No,4,Bank Transfer,Monthly,
111,38,Slippers,Female,Footwear,48.87,Phoenix,XXL,Brown,Winter,4.9,No,Next Day Air,Yes,Yes,5,Credit Card,Weekly,
112,41,Hoodie,Male,Clothing,151.66,Miami,L,Black,Spring,4.3,Yes,Express,Yes,Yes,4,Bank Transfer,Monthly,
113,43,Jeans,Male,Clothing,68.64,Houston,XL,Yellow,Fall,4.1,No,Standard,Yes,Yes,2,Cash,Quarterly,
114,50,Makeup Kit,Female,Beauty,122.65,Denver,XL,Gray,Summer,2.8,Yes,Express,No,No,1,Debit Card,Bi-Weekly,
115,41,Sneakers,Male,Footwear,107.18,Dallas,XS,Gray,Winter,3.8,Yes,Standard,No,Yes,12,Credit Card,Weekly,
116,47,Coat,Male,Clothing,22.94,Chicago,M,White,Spring,2.6,No,Next Day Air,No,No,3,Credit Card,Monthly,
117,29,Backpack,Female,Accessories,187.02,Denver,L,Brown,Fall,3.8,No,Standard,Yes,Yes,3,Digital Wallet,Quarterly,
118,36,Belt,Female,Accessories,199.31,San Diego,L,Yellow,Summer,4.5,No,Express,No,Yes,3,Digital Wallet,Monthly,
119,29,Skirt,Female,Clothing,54.41,San Diego,XS,Black,Summer,2.8,No,2-Day Shipping,No,No,4,Credit Card,Monthly,
120,18,Heels,Male,Footwear,206.69,Denver,S,Gray,Winter,2.7,Yes,2-Day Shipping,Yes,Yes,5,Credit Card,Monthly,
121,44,T-Shirt,Female,Clothing,150.93,Portland,M,Red,Summer,4.1,No,Standard,No,Yes,1,PayPal,Monthly,
122,45,Hat,Male,Accessories,190.28,Chicago,L,Navy,Spring,4.6,Yes,2-Day Shipping,Yes,Yes,6,PayPal,Monthly,
123,24,Boots,Male,Footwear,112.53,Seattle,M,Green,Summer,3.9,Yes,2-Day Shipping,No,No,4,Debit Card,Monthly,
124,34,Shampoo,Female,Beauty,90.26,San Antonio,M,Green,Fall,4.9,No,Standard,Yes,Yes,1,Debit Card,Monthly,
125,26,Belt,Male,Accessories,11.61,Chicago,XXL,Red,Summer,3.5,Yes,2-Day Shipping,No,No,6,Credit Card,Weekly,
126,24,Mouse,Male,Electronics,229.78,Miami,L,Green,Spring,3.5,Yes,Standard,No,No,5,Credit Card,Monthly,
127,69,Shorts,Male,Clothing,87.67,Las Vegas,S,Gray,Spring,2.4,Yes,2-Day Shipping,Yes,Yes,2,PayPal,Monthly,
128,62,Sneakers,Female,Footwear,168.24,Boston,XL,Green,Summer,3.1,Yes,Free Shipping,Yes,Yes,7,Debit Card,Monthly,
129,33,Hoodie,Female,Clothing,39.55,Las Vegas,L,Blue,Spring,4.0,No,Express,No,No,4,PayPal,Quarterly,
130,37,Bluetooth Speaker,Female,Electronics,366.83,Philadelphia,M,Green,Spring,4.0,No,Standard,No,Yes,0,Credit Card,Quarterly,
131,48,Dress,Female,Clothing,129.27,San Antonio,XS,Blue,Spring,4.4,Yes,Free Shipping,Yes,Yes,5,Bank Transfer,Annually,
132,52,Skirt,Male,Clothing,141.87,Philadelphia,M,Gray,Fall,2.7,No,Express,No,No,2,Debit Card,Weekly,
133,51,Dress,Female,Clothing,101.23,San Antonio,M,Pink,Summer,5.0,Yes,Standard,Yes,Yes,4,Credit Card,Monthly,
134,32,Scarf,Male,Accessories,64.25,San Jose,XL,Yellow,Winter,3.3,No,Express,No,No,2,Debit Card,Quarterly,
135,43,Sweater,Female,Clothing,147.65,Jacksonville,M,Brown,Fall,5.0,No,Free Shipping,No,Yes,3,Credit Card,Bi-Weekly,
136,44,Backpack,Female,Accessories,25.05,Jacksonville,L,White,Fall,3.3,No,Standard,Yes,Yes,3,Digital Wallet,Monthly,
137,36,Curtain,Male,Home,26.97,New York,M,Navy,Spring,4.3,No,Free Shipping,No,No,2,Cash,Bi-Weekly,
138,42,Boots,Male,Footwear,150.61,Seattle,M,White,Winter,3.9,Yes,Next Day Air,Yes,Yes,6,Debit Card,Weekly,
139,49,Belt,Female,Accessories,172.68,New York,XL,Navy,Fall,3.6,No,Express,Yes,Yes,3,Cash,Quarterly,
140,50,Scarf,Female,Accessories,210.52,Atlanta,XL,Red,Winter,4.2,Yes,Express,No,No,1,Debit Card,Monthly,
141,45,Sneakers,Male,Footwear,85.81,Philadelphia,M,Green,Spring,4.1,No,Next Day Air,No,No,2,Credit Card,Quarterly,
142,39,Boots,Male,Footwear,154.29,Los Angeles,L,Pink,Winter,5.0,No,2-Day Shipping,No,No,4,Cash,Bi-Weekly,
143,38,Coat,Female,Clothing,48.82,New York,M,Red,Summer,4.0,No,Standard,No,No,4,Cash,Annually,
144,34,Smartwatch,Female,Electronics,316.74,Denver,S,Yellow,Summer,2.4,No,Standard,No,No,0,Bank Transfer,Monthly,
145,35,Heels,Female,Footwear,134.37,Houston,XXL,Gray,Winter,4.8,No,Free Shipping,No,No,3,Credit Card,Monthly,
146,38,Running Shoes,Male,Footwear,140.74,San Antonio,L,Red,Winter,4.3,Yes,Standard,No,No,9,Cash,Monthly,
147,44,Shampoo,Female,Beauty,58.7,Phoenix,M,Blue,Winter,4.1,No,Free Shipping,Yes,Yes,2,Credit Card,Quarterly,
148,28,Boots,Male,Footwear,211.2,Atlanta,L,Red,Spring,4.1,No,Express,No,No,2,Debit Card,Weekly,
149,18,Jacket,Female,Clothing,31.8,Seattle,S,Red,Spring,4.5,No,Standard,Yes,Yes,0,Digital Wallet,Weekly,
150,43,Dress,Male,Clothing,61.61,Houston,M,Blue,Spring,5.0,Yes,2-Day Shipping,No,No,7,Credit Card,Bi-Weekly,
151,27,Jacket,Female,Clothing,129.45,Philadelphia,XS,Purple,Winter,3.7,No,Next Day Air,No,Yes,4,Credit Card,Bi-Weekly,
152,29,Dress,Male,Clothing,23.56,Houston,XXL,Gray,Summer,3.0,Yes,Standard,Yes,Yes,8,Digital Wallet,Weekly,
153,55,Jeans,Female,Clothing,143.8,New York,L,Blue,Winter,2.5,No,Next Day Air,No,Yes,2,Credit Card,Quarterly,
154,37,Shorts,Male,Clothing,91.18,Chicago,S,Black,Winter,4.1,No,Standard,No,No,3,Digital Wallet,Monthly,
155,29,Jacket,Female,Clothing,144.72,Houston,M,Blue,Summer,5.0,No,2-Day Shipping,No,Yes,1,Debit Card,Quarterly,
156,44,Boots,Male,Footwear,119.04,Las Vegas,L,Red,Winter,3.8,Yes,2-Day Shipping,No,No,9,Digital Wallet,Bi-Weekly,
157,33,Loafers,Male,Footwear,93.83,Las Vegas,L,Navy,Summer,3.5,No,Standard,Yes,Yes,2,Debit Card,Quarterly,
158,31,Makeup Kit,Non-Binary,Beauty,97.78,Atlanta,S,Purple,Spring,2.9,Yes,Standard,No,No,3,PayPal,Annually,
159,38,Backpack,Male,Accessories,93.17,Boston,XXL,Navy,Spring,4.1,Yes,Free Shipping,Yes,Yes,4,Credit Card,Annually,
160,40,Watch,Female,Accessories,163.99,San Jose,L,Navy,Summer,3.2,No,Standard,No,No,4,Credit Card,Weekly,
161,45,T-Shirt,Male,Clothing,17.54,Portland,L,White,Fall,4.8,No,2-Day Shipping,Yes,Yes,4,Credit Card,Quarterly,
162,42,Boots,Female,Footwear,26.77,Boston,XS,Black,Spring,4.0,No,2-Day Shipping,No,No,2,Bank Transfer,Bi-Weekly,
163,35,T-Shirt,Male,Clothing,126.02,San Antonio,M,Black,Summer,4.3,Yes,2-Day Shipping,No,No,9,PayPal,Bi-Weekly,
164,32,Watch,Female,Accessories,112.62,San Antonio,XS,Yellow,Winter,4.8,No,Standard,No,No,2,Debit Card,Monthly,
165,32,Hoodie,Female,Clothing,33.46,Detroit,XL,Pink,Summer,4.9,No,Express,No,No,5,PayPal,Quarterly,
166,24,Bedsheet,Female,Home,70.54,Dallas,S,Green,Fall,2.8,No,Express,Yes,Yes,5,Credit Card,Monthly,
167,44,T-Shirt,Male,Clothing,137.2,Boston,S,Red,Summer,3.1,No,2-Day Shipping,No,No,3,Credit Card,Quarterly,
168,67,Hoodie,Male,Clothing,59.15,Boston,S,Black,Spring,4.1,Yes,Free Shipping,No,No,8,Credit Card,Monthly,
169,33,Mouse,Male,Electronics,69.14,Dallas,M,Black,Spring,3.2,No,2-Day Shipping,No,No,7,Bank Transfer,Monthly,
170,42,Coat,Female,Clothing,102.71,Miami,S,Gray,Summer,4.1,No,Free Shipping,No,No,1,Credit Card,Monthly,
171,21,Shampoo,Female,Beauty,100.06,Detroit,XS,Navy,Winter,3.7,Yes,Standard,No,No,5,Debit Card,Bi-Weekly,
172,35,Body Lotion,Male,Beauty,22.72,Dallas,M,Yellow,Spring,5.0,Yes,Free Shipping,No,No,5,Debit Card,Bi-Weekly,
173,32,Running Shoes,Female,Footwear,198.38,Jacksonville,L,Navy,Fall,3.3,No,Standard,No,Yes,3,Credit Card,Monthly,
174,62,Slippers,Male,Footwear,153.6,Seattle,L,Pink,Summer,4.9,No,Standard,Yes,Yes,4,Cash,Monthly,
175,36,Face Cream,Non-Binary,Beauty,107.25,Philadelphia,M,Navy,Winter,4.8,Yes,Standard,No,Yes,3,Cash,Monthly,
176,46,Face Cream,Non-Binary,Beauty,114.22,Seattle,S,Red,Fall,3.6,No,Free Shipping,No,No,5,Debit Card,Monthly,
177,52,Sweater,Female,Clothing,53.28,Las Vegas,M,Purple,Spring,3.4,Yes,Free Shipping,No,No,5,PayPal,Quarterly,
178,21,Storage Box,Female,Home,80.58,Portland,S,Navy,Spring,3.4,No,2-Day Shipping,No,No,5,Debit Card,Quarterly,
179,31,Storage Box,Female,Home,62.3,Austin,M,Gray,Summer,3.9,Yes,Next Day Air,No,No,5,PayPal,Weekly,
180,45,Coffee Mug,Female,Home,39.2,Detroit,XL,Navy,Fall,4.0,No,Express,Yes,Yes,4,Credit Card,Weekly,
181,43,Slippers,Female,Footwear,80.87,Atlanta,L,Purple,Summer,3.8,No,Standard,No,Yes,5,Digital Wallet,Bi-Weekly,
182,43,Running Shoes,Female,Footwear,69.73,San Diego,S,Gray,Fall,2.4,No,2-Day Shipping,Yes,Yes,1,Bank Transfer,Bi-Weekly,
183,30,Shorts,Male,Clothing,75.32,Denver,L,Green,Winter,4.6,Yes,Next Day Air,Yes,Yes,6,Cash,Weekly,
184,40,Hat,Male,Accessories,51.82,Jacksonville,L,Purple,Fall,5.0,No,Standard,No,No,3,PayPal,Bi-Weekly,
185,56,Sweater,Female,Clothing,95.75,Seattle,XL,Black,Spring,4.1,No,Next Day Air,No,No,4,Credit Card,Monthly,
186,58,Face Wash,Female,Beauty,40.64,Los Angeles,XL,Yellow,Winter,3.9,No,Standard,No,No,2,Credit Card,Monthly,
187,18,Dress,Female,Clothing,162.51,Houston,XS,Purple,Summer,4.5,Yes,Express,No,No,3,PayPal,Monthly,
188,36,T-Shirt,Male,Clothing,72.95,Atlanta,L,Pink,Summer,3.4,Yes,2-Day Shipping,No,No,2,Debit Card,Monthly,
189,38,Pillow,Female,Home,85.59,Detroit,L,Red,Summer,5.0,No,Standard,Yes,Yes,0,PayPal,Monthly,
190,32,Coat,Female,Clothing,87.3,New York,L,Brown,Spring,4.0,No,Standard,Yes,Yes,0,Credit Card,Monthly,
191,48,Shorts,Male,Clothing,35.71,Dallas,M,Blue,Fall,5.0,No,Next Day Air,Yes,Yes,4,PayPal,Weekly,
192,26,Shorts,Male,Clothing,58.81,Dallas,M,Blue,Summer,2.9,No,Standard,No,No,5,Cash,Quarterly,
193,29,Face Cream,Male,Beauty,56.76,Denver,M,White,Fall,3.5,No,Standard,No,No,2,PayPal,Bi-Weekly,
194,35,Smartwatch,Female,Electronics,96.19,Los Angeles,S,Purple,Spring,2.6,Yes,Standard,Yes,Yes,9,Debit Card,Bi-Weekly,
195,52,Headphones,Male,Electronics,70.28,Portland,S,Blue,Summer,3.6,No,Standard,No,Yes,4,Credit Card,Weekly,
196,60,Belt,Male,Accessories,12.59,Miami,L,Gray,Winter,4.0,No,Standard,No,Yes,2,Credit Card,Annually,
197,49,Body Lotion,Male,Beauty,88.65,San Diego,XXL,Black,Spring,4.0,Yes,Free Shipping,No,No,5,Debit Card,Weekly,
198,42,Keyboard,Female,Electronics,225.26,Denver,S,Gray,Spring,3.2,Yes,Express,Yes,Yes,3,Digital Wallet,Monthly,
199,55,Skirt,Female,Clothing,168.87,Atlanta,XL,Pink,Winter,4.1,Yes,Free Shipping,No,No,3,Digital Wallet,Bi-Weekly,
200,38,Dress,Female,Clothing,27.67,Denver,M,Red,Winter,2.6,Yes,Express,No,No,5,Cash,Bi-Weekly,
201,41,Sandals,Male,Footwear,126.06,San Antonio,L,Brown,Winter,3.6,No,Standard,Yes,Yes,3,Debit Card,Quarterly,
202,55,Power Bank,Female,Electronics,191.24,Philadelphia,M,White,Fall,3.4,No,Standard,No,No,0,Credit Card,Annually,
203,66,Hat,Male,Accessories,222.25,New York,M,Pink,Fall,1.8,No,Next Day Air,No,No,3,Debit Card,Quarterly,
204,55,T-Shirt,Non-Binary,Clothing,86.11,San Jose,S,Purple,Summer,3.6,Yes,Express,Yes,Yes,6,Bank Transfer,Monthly,
205,50,Sweater,Male,Clothing,152.77,Miami,XS,Navy,Fall,5.0,No,Free Shipping,Yes,Yes,4,Debit Card,Weekly,
206,47,Watch,Male,Accessories,140.61,Houston,L,Green,Summer,3.0,Yes,Next Day Air,No,No,4,Credit Card,Quarterly,
207,36,Face Wash,Male,Beauty,47.72,Philadelphia,M,White,Summer,3.1,Yes,2-Day Shipping,No,No,6,PayPal,Bi-Weekly,
208,37,Wallet,Female,Accessories,177.32,Houston,S,Green,Winter,3.7,Yes,Next Day Air,No,No,5,Cash,Monthly,
209,43,Jeans,Male,Clothing,19.95,Los Angeles,M,Purple,Summer,5.0,No,Free Shipping,No,Yes,2,Digital Wallet,Monthly,
210,56,Scarf,Female,Accessories,234.26,New York,L,Green,Summer,4.6,No,Standard,No,No,1,Digital Wallet,Quarterly,
211,43,Skirt,Female,Clothing,30.39,San Jose,L,Gray,Spring,4.8,No,Express,Yes,Yes,4,Credit Card,Weekly,
212,54,Hoodie,Male,Clothing,35.13,Los Angeles,XL,Pink,Winter,4.3,No,Standard,Yes,Yes,3,PayPal,Bi-Weekly,
213,46,Running Shoes,Female,Footwear,154.45,Jacksonville,S,Yellow,Winter,4.6,No,Free Shipping,Yes,Yes,4,Debit Card,Bi-Weekly,
214,18,Watch,Female,Accessories,81.0,Denver,S,Black,Spring,4.5,Yes,Standard,Yes,Yes,4,Cash,Quarterly,
215,36,Cushion,Male,Home,148.5,San Diego,XL,Red,Fall,1.4,No,Standard,Yes,Yes,0,Credit Card,Quarterly,
216,39,Running Shoes,Female,Footwear,143.39,Miami,One Size,Blue,Spring,4.5,Yes,2-Day Shipping,Yes,Yes,2,Debit Card,Bi-Weekly,
217,34,Sandals,Male,Footwear,158.03,Detroit,M,Yellow,Fall,2.3,Yes,Standard,Yes,Yes,8,Credit Card,Monthly,
218,34,Shorts,Female,Clothing,111.62,San Jose,XL,Yellow,Summer,3.6,No,Free Shipping,Yes,Yes,1,Credit Card,Monthly,
219,61,T-Shirt,Male,Clothing,176.21,Phoenix,XS,Gray,Winter,3.8,No,Standard,Yes,Yes,4,Digital Wallet,Quarterly,
220,25,Sneakers,Female,Footwear,156.84,Chicago,M,Red,Spring,4.7,Yes,Standard,No,No,6,PayPal,Weekly,
221,36,Sweater,Non-Binary,Clothing,87.94,Detroit,M,Green,Winter,4.6,No,Free Shipping,Yes,Yes,5,Debit Card,Monthly,
222,44,T-Shirt,Male,Clothing,21.92,Miami,M,Navy,Fall,3.3,Yes,Free Shipping,Yes,Yes,3,Credit Card,Quarterly,
223,54,Shorts,Female,Clothing,97.91,Jacksonville,XS,Yellow,Fall,2.6,Yes,Standard,Yes,Yes,6,Debit Card,Annually,
224,69,Headphones,Female,Electronics,84.13,Los Angeles,L,Green,Winter,4.2,No,Free Shipping,No,No,1,Debit Card,Monthly,
225,39,Loafers,Female,Footwear,201.58,Philadelphia,M,Pink,Spring,3.4,No,Standard,Yes,Yes,2,Credit Card,Monthly,
226,36,T-Shirt,Male,Clothing,109.32,Boston,L,Yellow,Spring,3.9,Yes,Standard,Yes,Yes,5,Credit Card,Bi-Weekly,
227,28,Dress,Female,Clothing,26.74,Atlanta,L,Black,Summer,3.3,No,Standard,No,No,2,Credit Card,Bi-Weekly,
228,32,Coat,Male,Clothing,42.4,Las Vegas,M,Brown,Winter,3.6,Yes,Free Shipping,No,No,2,Credit Card,Monthly,
229,49,Curtain,Male,Home,193.88,Seattle,M,White,Fall,5.0,No,Standard,No,Yes,2,PayPal,Quarterly,
230,52,Hoodie,Non-Binary,Clothing,135.49,New York,XL,Navy,Winter,3.3,No,Next Day Air,No,No,1,Debit Card,Bi-Weekly,
231,28,Sunglasses,Male,Accessories,158.47,Dallas,S,Pink,Fall,4.1,No,Free Shipping,Yes,Yes,3,Debit Card,Quarterly,
232,35,Boots,Male,Footwear,93.22,Miami,M,Yellow,Fall,5.0,Yes,Standard,No,No,2,Debit Card,Quarterly,
233,45,Power Bank,Female,Electronics,229.92,Seattle,M,White,Winter,5.0,Yes,Standard,Yes,Yes,4,Bank Transfer,Monthly,
234,40,T-Shirt,Male,Clothing,74.67,Miami,M,Brown,Spring,3.0,Yes,Free Shipping,Yes,Yes,4,Bank Transfer,Monthly,
235,26,Face Cream,Male,Beauty,51.51,Detroit,M,Red,Fall,3.4,No,Express,No,No,2,Credit Card,Bi-Weekly,
236,33,Dress,Male,Clothing,106.97,Chicago,XS,Brown,Summer,4.4,No,Standard,No,No,2,Credit Card,Quarterly,
237,28,Body Lotion,Male,Beauty,103.83,Portland,M,Pink,Spring,3.3,Yes,Next Day Air,No,No,6,Cash,Monthly,
238,61,Boots,Female,Footwear,108.36,Jacksonville,XL,Pink,Summer,3.0,No,2-Day Shipping,No,No,2,Debit Card,Quarterly,
239,19,Boots,Male,Footwear,73.47,Las Vegas,M,Blue,Fall,2.9,Yes,Free Shipping,No,No,8,PayPal,Monthly,
240,36,Phone Case,Female,Electronics,426.67,Jacksonville,S,Navy,Fall,4.1,Yes,Express,No,Yes,6,Digital Wallet,Monthly,
241,51,Wallet,Male,Accessories,155.04,Detroit,S,White,Summer,4.9,No,Express,No,No,3,Digital Wallet,Quarterly,
242,38,Dress,Female,Clothing,118.89,Portland,M,Pink,Fall,3.9,No,Express,Yes,Yes,5,Credit Card,Bi-Weekly,
243,35,Running Shoes,Male,Footwear,39.31,Los Angeles,XL,Pink,Summer,3.1,No,Express,No,No,4,Credit Card,Monthly,
244,27,Dress,Female,Clothing,24.03,Philadelphia,L,Black,Summer,4.6,Yes,2-Day Shipping,No,No,0,Bank Transfer,Annually,
245,26,Jeans,Female,Clothing,27.05,Portland,M,Black,Spring,4.4,No,Standard,No,No,3,PayPal,Quarterly,
246,49,Face Wash,Female,Beauty,9.41,Denver,XL,Purple,Fall,4.2,No,2-Day Shipping,No,No,4,Credit Card,Annually,
247,39,Sneakers,Male,Footwear,81.82,Boston,L,Yellow,Fall,3.0,Yes,Standard,No,No,5,Debit Card,Bi-Weekly,
248,27,Coffee Mug,Male,Home,18.12,New York,XL,Navy,Spring,4.0,No,Express,Yes,Yes,3,Credit Card,Monthly,
249,30,Sandals,Male,Footwear,172.13,Philadelphia,L,Yellow,Spring,3.1,No,Free Shipping,No,No,3,Credit Card,Monthly,
250,29,Bluetooth Speaker,Female,Electronics,97.01,San Antonio,XL,White,Fall,3.2,Yes,Standard,No,Yes,6,Digital Wallet,Weekly,
251,35,Scarf,Male,Accessories,158.6,Atlanta,S,Navy,Summer,3.4,No,Free Shipping,No,No,4,PayPal,Annually,
252,18,Sneakers,Female,Footwear,158.35,Atlanta,M,Brown,Summer,3.4,Yes,Standard,No,No,3,Debit Card,Bi-Weekly,
253,20,Sneakers,Female,Footwear,56.53,Dallas,XL,Red,Summer,3.4,No,2-Day Shipping,Yes,Yes,5,Debit Card,Weekly,
254,70,Sweater,Female,Clothing,158.98,Atlanta,XL,Blue,Winter,3.8,Yes,Standard,No,No,6,Bank Transfer,Bi-Weekly,
255,54,Face Wash,Female,Beauty,71.33,Seattle,M,Blue,Winter,4.3,Yes,Free Shipping,Yes,Yes,6,PayPal,Weekly,
256,18,Perfume,Female,Beauty,135.51,Boston,M,Black,Summer,4.3,No,Standard,No,No,2,Digital Wallet,Weekly,
257,43,Cushion,Female,Home,148.94,Las Vegas,S,Blue,Summer,3.3,No,Standard,No,No,2,Debit Card,Quarterly,
258,43,Loafers,Male,Footwear,60.45,Austin,L,Purple,Winter,3.5,No,Standard,Yes,Yes,3,Debit Card,Monthly,
259,27,Keyboard,Male,Electronics,246.86,Houston,L,Blue,Summer,4.6,Yes,Express,Yes,Yes,5,PayPal,Weekly,
260,42,Coat,Male,Clothing,114.41,Portland,M,Green,Winter,3.3,No,Express,No,No,3,Cash,Bi-Weekly,
261,44,Sneakers,Female,Footwear,166.32,Las Vegas,S,Gray,Spring,3.7,No,Free Shipping,No,No,1,Credit Card,Weekly,
262,66,Boots,Male,Footwear,177.69,Austin,L,Brown,Winter,4.1,No,Express,No,No,1,Digital Wallet,Quarterly,
263,18,Backpack,Female,Accessories,212.56,Austin,XL,Purple,Winter,2.9,Yes,Standard,No,Yes,5,Bank Transfer,Bi-Weekly,
264,18,Face Cream,Female,Beauty,72.7,Seattle,M,Blue,Summer,3.9,No,2-Day Shipping,No,No,2,PayPal,Monthly,
265,26,Table Lamp,Female,Home,193.1,Portland,XL,Gray,Fall,3.8,Yes,Free Shipping,No,Yes,8,Credit Card,Quarterly,
266,26,Belt,Male,Accessories,191.55,San Antonio,S,Pink,Fall,5.0,No,Express,Yes,Yes,1,Credit Card,Monthly,
267,45,Sunglasses,Male,Accessories,86.3,Los Angeles,L,Purple,Spring,3.3,Yes,Standard,No,No,3,Digital Wallet,Quarterly,
268,24,T-Shirt,Female,Clothing,50.5,Las Vegas,S,Yellow,Winter,4.9,No,Standard,No,No,0,Debit Card,Monthly,
269,25,Backpack,Male,Accessories,218.69,San Antonio,L,Black,Winter,2.5,Yes,Standard,No,No,6,Debit Card,Weekly,
270,59,Shorts,Male,Clothing,84.19,Boston,XXL,Blue,Fall,4.4,No,Free Shipping,No,No,0,Credit Card,Quarterly,
271,48,Scarf,Female,Accessories,182.17,Detroit,XS,Green,Spring,3.8,No,Free Shipping,No,No,6,Digital Wallet,Weekly,
272,34,Jeans,Female,Clothing,43.99,San Jose,M,Brown,Spring,2.4,No,Express,No,No,1,Bank Transfer,Weekly,
273,37,Boots,Male,Footwear,126.7,San Diego,M,Blue,Winter,3.3,Yes,Standard,No,No,2,Debit Card,Weekly,
274,26,Wallet,Female,Accessories,138.53,Portland,M,Brown,Spring,3.9,No,2-Day Shipping,No,No,6,Credit Card,Bi-Weekly,
275,44,Lipstick,Female,Beauty,19.73,Seattle,M,Brown,Spring,4.4,Yes,2-Day Shipping,No,No,3,Debit Card,Annually,
276,45,Handbag,Female,Accessories,240.58,Seattle,XS,Brown,Spring,3.9,No,Free Shipping,Yes,Yes,5,Debit Card,Monthly,
277,37,Coat,Male,Clothing,125.22,Chicago,L,Blue,Spring,3.7,Yes,Standard,No,No,2,Debit Card,Monthly,
278,30,Slippers,Male,Footwear,52.99,Houston,S,Yellow,Fall,4.3,Yes,2-Day Shipping,Yes,Yes,6,Cash,Monthly,
279,49,Curtain,Male,Home,114.57,Philadelphia,S,Gray,Spring,3.6,No,Standard,No,No,2,Credit Card,Bi-Weekly,
280,21,Jeans,Female,Clothing,16.12,Los Angeles,S,Yellow,Spring,3.0,No,Express,No,No,4,PayPal,Quarterly,
281,28,Jeans,Female,Clothing,83.87,San Jose,M,Black,Winter,4.3,Yes,Standard,No,No,2,Digital Wallet,Monthly,
282,32,Dress,Female,Clothing,37.99,Denver,XL,Navy,Summer,2.8,No,Express,No,No,3,Credit Card,Monthly,
283,24,Headphones,Male,Electronics,354.42,San Jose,S,Gray,Summer,4.6,Yes,Free Shipping,Yes,Yes,8,PayPal,Weekly,
284,18,Shorts,Female,Clothing,43.74,Detroit,M,White,Winter,4.2,No,Standard,No,No,0,Digital Wallet,Monthly,
285,24,Body Lotion,Female,Beauty,51.19,Portland,M,Pink,Summer,3.7,No,Next Day Air,Yes,Yes,3,Credit Card,Monthly,
286,29,Jeans,Male,Clothing,51.35,Seattle,XS,Pink,Summer,4.0,Yes,Free Shipping,No,No,5,Debit Card,Monthly,
287,52,Slippers,Female,Footwear,136.57,Los Angeles,S,Navy,Fall,3.5,No,Express,No,Yes,6,Debit Card,Bi-Weekly,
288,53,Mouse,Male,Electronics,350.19,Los Angeles,M,Purple,Summer,4.8,No,Next Day Air,No,No,1,Digital Wallet,Monthly,
289,41,Bedsheet,Male,Home,196.4,Miami,L,Red,Fall,2.3,No,Free Shipping,No,No,2,Credit Card,Monthly,
290,36,Hoodie,Male,Clothing,136.58,Detroit,M,White,Spring,4.5,No,Free Shipping,No,Yes,4,Credit Card,Monthly,
291,68,Keyboard,Female,Electronics,100.23,New York,M,Brown,Fall,4.4,Yes,Free Shipping,Yes,Yes,3,Bank Transfer,Weekly,
292,18,Power Bank,Female,Electronics,310.35,Philadelphia,L,Purple,Summer,3.5,Yes,Standard,Yes,Yes,5,Bank Transfer,Weekly,
293,50,Sandals,Female,Footwear,149.89,San Jose,L,Red,Winter,4.2,Yes,2-Day Shipping,No,Yes,4,Credit Card,Monthly,
294,45,Cushion,Male,Home,139.85,Chicago,M,Black,Summer,3.2,No,Free Shipping,No,No,4,Credit Card,Monthly,
295,43,Sunglasses,Male,Accessories,236.97,New York,S,Blue,Summer,2.9,No,Standard,Yes,Yes,2,Debit Card,Bi-Weekly,
296,58,Belt,Female,Accessories,231.7,Las Vegas,XL,Black,Spring,3.5,No,Express,Yes,Yes,5,Digital Wallet,Weekly,
297,61,Dress,Male,Clothing,146.76,Houston,XL,Brown,Spring,3.5,Yes,Free Shipping,No,No,8,Credit Card,Quarterly,
298,54,Power Bank,Male,Electronics,312.64,Miami,One Size,Yellow,Spring,4.4,Yes,2-Day Shipping,No,Yes,5,Credit Card,Monthly,
299,48,Table Lamp,Female,Home,156.3,Dallas,M,Blue,Summer,2.9,No,Standard,No,No,1,Bank Transfer,Monthly,
300,60,Shorts,Female,Clothing,61.44,San Antonio,S,Yellow,Fall,3.9,Yes,Express,Yes,Yes,7,PayPal,Weekly,
301,49,Sneakers,Male,Footwear,197.89,Portland,M,Gray,Summer,4.1,Yes,2-Day Shipping,No,No,2,Credit Card,Weekly,
302,55,Skirt,Male,Clothing,119.3,San Diego,M,Green,Spring,3.4,No,Express,No,No,4,Credit Card,Annually,
303,60,Shorts,Female,Clothing,23.73,San Jose,L,Navy,Spring,4.9,No,2-Day Shipping,Yes,Yes,4,Digital Wallet,Monthly,
304,21,Hoodie,Female,Clothing,152.23,Dallas,S,White,Spring,3.8,No,Express,No,No,3,Credit Card,Annually,
305,40,Slippers,Male,Footwear,30.5,Portland,S,Brown,Summer,4.1,No,2-Day Shipping,Yes,Yes,6,Credit Card,Monthly,
306,37,Wallet,Male,Accessories,174.33,Los Angeles,M,White,Summer,3.5,Yes,2-Day Shipping,Yes,Yes,3,Debit Card,Quarterly,
307,34,Headphones,Non-Binary,Electronics,33.55,Atlanta,XL,Gray,Summer,4.6,Yes,Standard,No,No,4,Credit Card,Monthly,
308,30,Perfume,Female,Beauty,141.6,Phoenix,XXL,Green,Spring,4.2,Yes,Standard,No,No,7,PayPal,Weekly,
309,48,Coat,Female,Clothing,141.25,San Antonio,M,Yellow,Fall,4.2,No,Express,Yes,Yes,4,Credit Card,Annually,
310,45,Headphones,Male,Electronics,76.96,Dallas,S,Pink,Winter,3.9,No,Standard,No,Yes,3,Digital Wallet,Bi-Weekly,
311,43,Headphones,Female,Electronics,294.86,Denver,L,Black,Spring,3.9,Yes,Free Shipping,No,No,4,Bank Transfer,Bi-Weekly,
312,36,Loafers,Male,Footwear,101.87,Chicago,L,White,Winter,2.8,No,Free Shipping,No,No,4,Credit Card,Monthly,
313,42,T-Shirt,Female,Clothing,20.8,Philadelphia,M,Yellow,Fall,3.8,Yes,Next Day Air,No,No,5,Credit Card,Monthly,
314,47,Mouse,Male,Electronics,218.92,Miami,S,Yellow,Fall,2.4,No,Express,No,No,3,Credit Card,Monthly,
315,46,Coat,Female,Clothing,123.72,Atlanta,L,Red,Summer,3.7,No,Standard,Yes,Yes,1,Digital Wallet,Bi-Weekly,
316,28,Slippers,Male,Footwear,196.63,Portland,S,White,Summer,3.5,Yes,Free Shipping,Yes,Yes,6,Credit Card,Annually,
317,66,Belt,Female,Accessories,51.62,Phoenix,M,Gray,Spring,3.6,No,Standard,No,No,4,Bank Transfer,Annually,
318,41,Skirt,Female,Clothing,118.26,Denver,XS,Black,Winter,2.8,Yes,Standard,No,No,4,Credit Card,Monthly,
319,29,Sweater,Male,Clothing,31.66,San Jose,S,Purple,Winter,4.5,Yes,2-Day Shipping,No,Yes,5,PayPal,Weekly,
320,18,Keyboard,Female,Electronics,73.03,San Antonio,S,Green,Summer,3.7,Yes,Free Shipping,Yes,Yes,5,Credit Card,Monthly,
321,38,Jacket,Female,Clothing,41.26,Denver,S,Blue,Fall,2.1,Yes,Standard,No,No,5,Credit Card,Weekly,
322,31,Boots,Male,Footwear,32.26,Philadelphia,S,Gray,Winter,3.0,No,2-Day Shipping,No,No,3,Credit Card,Monthly,
323,21,T-Shirt,Female,Clothing,152.86,Atlanta,M,Brown,Summer,4.8,No,Express,No,No,5,Credit Card,Bi-Weekly,
324,24,Coffee Mug,Male,Home,198.6,Denver,M,Yellow,Spring,3.7,No,Standard,Yes,Yes,3,PayPal,Quarterly,
325,20,Perfume,Female,Beauty,134.19,Las Vegas,M,Black,Winter,2.8,No,Standard,No,No,2,Cash,Monthly,
326,29,Curtain,Male,Home,139.69,Houston,XL,Gray,Fall,3.6,No,Standard,Yes,Yes,3,Debit Card,Bi-Weekly,
327,54,Slippers,Female,Footwear,78.36,San Jose,M,Purple,Winter,4.8,No,Standard,No,No,0,PayPal,Monthly,
328,25,Pillow,Female,Home,99.26,Seattle,L,Green,Winter,3.3,No,2-Day Shipping,No,No,3,Digital Wallet,Monthly,
329,44,Cushion,Female,Home,129.42,Miami,M,Navy,Winter,3.1,No,Free Shipping,No,No,2,Digital Wallet,Quarterly,
330,47,Watch,Male,Accessories,58.84,Jacksonville,S,Brown,Fall,3.7,No,Standard,Yes,Yes,3,Debit Card,Annually,
331,18,Keyboard,Female,Electronics,445.0,Detroit,L,Navy,Summer,2.9,No,Next Day Air,Yes,Yes,2,Credit Card,Annually,
332,38,Sunglasses,Female,Accessories,100.88,New York,S,Yellow,Winter,4.6,No,2-Day Shipping,No,No,3,PayPal,Bi-Weekly,
333,18,Coat,Female,Clothing,134.0,Boston,XL,Green,Spring,3.3,Yes,Next Day Air,No,No,10,PayPal,Bi-Weekly,
334,38,Handbag,Male,Accessories,96.35,Atlanta,XXL,Green,Winter,3.0,Yes,Free Shipping,No,Yes,4,Credit Card,Weekly,
335,34,Face Wash,Male,Beauty,94.29,New York,XL,Pink,Fall,3.7,No,2-Day Shipping,No,Yes,3,Credit Card,Monthly,
336,19,Mouse,Female,Electronics,250.95,Austin,XL,Purple,Fall,3.8,No,2-Day Shipping,No,No,5,Credit Card,Bi-Weekly,
337,29,Watch,Female,Accessories,203.19,Austin,M,Green,Winter,3.8,No,Express,Yes,Yes,1,Credit Card,Monthly,
338,25,T-Shirt,Male,Clothing,23.73,Seattle,L,Pink,Spring,3.1,No,Standard,No,No,2,Cash,Bi-Weekly,
339,41,T-Shirt,Male,Clothing,27.85,New York,M,Navy,Spring,5.0,No,Express,No,No,5,Debit Card,Monthly,
340,18,Face Wash,Male,Beauty,63.43,Philadelphia,XL,Navy,Fall,3.5,No,Express,Yes,Yes,5,Credit Card,Monthly,
341,42,Hoodie,Male,Clothing,102.52,Denver,S,Yellow,Fall,4.2,No,Next Day Air,No,No,2,Bank Transfer,Quarterly,
342,53,Makeup Kit,Male,Beauty,102.54,Philadelphia,XL,Navy,Fall,3.2,No,Next Day Air,No,No,2,Bank Transfer,Monthly,
343,48,Pillow,Male,Home,26.87,San Jose,L,Black,Summer,3.1,No,Standard,Yes,Yes,1,Debit Card,Monthly,
344,51,Body Lotion,Male,Beauty,115.46,Los Angeles,M,Black,Spring,3.4,Yes,2-Day Shipping,No,Yes,4,PayPal,Bi-Weekly,
345,72,Dress,Male,Clothing,27.0,Detroit,S,Yellow,Summer,5.0,No,Free Shipping,Yes,Yes,6,Bank Transfer,Bi-Weekly,
346,42,Skirt,Male,Clothing,70.97,Miami,M,Black,Fall,4.1,No,Free Shipping,No,No,1,Credit Card,Bi-Weekly,
347,60,T-Shirt,Male,Clothing,156.53,Seattle,XL,White,Spring,2.7,No,Standard,Yes,Yes,0,Cash,Monthly,
348,51,Coffee Mug,Female,Home,92.44,Philadelphia,L,Brown,Winter,4.0,No,2-Day Shipping,No,No,2,Credit Card,Bi-Weekly,
349,39,Jeans,Female,Clothing,145.82,Miami,L,Yellow,Summer,3.3,No,Free Shipping,No,No,2,Credit Card,Quarterly,
350,25,Scarf,Male,Accessories,85.82,Miami,S,Black,Spring,4.0,No,Express,No,No,5,Debit Card,Bi-Weekly,
351,40,Loafers,Female,Footwear,109.48,Phoenix,XS,Red,Summer,3.1,No,Next Day Air,No,No,3,Debit Card,Weekly,
352,39,Face Cream,Female,Beauty,146.48,Seattle,M,Gray,Summer,4.3,No,Express,Yes,Yes,2,Digital Wallet,Quarterly,
353,54,Coffee Mug,Male,Home,122.36,San Antonio,XL,Blue,Spring,2.7,No,2-Day Shipping,No,No,3,Debit Card,Monthly,
354,38,Curtain,Female,Home,130.44,Chicago,M,Green,Winter,3.1,Yes,Free Shipping,No,No,3,Digital Wallet,Bi-Weekly,
355,48,Hoodie,Male,Clothing,141.85,Portland,XL,White,Spring,3.5,Yes,Express,No,No,6,Digital Wallet,Monthly,
356,20,Dress,Male,Clothing,58.31,Jacksonville,L,Navy,Spring,3.5,Yes,Standard,Yes,Yes,6,Debit Card,Bi-Weekly,
357,62,Hoodie,Male,Clothing,122.92,Seattle,L,Black,Summer,4.3,No,Free Shipping,Yes,Yes,1,Debit Card,Weekly,
358,34,Keyboard,Female,Electronics,83.22,Atlanta,L,Navy,Spring,3.9,No,2-Day Shipping,No,No,2,Cash,Monthly,
359,18,Scarf,Female,Accessories,111.24,Jacksonville,M,Brown,Winter,4.4,No,Free Shipping,No,No,1,Cash,Weekly,
360,39,Face Cream,Female,Beauty,75.11,Portland,XL,Black,Fall,2.8,No,2-Day Shipping,Yes,Yes,5,Debit Card,Weekly,
361,32,Makeup Kit,Male,Beauty,105.98,Miami,M,Navy,Fall,3.9,Yes,Free Shipping,Yes,Yes,4,Cash,Bi-Weekly,
362,35,Dress,Female,Clothing,145.79,Jacksonville,XL,White,Summer,4.1,No,Free Shipping,No,Yes,3,PayPal,Monthly,
363,58,Perfume,Female,Beauty,79.82,Miami,L,Black,Summer,2.1,Yes,Standard,No,Yes,6,Debit Card,Monthly,
364,62,Shorts,Female,Clothing,70.74,New York,XS,Black,Spring,4.0,Yes,2-Day Shipping,Yes,Yes,2,Credit Card,Weekly,
365,35,Loafers,Male,Footwear,119.42,Atlanta,XS,Purple,Fall,3.8,No,2-Day Shipping,Yes,Yes,3,Cash,Bi-Weekly,
366,48,Hoodie,Female,Clothing,16.51,Phoenix,XL,White,Fall,3.4,Yes,2-Day Shipping,No,No,2,Debit Card,Monthly,
367,38,Perfume,Female,Beauty,9.53,Portland,XL,Pink,Summer,2.8,No,Standard,Yes,Yes,4,Debit Card,Quarterly,
368,61,Running Shoes,Male,Footwear,203.96,Seattle,S,Red,Fall,3.5,Yes,Free Shipping,No,No,4,Digital Wallet,Quarterly,
369,34,Slippers,Female,Footwear,167.53,Las Vegas,S,Gray,Summer,4.2,Yes,Next Day Air,No,Yes,7,Debit Card,Quarterly,
370,38,Loafers,Male,Footwear,86.39,Portland,M,Pink,Fall,2.7,No,2-Day Shipping,No,No,1,Credit Card,Monthly,
371,24,Pillow,Female,Home,149.52,Miami,S,Yellow,Summer,3.9,No,2-Day Shipping,No,Yes,4,Digital Wallet,Monthly,
372,34,Shorts,Male,Clothing,165.52,Houston,M,Gray,Summer,3.9,No,2-Day Shipping,Yes,Yes,1,Digital Wallet,Quarterly,
373,28,Coat,Female,Clothing,116.17,Boston,S,Gray,Winter,3.9,No,Standard,No,No,3,Cash,Monthly,
374,43,Belt,Male,Accessories,245.71,Detroit,M,Purple,Spring,3.6,No,Standard,No,No,3,Credit Card,Quarterly,
375,40,Headphones,Male,Electronics,280.59,Boston,M,Green,Winter,3.4,No,Free Shipping,Yes,Yes,2,Debit Card,Monthly,
376,23,Jeans,Non-Binary,Clothing,120.5,Miami,M,Red,Summer,3.8,Yes,2-Day Shipping,No,No,5,PayPal,Weekly,
377,26,Shampoo,Male,Beauty,83.56,Dallas,S,Blue,Spring,4.0,No,Standard,No,Yes,1,PayPal,Quarterly,
378,38,Sneakers,Female,Footwear,124.95,Atlanta,XL,Yellow,Fall,2.9,Yes,Standard,No,No,4,Bank Transfer,Monthly,
379,42,Sunglasses,Male,Accessories,56.69,San Jose,M,Black,Fall,4.3,No,Express,Yes,Yes,2,Debit Card,Quarterly,
380,32,Phone Case,Male,Electronics,205.32,Denver,M,Green,Fall,3.0,Yes,Free Shipping,No,No,4,Credit Card,Monthly,
381,34,Headphones,Male,Electronics,48.21,Jacksonville,M,Blue,Spring,4.0,No,Express,No,No,4,Debit Card,Monthly,
382,47,Skirt,Male,Clothing,88.24,New York,XL,Green,Fall,4.1,Yes,Express,No,Yes,6,Bank Transfer,Weekly,
383,29,Belt,Male,Accessories,118.17,Austin,XL,Pink,Winter,3.1,No,Express,No,No,4,Cash,Quarterly,
384,42,Bedsheet,Male,Home,82.87,Seattle,XL,Gray,Summer,4.6,No,Express,No,No,2,Debit Card,Quarterly,
385,35,T-Shirt,Male,Clothing,87.51,Portland,S,Green,Fall,3.8,No,Standard,No,No,4,PayPal,Monthly,
386,51,Sandals,Female,Footwear,187.41,Detroit,M,Black,Summer,3.8,Yes,Free Shipping,Yes,Yes,8,Bank Transfer,Weekly,
387,29,Smartwatch,Female,Electronics,172.58,San Antonio,S,Gray,Summer,4.6,No,Standard,No,No,2,PayPal,Bi-Weekly,
388,31,Shampoo,Female,Beauty,148.47,Denver,L,Pink,Spring,4.4,Yes,Express,Yes,Yes,9,PayPal,Weekly,
389,28,Perfume,Male,Beauty,124.53,Miami,L,Black,Winter,2.6,Yes,Free Shipping,Yes,Yes,3,Cash,Bi-Weekly,
390,54,Bluetooth Speaker,Female,Electronics,310.31,Phoenix,M,Blue,Summer,3.2,Yes,Standard,No,No,5,Credit Card,Annually,
391,29,Makeup Kit,Female,Beauty,34.68,Detroit,L,Black,Spring,4.6,No,Express,Yes,Yes,2,Credit Card,Annually,
392,37,Backpack,Female,Accessories,185.08,Denver,XXL,Blue,Fall,4.1,Yes,Standard,No,No,2,PayPal,Monthly,
393,39,Bedsheet,Female,Home,93.28,New York,L,Red,Spring,3.0,Yes,Standard,Yes,Yes,5,Bank Transfer,Weekly,
394,34,Skirt,Female,Clothing,153.9,San Diego,M,Gray,Winter,5.0,Yes,Standard,Yes,Yes,4,Debit Card,Quarterly,
395,56,Shorts,Female,Clothing,168.37,Austin,XL,Brown,Fall,4.2,Yes,Standard,No,No,6,Digital Wallet,Monthly,
396,58,T-Shirt,Male,Clothing,31.5,Seattle,M,Yellow,Summer,3.2,Yes,Standard,No,No,2,Credit Card,Monthly,
397,41,Storage Box,Female,Home,117.74,Philadelphia,M,Purple,Fall,3.8,No,Express,Yes,Yes,4,Debit Card,Annually,
398,44,Smartwatch,Male,Electronics,366.52,Jacksonville,L,Brown,Fall,5.0,No,2-Day Shipping,No,No,0,Credit Card,Weekly,
399,19,Jeans,Female,Clothing,162.15,New York,M,Green,Summer,3.5,Yes,Express,No,Yes,6,Cash,Monthly,
400,47,Power Bank,Female,Electronics,242.83,Seattle,XS,Black,Fall,3.2,No,Express,Yes,Yes,1,Debit Card,Annually,
401,20,Bluetooth Speaker,Male,Electronics,107.47,Portland,M,Blue,Summer,4.0,Yes,2-Day Shipping,No,No,5,Credit Card,Bi-Weekly,
402,36,Sandals,Male,Footwear,146.75,Detroit,M,Red,Summer,3.1,No,Express,Yes,Yes,7,Debit Card,Bi-Weekly,
403,64,Heels,Female,Footwear,105.17,San Antonio,L,Gray,Fall,3.1,Yes,Standard,No,Yes,4,Cash,Annually,
404,18,Coat,Male,Clothing,160.51,Houston,M,Pink,Summer,3.7,Yes,Standard,Yes,Yes,2,Debit Card,Monthly,
405,65,Sandals,Female,Footwear,100.78,San Antonio,L,Brown,Winter,5.0,Yes,Free Shipping,No,Yes,9,PayPal,Weekly,
406,44,Shorts,Female,Clothing,140.23,Boston,XS,Black,Spring,3.6,No,Free Shipping,Yes,Yes,3,Bank Transfer,Quarterly,
407,47,Jacket,Male,Clothing,32.83,Houston,L,Gray,Fall,3.0,No,Standard,No,Yes,3,Credit Card,Quarterly,
408,31,Watch,Female,Accessories,223.32,Philadelphia,XL,White,Fall,3.5,Yes,Standard,No,No,7,Cash,Weekly,
409,34,Body Lotion,Male,Beauty,45.1,Phoenix,XXL,Blue,Spring,4.0,No,Free Shipping,No,Yes,0,Digital Wallet,Quarterly,
410,23,Smartwatch,Female,Electronics,136.32,Dallas,L,Green,Winter,3.8,No,Standard,No,No,3,Cash,Quarterly,
411,51,Wallet,Female,Accessories,119.28,Miami,XL,White,Winter,5.0,No,Free Shipping,Yes,Yes,2,Debit Card,Annually,
412,33,Shampoo,Female,Beauty,39.42,San Diego,XL,Navy,Winter,3.9,No,Express,No,No,6,Bank Transfer,Bi-Weekly,
413,19,Body Lotion,Female,Beauty,22.05,San Diego,L,Yellow,Spring,4.9,Yes,Free Shipping,No,No,5,Credit Card,Weekly,
414,42,Bluetooth Speaker,Female,Electronics,190.98,Atlanta,S,Pink,Summer,3.3,Yes,Express,Yes,Yes,6,Debit Card,Weekly,
415,42,Coat,Male,Clothing,56.24,Miami,M,Pink,Fall,3.3,No,Standard,No,No,2,Cash,Monthly,
416,32,Sandals,Male,Footwear,139.24,Jacksonville,M,Gray,Fall,4.2,No,Free Shipping,No,No,1,Bank Transfer,Monthly,
417,43,Running Shoes,Male,Footwear,147.2,Dallas,M,Yellow,Spring,4.8,No,Standard,Yes,Yes,1,Bank Transfer,Monthly,
418,37,Coat,Male,Clothing,158.11,San Jose,M,Blue,Summer,3.7,Yes,Free Shipping,No,No,4,Debit Card,Annually,
419,43,Skirt,Male,Clothing,143.91,Las Vegas,S,Black,Spring,3.7,Yes,Standard,Yes,Yes,5,Cash,Quarterly,
420,56,Shorts,Male,Clothing,120.29,San Jose,M,Black,Winter,4.7,Yes,Standard,Yes,Yes,2,Credit Card,Weekly,
421,18,Loafers,Female,Footwear,48.45,Denver,M,Black,Fall,4.1,Yes,Standard,Yes,Yes,5,Debit Card,Quarterly,
422,50,Coffee Mug,Female,Home,180.64,Boston,M,Blue,Spring,3.7,No,Standard,Yes,Yes,4,Credit Card,Quarterly,
423,27,Scarf,Female,Accessories,85.19,Portland,XS,White,Summer,3.6,No,2-Day Shipping,Yes,Yes,1,Credit Card,Monthly,
424,52,Phone Case,Male,Electronics,112.94,San Diego,S,Pink,Spring,4.5,No,Express,No,No,2,Digital Wallet,Quarterly,
425,25,Sandals,Female,Footwear,29.29,Dallas,L,Purple,Fall,3.3,No,Standard,Yes,Yes,4,PayPal,Bi-Weekly,
426,23,Dress,Male,Clothing,69.35,Portland,L,Gray,Spring,4.1,No,Express,No,No,0,Digital Wallet,Weekly,
427,53,Storage Box,Female,Home,15.38,Las Vegas,M,Purple,Fall,3.9,No,Standard,No,No,2,Debit Card,Monthly,
428,19,Lipstick,Male,Beauty,32.41,San Diego,M,Yellow,Spring,5.0,Yes,Free Shipping,Yes,Yes,4,PayPal,Quarterly,
429,34,Boots,Female,Footwear,90.39,Philadelphia,XS,Pink,Summer,4.8,No,2-Day Shipping,No,Yes,1,Credit Card,Weekly,
430,50,Perfume,Male,Beauty,36.02,Philadelphia,L,Red,Summer,4.1,Yes,Standard,Yes,Yes,2,Credit Card,Quarterly,
431,40,Boots,Female,Footwear,55.48,Portland,M,Gray,Fall,3.9,No,Free Shipping,No,No,2,Debit Card,Monthly,
432,60,Dress,Female,Clothing,172.78,Miami,XXL,Green,Summer,4.3,No,Standard,No,No,1,Debit Card,Monthly,
433,39,Sandals,Female,Footwear,190.9,Chicago,M,Purple,Winter,4.3,No,Standard,Yes,Yes,0,Digital Wallet,Monthly,
434,33,Power Bank,Male,Electronics,223.46,San Diego,M,Gray,Winter,4.3,No,Standard,No,No,3,Cash,Quarterly,
435,34,Scarf,Male,Accessories,27.24,Portland,L,Gray,Spring,2.6,No,Standard,Yes,Yes,3,Credit Card,Annually,
436,31,Coat,Female,Clothing,47.64,New York,XS,Red,Spring,5.0,No,Free Shipping,Yes,Yes,6,Digital Wallet,Bi-Weekly,
437,41,Handbag,Female,Accessories,166.88,Detroit,L,Black,Winter,4.2,No,Standard,Yes,Yes,5,Credit Card,Monthly,
438,26,T-Shirt,Male,Clothing,67.16,Atlanta,S,White,Fall,2.9,No,Standard,Yes,Yes,2,PayPal,Quarterly,
439,49,Coat,Male,Clothing,94.76,San Diego,XXL,Green,Fall,4.6,Yes,Free Shipping,Yes,Yes,4,PayPal,Monthly,
440,55,Jacket,Female,Clothing,172.72,Jacksonville,XXL,Navy,Summer,4.0,No,Next Day Air,No,No,3,Digital Wallet,Quarterly,
441,38,Shorts,Male,Clothing,151.66,Philadelphia,L,White,Winter,3.9,Yes,Standard,No,No,8,Digital Wallet,Bi-Weekly,
442,31,Headphones,Male,Electronics,65.54,New York,M,Yellow,Spring,3.7,Yes,Standard,No,Yes,6,Digital Wallet,Monthly,
443,26,Face Cream,Female,Beauty,132.87,Las Vegas,M,Gray,Summer,5.0,No,Express,No,Yes,2,PayPal,Monthly,
444,52,Sunglasses,Male,Accessories,92.91,Atlanta,M,Green,Winter,3.8,Yes,Free Shipping,No,No,10,PayPal,Bi-Weekly,
445,41,Dress,Male,Clothing,173.52,Las Vegas,M,Purple,Fall,3.4,No,Standard,Yes,Yes,5,Digital Wallet,Annually,
446,27,Shampoo,Male,Beauty,39.39,Austin,S,Black,Summer,4.2,No,2-Day Shipping,No,Yes,3,Digital Wallet,Monthly,
447,28,Shorts,Female,Clothing,46.03,Jacksonville,XL,Blue,Spring,5.0,No,Free Shipping,No,No,0,Digital Wallet,Monthly,
448,24,Boots,Male,Footwear,193.39,Houston,M,Green,Summer,3.2,No,Standard,Yes,Yes,6,Digital Wallet,Weekly,
449,31,Headphones,Female,Electronics,306.26,Chicago,M,White,Spring,2.8,Yes,Express,No,No,6,Debit Card,Weekly,
450,50,Dress,Male,Clothing,168.71,Detroit,S,Yellow,Spring,5.0,No,Express,No,No,4,Bank Transfer,Quarterly,
451,33,Sweater,Male,Clothing,154.66,Detroit,M,Green,Spring,4.0,No,Next Day Air,Yes,Yes,3,Debit Card,Monthly,
452,18,Sweater,Male,Clothing,33.74,Las Vegas,M,Yellow,Winter,2.2,Yes,Express,No,No,3,Credit Card,Monthly,
453,40,Sweater,Female,Clothing,101.12,Boston,M,Blue,Fall,2.9,Yes,Standard,No,No,1,Credit Card,Quarterly,
454,33,Hoodie,Female,Clothing,153.92,Seattle,L,Green,Spring,4.3,No,Free Shipping,Yes,Yes,1,Debit Card,Quarterly,
455,21,Jeans,Female,Clothing,18.14,Dallas,XL,Gray,Fall,3.1,No,Express,No,No,1,Credit Card,Annually,
456,60,Boots,Male,Footwear,184.33,Phoenix,XL,Purple,Fall,2.8,No,Standard,No,Yes,4,Cash,Annually,
457,42,T-Shirt,Female,Clothing,168.98,Houston,M,Navy,Fall,3.4,No,Express,No,No,1,Debit Card,Weekly,
458,32,Heels,Female,Footwear,208.74,San Diego,S,Yellow,Summer,4.4,No,Free Shipping,Yes,Yes,2,Digital Wallet,Monthly,
459,21,Face Wash,Male,Beauty,76.57,Atlanta,XS,Yellow,Spring,3.6,No,Next Day Air,No,No,2,Credit Card,Quarterly,
460,21,Smartwatch,Male,Electronics,296.73,Los Angeles,M,Green,Spring,3.4,Yes,Standard,No,No,9,Bank Transfer,Monthly,
461,51,Scarf,Female,Accessories,198.39,Jacksonville,M,Yellow,Spring,2.8,Yes,Standard,No,No,8,Credit Card,Bi-Weekly,
462,21,Hat,Female,Accessories,119.35,Seattle,XXL,Red,Summer,4.7,No,Standard,No,No,6,Digital Wallet,Monthly,
463,47,Hat,Female,Accessories,82.28,Philadelphia,L,Blue,Fall,3.0,No,Standard,No,No,2,Credit Card,Weekly,
464,50,Wallet,Male,Accessories,134.23,San Diego,M,White,Summer,4.3,Yes,Free Shipping,No,Yes,8,Credit Card,Quarterly,
465,59,Sandals,Female,Footwear,210.86,Portland,XL,Pink,Summer,3.1,No,Free Shipping,No,No,0,Digital Wallet,Monthly,
466,46,Makeup Kit,Female,Beauty,63.77,Phoenix,S,Blue,Winter,2.5,No,2-Day Shipping,No,No,1,Bank Transfer,Bi-Weekly,
467,44,T-Shirt,Female,Clothing,48.74,San Jose,L,Green,Spring,4.4,Yes,Express,No,No,5,Credit Card,Monthly,
468,48,Running Shoes,Female,Footwear,137.4,Seattle,M,White,Spring,3.7,No,Next Day Air,Yes,Yes,2,Credit Card,Bi-Weekly,
469,30,Hat,Male,Accessories,154.67,Atlanta,M,Pink,Summer,4.3,No,Free Shipping,No,No,6,Digital Wallet,Monthly,
470,48,Smartwatch,Female,Electronics,361.12,Phoenix,M,White,Fall,3.2,Yes,Express,No,No,2,PayPal,Quarterly,
471,35,Loafers,Male,Footwear,85.53,Atlanta,XXL,Purple,Spring,5.0,No,2-Day Shipping,Yes,Yes,2,Debit Card,Bi-Weekly,
472,18,Sweater,Male,Clothing,20.0,Atlanta,L,Brown,Summer,4.2,No,Standard,No,No,3,Credit Card,Weekly,
473,36,Perfume,Female,Beauty,126.89,Jacksonville,M,Purple,Spring,4.8,Yes,Free Shipping,No,No,7,Bank Transfer,Monthly,
474,53,Heels,Male,Footwear,190.08,San Jose,L,Gray,Summer,5.0,Yes,2-Day Shipping,Yes,Yes,9,Debit Card,Weekly,
475,20,Running Shoes,Male,Footwear,160.62,Boston,M,Blue,Summer,4.7,No,Standard,No,No,3,PayPal,Monthly,
476,30,Shorts,Female,Clothing,142.42,Miami,M,Green,Winter,3.4,No,Free Shipping,Yes,Yes,5,Bank Transfer,Bi-Weekly,
477,22,Hoodie,Female,Clothing,162.39,Phoenix,XL,Yellow,Fall,3.1,No,Express,No,No,8,Cash,Monthly,
478,37,Loafers,Female,Footwear,60.0,Austin,L,Black,Winter,2.5,No,Free Shipping,No,No,2,Digital Wallet,Quarterly,
479,53,Pillow,Male,Home,197.95,Phoenix,S,Green,Summer,4.4,No,2-Day Shipping,Yes,Yes,4,PayPal,Monthly,
480,33,Backpack,Female,Accessories,123.31,Dallas,XL,Yellow,Winter,2.4,Yes,Standard,Yes,Yes,6,Cash,Monthly,
481,28,Sunglasses,Male,Accessories,56.56,Austin,L,Navy,Summer,4.3,Yes,Standard,No,No,5,Credit Card,Quarterly,
482,47,Lipstick,Male,Beauty,102.4,Las Vegas,L,Navy,Fall,4.9,Yes,Standard,Yes,Yes,5,PayPal,Monthly,
483,18,Heels,Male,Footwear,82.93,Los Angeles,M,Yellow,Summer,4.2,Yes,2-Day Shipping,No,Yes,2,Cash,Monthly,
484,47,Backpack,Female,Accessories,246.21,Phoenix,L,Yellow,Summer,3.8,Yes,2-Day Shipping,No,No,4,Credit Card,Quarterly,
485,28,Shorts,Male,Clothing,175.41,San Jose,M,Green,Fall,4.2,Yes,Standard,No,No,4,Credit Card,Monthly,
486,23,T-Shirt,Female,Clothing,88.69,Philadelphia,L,Green,Winter,4.8,No,Standard,Yes,Yes,4,Credit Card,Quarterly,
487,29,Phone Case,Male,Electronics,145.23,Detroit,XS,Green,Spring,3.7,No,Standard,No,No,1,Debit Card,Bi-Weekly,
488,43,Running Shoes,Female,Footwear,39.45,Austin,M,White,Fall,3.0,No,Free Shipping,No,Yes,5,Credit Card,Weekly,
489,31,Handbag,Male,Accessories,137.06,Detroit,M,Blue,Fall,4.2,Yes,2-Day Shipping,Yes,Yes,6,Credit Card,Annually,
490,20,Makeup Kit,Female,Beauty,18.13,Jacksonville,XXL,Black,Fall,2.3,Yes,Express,Yes,Yes,3,Debit Card,Monthly,
491,22,T-Shirt,Female,Clothing,32.64,New York,M,Red,Winter,3.0,No,Express,No,No,2,Debit Card,Monthly,
492,18,T-Shirt,Female,Clothing,23.47,Seattle,XL,Yellow,Winter,3.7,Yes,Free Shipping,Yes,Yes,3,Credit Card,Monthly,
493,33,Face Cream,Male,Beauty,71.32,Los Angeles,M,Brown,Spring,2.9,Yes,2-Day Shipping,No,No,3,PayPal,Bi-Weekly,
494,30,Loafers,Female,Footwear,201.16,Chicago,L,Yellow,Spring,3.5,Yes,Free Shipping,No,No,5,Debit Card,Bi-Weekly,
495,36,Mouse,Male,Electronics,146.79,Chicago,M,Pink,Spring,3.4,No,Express,Yes,Yes,6,Credit Card,Weekly,
496,30,Sweater,Male,Clothing,167.1,Las Vegas,M,Blue,Spring,3.1,Yes,Express,No,No,6,PayPal,Weekly,
497,26,Shorts,Male,Clothing,93.62,Chicago,M,White,Summer,5.0,Yes,Standard,No,Yes,4,Debit Card,Monthly,
498,56,Phone Case,Male,Electronics,192.36,Portland,M,Green,Fall,2.2,Yes,Express,Yes,Yes,9,Credit Card,Monthly,
499,28,Body Lotion,Female,Beauty,81.65,Austin,L,Green,Summer,3.4,No,Standard,Yes,Yes,2,Debit Card,Monthly,
500,57,Wallet,Female,Accessories,163.08,Chicago,L,Blue,Winter,3.4,Yes,Standard,Yes,Yes,6,Credit Card,Quarterly,
501,44,Mouse,Male,Electronics,427.42,Portland,M,Pink,Winter,3.9,No,Express,Yes,Yes,5,Bank Transfer,Weekly,
502,57,Running Shoes,Male,Footwear,109.17,Seattle,M,Red,Summer,2.7,Yes,Next Day Air,Yes,Yes,3,PayPal,Weekly,
503,27,Shampoo,Male,Beauty,74.23,San Jose,XL,Pink,Winter,3.5,Yes,Free Shipping,No,No,2,Credit Card,Monthly,
504,38,Sunglasses,Male,Accessories,190.31,Houston,XS,Black,Winter,3.5,No,Standard,Yes,Yes,6,Digital Wallet,Quarterly,
505,47,Face Cream,Female,Beauty,66.04,Jacksonville,L,Yellow,Spring,3.1,No,Standard,No,No,2,Digital Wallet,Weekly,
506,39,Sweater,Male,Clothing,75.47,Las Vegas,L,Yellow,Summer,3.2,No,Next Day Air,No,No,3,Credit Card,Monthly,
507,37,Face Cream,Male,Beauty,89.59,Jacksonville,S,White,Fall,2.5,No,Free Shipping,No,No,3,Credit Card,Bi-Weekly,
508,49,Headphones,Male,Electronics,114.7,Miami,S,Blue,Summer,4.5,No,Express,No,No,6,Credit Card,Monthly,
509,46,Jeans,Male,Clothing,65.26,Houston,XL,Black,Fall,3.7,No,Free Shipping,Yes,Yes,3,Bank Transfer,Quarterly,
510,30,Mouse,Female,Electronics,374.31,Los Angeles,M,White,Spring,3.6,No,Express,Yes,Yes,2,Credit Card,Bi-Weekly,
511,62,Skirt,Male,Clothing,72.66,Seattle,L,White,Spring,3.9,No,Express,No,No,3,PayPal,Monthly,
512,25,Makeup Kit,Female,Beauty,16.58,Boston,M,Pink,Spring,2.9,No,2-Day Shipping,Yes,Yes,6,PayPal,Quarterly,
513,45,Bedsheet,Female,Home,172.95,Denver,XS,Black,Fall,3.9,No,Free Shipping,No,No,2,Debit Card,Bi-Weekly,
514,47,Keyboard,Female,Electronics,163.04,San Diego,XL,Gray,Fall,4.4,No,Standard,Yes,Yes,0,Credit Card,Monthly,
515,29,Curtain,Female,Home,48.43,Denver,M,Blue,Fall,4.2,Yes,Free Shipping,No,No,9,Debit Card,Bi-Weekly,
516,35,Sandals,Female,Footwear,118.04,Seattle,M,Red,Spring,4.8,No,Standard,No,No,2,Credit Card,Monthly,
517,43,Pillow,Female,Home,130.76,Boston,L,Yellow,Summer,4.0,Yes,Free Shipping,No,No,2,PayPal,Annually,
518,38,Skirt,Male,Clothing,66.56,Detroit,S,Red,Fall,3.7,Yes,Express,No,No,5,Debit Card,Monthly,
519,18,Dress,Male,Clothing,62.0,Austin,S,Gray,Summer,3.9,Yes,Free Shipping,No,No,4,Cash,Annually,
520,41,Bedsheet,Female,Home,93.62,Detroit,L,White,Fall,4.6,Yes,2-Day Shipping,No,No,4,Debit Card,Annually,
521,39,Sweater,Female,Clothing,61.24,Detroit,M,White,Winter,3.9,Yes,2-Day Shipping,No,No,6,Credit Card,Bi-Weekly,
522,36,Hoodie,Male,Clothing,85.03,San Antonio,M,Blue,Fall,4.6,No,Standard,No,No,3,Digital Wallet,Monthly,
523,37,Hat,Male,Accessories,134.8,Miami,S,Brown,Winter,3.9,No,Standard,Yes,Yes,5,Digital Wallet,Monthly,
524,31,Scarf,Male,Accessories,214.29,Seattle,XL,Green,Spring,4.1,No,Standard,No,No,4,Credit Card,Monthly,
525,62,Sandals,Female,Footwear,124.96,Dallas,S,Green,Fall,3.6,Yes,Standard,No,No,7,Credit Card,Monthly,
526,25,Sandals,Male,Footwear,154.92,Phoenix,M,Purple,Winter,4.4,Yes,Standard,No,No,4,Digital Wallet,Annually,
527,18,Coffee Mug,Male,Home,104.39,Jacksonville,M,Green,Fall,3.1,Yes,Free Shipping,No,Yes,11,Digital Wallet,Weekly,
528,40,Skirt,Male,Clothing,61.08,Jacksonville,XXL,Brown,Spring,4.9,Yes,Standard,Yes,Yes,1,Cash,Weekly,
529,41,T-Shirt,Female,Clothing,46.48,Boston,M,White,Summer,5.0,No,Standard,Yes,Yes,1,Debit Card,Bi-Weekly,
530,19,Coat,Male,Clothing,56.26,San Diego,M,White,Winter,4.7,Yes,Express,Yes,Yes,4,PayPal,Annually,
531,58,Shampoo,Male,Beauty,53.06,San Jose,L,Red,Summer,4.3,No,Express,No,No,3,Debit Card,Quarterly,
532,34,Scarf,Non-Binary,Accessories,121.55,Jacksonville,XL,Green,Fall,4.0,No,2-Day Shipping,No,Yes,5,Credit Card,Quarterly,
533,63,Dress,Female,Clothing,98.38,Portland,M,Yellow,Fall,4.2,No,Standard,No,No,1,Digital Wallet,Bi-Weekly,
534,25,Body Lotion,Female,Beauty,18.28,Philadelphia,M,Navy,Fall,4.1,Yes,Free Shipping,Yes,Yes,5,Credit Card,Monthly,
535,33,Bedsheet,Male,Home,137.37,Philadelphia,XXL,Gray,Summer,4.6,No,2-Day Shipping,No,No,2,PayPal,Quarterly,
536,28,Sneakers,Female,Footwear,25.2,Seattle,M,Green,Spring,5.0,No,Free Shipping,Yes,Yes,3,Credit Card,Bi-Weekly,
537,38,Bedsheet,Female,Home,29.62,Phoenix,XS,Navy,Winter,3.5,Yes,Standard,No,No,8,Debit Card,Monthly,
538,20,Jacket,Male,Clothing,114.02,Dallas,M,Brown,Summer,4.6,No,Free Shipping,Yes,Yes,5,Credit Card,Weekly,
539,60,T-Shirt,Male,Clothing,68.95,Jacksonville,L,Green,Summer,3.9,No,Next Day Air,No,No,7,PayPal,Bi-Weekly,
540,47,Hoodie,Female,Clothing,85.59,Seattle,M,Red,Fall,4.4,Yes,2-Day Shipping,Yes,Yes,7,Debit Card,Quarterly,
541,59,Boots,Female,Footwear,163.46,Detroit,XL,Yellow,Winter,5.0,Yes,Express,No,No,1,Digital Wallet,Annually,
542,28,Jacket,Male,Clothing,164.48,Seattle,M,Black,Spring,2.9,No,Express,No,No,2,PayPal,Annually,
543,38,Lipstick,Male,Beauty,92.3,Dallas,L,White,Fall,3.9,No,Free Shipping,No,Yes,2,Credit Card,Weekly,
544,36,Shorts,Female,Clothing,103.53,San Diego,L,Red,Fall,4.4,No,Standard,Yes,Yes,5,Debit Card,Weekly,
545,18,Jeans,Female,Clothing,110.55,Portland,L,Blue,Spring,3.2,No,Express,No,No,6,Credit Card,Bi-Weekly,
546,40,Table Lamp,Male,Home,112.78,Atlanta,S,Navy,Winter,4.7,Yes,Express,No,No,7,Credit Card,Bi-Weekly,
547,43,Shorts,Female,Clothing,113.64,San Jose,S,Navy,Summer,4.0,Yes,2-Day Shipping,Yes,Yes,3,Debit Card,Monthly,
548,40,Shorts,Male,Clothing,135.02,San Diego,L,Pink,Fall,3.9,Yes,Free Shipping,Yes,Yes,4,Cash,Quarterly,
549,31,Coat,Female,Clothing,47.24,Phoenix,L,Pink,Fall,4.1,Yes,Free Shipping,Yes,Yes,7,Debit Card,Weekly,
550,42,Shampoo,Female,Beauty,39.91,Miami,S,Purple,Spring,4.1,Yes,Free Shipping,Yes,Yes,8,PayPal,Bi-Weekly,
551,37,Sweater,Male,Clothing,82.3,Jacksonville,XL,Yellow,Fall,2.4,No,Free Shipping,Yes,Yes,5,Debit Card,Monthly,
552,50,Jeans,Female,Clothing,97.9,Dallas,M,Green,Winter,3.2,No,Free Shipping,No,No,1,Debit Card,Weekly,
553,36,Slippers,Male,Footwear,28.62,Detroit,L,Purple,Spring,3.7,No,Standard,No,No,4,PayPal,Bi-Weekly,
554,45,Bluetooth Speaker,Female,Electronics,306.58,Phoenix,M,Brown,Fall,5.0,Yes,Standard,No,Yes,5,Credit Card,Quarterly,
555,18,Skirt,Female,Clothing,92.78,San Diego,M,Navy,Spring,4.8,No,Express,Yes,Yes,5,PayPal,Monthly,
556,29,Handbag,Female,Accessories,120.48,Phoenix,M,Blue,Spring,4.1,Yes,2-Day Shipping,No,No,6,Bank Transfer,Annually,
557,26,Loafers,Female,Footwear,133.39,Jacksonville,S,Black,Summer,3.9,Yes,2-Day Shipping,Yes,Yes,6,PayPal,Monthly,
558,33,Sneakers,Male,Footwear,129.95,Portland,L,White,Summer,3.6,No,Express,No,No,3,Bank Transfer,Bi-Weekly,
559,67,Keyboard,Male,Electronics,311.77,San Antonio,XS,Yellow,Winter,3.7,Yes,Standard,No,No,4,PayPal,Weekly,
560,37,Coat,Male,Clothing,66.32,Austin,XL,Black,Fall,4.7,Yes,Standard,Yes,Yes,5,Credit Card,Monthly,
561,34,Power Bank,Female,Electronics,245.18,Atlanta,XL,Blue,Spring,2.9,No,Free Shipping,Yes,Yes,2,Credit Card,Monthly,
562,52,Table Lamp,Male,Home,70.22,Phoenix,L,Blue,Fall,4.4,No,Standard,Yes,Yes,4,PayPal,Annually,
563,26,Makeup Kit,Female,Beauty,114.92,Portland,M,Red,Summer,4.2,No,2-Day Shipping,No,No,4,Cash,Bi-Weekly,
564,40,Makeup Kit,Male,Beauty,82.1,Boston,M,Yellow,Fall,3.9,Yes,Standard,No,Yes,3,Digital Wallet,Quarterly,
565,48,Hat,Female,Accessories,137.18,New York,XS,Black,Spring,4.3,Yes,Next Day Air,No,No,4,Credit Card,Monthly,
566,51,Skirt,Female,Clothing,32.84,Atlanta,M,Red,Winter,2.5,Yes,Standard,Yes,Yes,3,Credit Card,Bi-Weekly,
567,32,Belt,Male,Accessories,141.47,Houston,M,Blue,Summer,3.7,No,Express,Yes,Yes,1,Debit Card,Monthly,
568,40,Bluetooth Speaker,Female,Electronics,37.21,New York,M,Navy,Summer,3.5,Yes,Free Shipping,No,No,9,Debit Card,Monthly,
569,23,Loafers,Female,Footwear,110.66,Denver,XL,Yellow,Summer,3.6,No,2-Day Shipping,Yes,Yes,2,Debit Card,Quarterly,
570,26,Belt,Female,Accessories,117.28,Dallas,M,Yellow,Fall,2.9,Yes,Free Shipping,No,No,3,Credit Card,Bi-Weekly,
571,18,Makeup Kit,Male,Beauty,33.34,Philadelphia,M,Black,Spring,4.8,No,Standard,Yes,Yes,2,PayPal,Annually,
572,40,Scarf,Male,Accessories,236.47,San Diego,M,Blue,Fall,3.3,No,2-Day Shipping,No,No,3,Bank Transfer,Quarterly,
573,47,Keyboard,Female,Electronics,85.99,Philadelphia,L,Brown,Spring,3.9,Yes,Next Day Air,No,Yes,6,Digital Wallet,Monthly,
574,37,Smartwatch,Male,Electronics,138.27,Portland,S,Pink,Summer,3.6,No,2-Day Shipping,Yes,Yes,1,Debit Card,Monthly,
575,25,Face Wash,Male,Beauty,45.92,Portland,L,Yellow,Fall,4.5,No,Express,No,No,2,Digital Wallet,Monthly,
576,69,Power Bank,Male,Electronics,352.52,San Diego,M,Blue,Winter,3.8,No,Standard,Yes,Yes,6,Debit Card,Quarterly,
577,48,Mouse,Male,Electronics,109.46,Portland,M,Red,Winter,2.6,Yes,Next Day Air,No,No,7,Credit Card,Bi-Weekly,
578,29,Sunglasses,Female,Accessories,124.02,Denver,XS,Purple,Spring,2.3,Yes,Free Shipping,No,No,5,Cash,Weekly,
579,43,Sweater,Male,Clothing,91.7,Los Angeles,L,Navy,Fall,3.2,No,Standard,No,No,5,Digital Wallet,Bi-Weekly,
580,31,Bedsheet,Female,Home,41.29,Detroit,M,Navy,Fall,4.4,No,Express,Yes,Yes,3,Digital Wallet,Bi-Weekly,
581,52,Smartwatch,Female,Electronics,21.88,Chicago,M,Yellow,Spring,3.6,Yes,Express,No,No,4,Bank Transfer,Quarterly,
582,18,Hoodie,Male,Clothing,25.75,Atlanta,M,Yellow,Fall,4.1,No,2-Day Shipping,Yes,Yes,2,Debit Card,Quarterly,
583,27,Watch,Male,Accessories,247.57,Portland,XL,Navy,Winter,4.8,Yes,Standard,Yes,Yes,7,Debit Card,Monthly,
584,42,Bedsheet,Female,Home,85.74,San Jose,M,Navy,Winter,4.6,Yes,Free Shipping,No,Yes,4,Cash,Quarterly,
585,31,Wallet,Female,Accessories,11.86,Los Angeles,XXL,Black,Summer,4.0,No,Standard,Yes,Yes,7,PayPal,Monthly,
586,59,Mouse,Male,Electronics,390.56,Dallas,M,Black,Spring,4.2,Yes,2-Day Shipping,No,Yes,4,Credit Card,Annually,
587,42,Face Cream,Male,Beauty,125.85,Houston,M,Red,Fall,3.2,Yes,Standard,No,No,5,Credit Card,Bi-Weekly,
588,55,Cushion,Female,Home,193.95,Detroit,L,Red,Fall,3.4,No,Free Shipping,Yes,Yes,3,Digital Wallet,Monthly,
589,52,Coat,Female,Clothing,97.96,Phoenix,XL,Red,Fall,3.9,No,Next Day Air,Yes,Yes,3,Bank Transfer,Monthly,
590,39,Skirt,Female,Clothing,110.13,San Jose,XL,White,Fall,3.3,No,Standard,Yes,Yes,1,Credit Card,Quarterly,
591,57,T-Shirt,Female,Clothing,64.76,Dallas,M,White,Fall,4.3,No,Express,Yes,Yes,3,Bank Transfer,Quarterly,
592,36,Boots,Female,Footwear,48.95,Atlanta,S,Pink,Winter,3.9,Yes,Next Day Air,Yes,Yes,3,PayPal,Quarterly,
593,31,Table Lamp,Female,Home,68.06,San Diego,M,Yellow,Winter,4.1,No,2-Day Shipping,No,Yes,3,PayPal,Monthly,
594,54,T-Shirt,Female,Clothing,130.62,San Jose,S,Brown,Winter,3.7,Yes,Standard,No,Yes,5,Bank Transfer,Weekly,
595,35,Skirt,Female,Clothing,150.16,Jacksonville,L,Purple,Spring,3.8,Yes,Standard,No,No,6,Cash,Weekly,
596,39,Storage Box,Female,Home,61.22,Boston,XXL,Red,Spring,3.7,Yes,Standard,Yes,Yes,1,PayPal,Quarterly,
597,44,Slippers,Non-Binary,Footwear,99.24,Chicago,XS,Black,Spring,3.9,No,Free Shipping,No,No,1,Digital Wallet,Monthly,
598,33,Hoodie,Female,Clothing,66.08,Philadelphia,XS,Brown,Spring,3.4,No,Standard,No,No,1,Digital Wallet,Monthly,
599,52,Belt,Male,Accessories,217.54,Chicago,M,Yellow,Summer,2.8,No,2-Day Shipping,Yes,Yes,1,PayPal,Bi-Weekly,
600,26,Pillow,Female,Home,23.26,Los Angeles,L,Green,Winter,3.5,Yes,Standard,Yes,Yes,2,Cash,Monthly,
601,44,Jacket,Female,Clothing,108.96,Houston,M,Red,Spring,3.3,Yes,Express,Yes,Yes,4,Debit Card,Monthly,
602,56,Jacket,Female,Clothing,149.32,New York,L,Brown,Spring,3.6,Yes,2-Day Shipping,Yes,Yes,2,Bank Transfer,Monthly,
603,33,Table Lamp,Male,Home,141.91,Boston,XXL,White,Winter,4.4,Yes,Standard,No,No,3,Credit Card,Weekly,
604,33,T-Shirt,Male,Clothing,132.95,Jacksonville,L,Navy,Summer,3.0,No,Standard,No,No,5,Debit Card,Annually,
605,29,Power Bank,Male,Electronics,447.77,Miami,M,Pink,Summer,4.5,Yes,2-Day Shipping,No,Yes,1,Credit Card,Annually,
606,30,Sunglasses,Female,Accessories,231.31,San Jose,One Size,Purple,Fall,2.9,No,Express,No,No,4,Bank Transfer,Weekly,
607,45,Body Lotion,Female,Beauty,32.52,Boston,L,Gray,Winter,4.1,Yes,2-Day Shipping,No,No,7,Bank Transfer,Quarterly,
608,54,Backpack,Male,Accessories,13.56,Detroit,M,Black,Spring,4.0,No,Free Shipping,No,No,1,PayPal,Weekly,
609,31,T-Shirt,Male,Clothing,85.4,New York,XXL,Black,Summer,3.8,No,Free Shipping,No,No,1,Credit Card,Weekly,
610,51,Sneakers,Male,Footwear,122.35,Jacksonville,M,Blue,Fall,5.0,Yes,2-Day Shipping,Yes,Yes,3,Cash,Weekly,
611,34,Lipstick,Male,Beauty,36.85,San Jose,M,Gray,Fall,3.6,No,2-Day Shipping,No,No,5,Debit Card,Weekly,
612,18,Hat,Female,Accessories,174.66,Dallas,M,Gray,Spring,3.6,No,Next Day Air,No,No,5,Debit Card,Bi-Weekly,
613,43,Sweater,Male,Clothing,152.32,Miami,L,Green,Summer,3.1,No,Express,No,No,5,Digital Wallet,Monthly,
614,47,Boots,Female,Footwear,55.84,Philadelphia,L,Brown,Fall,3.0,No,Free Shipping,No,No,2,Credit Card,Weekly,
615,48,Slippers,Female,Footwear,25.91,Dallas,M,White,Winter,4.2,No,Next Day Air,Yes,Yes,3,PayPal,Monthly,
616,42,Jeans,Female,Clothing,159.24,Chicago,M,Black,Summer,3.8,Yes,Standard,Yes,Yes,8,Debit Card,Monthly,
617,49,Shorts,Female,Clothing,117.88,San Jose,L,Pink,Summer,3.3,Yes,Standard,No,No,5,Cash,Bi-Weekly,
618,34,Handbag,Male,Accessories,60.98,San Antonio,M,White,Spring,4.8,Yes,Express,Yes,Yes,1,PayPal,Quarterly,
619,24,Sandals,Female,Footwear,166.18,Los Angeles,L,Blue,Spring,3.6,No,Free Shipping,No,No,0,Debit Card,Monthly,
620,61,Hoodie,Female,Clothing,142.47,Denver,L,Blue,Fall,4.7,Yes,Standard,No,No,3,Credit Card,Monthly,
621,43,Sneakers,Male,Footwear,211.06,New York,XXL,Gray,Summer,4.3,No,2-Day Shipping,No,No,4,Debit Card,Quarterly,
622,35,Keyboard,Non-Binary,Electronics,283.76,Chicago,S,Purple,Summer,4.1,Yes,Free Shipping,Yes,Yes,2,Credit Card,Quarterly,
623,56,Sneakers,Male,Footwear,30.51,San Antonio,L,Yellow,Summer,3.6,Yes,Standard,Yes,Yes,4,Credit Card,Monthly,
624,18,Jacket,Female,Clothing,116.32,Las Vegas,M,Pink,Fall,4.9,No,Free Shipping,No,No,3,Cash,Annually,
625,40,Loafers,Female,Footwear,105.62,Seattle,L,Gray,Winter,4.8,Yes,Next Day Air,No,No,7,Credit Card,Bi-Weekly,
626,33,Shorts,Female,Clothing,157.2,Philadelphia,S,Brown,Summer,4.0,No,Standard,No,No,5,Cash,Weekly,
627,37,Sandals,Female,Footwear,41.06,Philadelphia,M,White,Winter,2.7,No,2-Day Shipping,Yes,Yes,3,Bank Transfer,Monthly,
628,41,Face Wash,Male,Beauty,19.69,Denver,XXL,Pink,Winter,3.3,No,Free Shipping,Yes,Yes,3,Debit Card,Weekly,
629,33,Sneakers,Female,Footwear,32.68,Miami,M,Blue,Winter,2.6,Yes,Free Shipping,No,Yes,5,Cash,Monthly,
630,43,Dress,Female,Clothing,161.5,Philadelphia,XL,White,Fall,2.8,Yes,Standard,No,No,6,Debit Card,Bi-Weekly,
631,45,Keyboard,Male,Electronics,312.26,Los Angeles,XS,Pink,Winter,3.8,Yes,Express,Yes,Yes,4,Digital Wallet,Annually,
632,36,Keyboard,Female,Electronics,103.69,Seattle,L,Green,Fall,3.6,No,Express,No,No,2,Bank Transfer,Bi-Weekly,
633,53,Lipstick,Female,Beauty,120.17,San Diego,L,Navy,Spring,2.9,Yes,Next Day Air,Yes,Yes,5,Credit Card,Monthly,
634,28,Running Shoes,Male,Footwear,186.96,Detroit,L,Black,Spring,2.9,Yes,2-Day Shipping,Yes,Yes,3,Bank Transfer,Monthly,
635,34,Heels,Female,Footwear,132.54,Jacksonville,L,Black,Spring,4.3,No,Standard,Yes,Yes,5,Debit Card,Monthly,
636,19,Backpack,Female,Accessories,82.92,Jacksonville,S,Blue,Winter,4.0,No,Free Shipping,Yes,Yes,3,Debit Card,Bi-Weekly,
637,40,Sneakers,Female,Footwear,161.69,Boston,M,Gray,Winter,3.1,No,Standard,No,No,5,Debit Card,Weekly,
638,31,Scarf,Female,Accessories,46.88,Philadelphia,XS,White,Winter,3.3,No,Express,Yes,Yes,2,Bank Transfer,Monthly,
639,18,Keyboard,Male,Electronics,144.22,Portland,L,Yellow,Winter,4.4,Yes,Free Shipping,No,No,4,Cash,Monthly,
640,21,Slippers,Male,Footwear,186.88,Phoenix,M,Gray,Winter,2.3,No,Express,Yes,Yes,1,Credit Card,Monthly,
641,31,Bedsheet,Female,Home,134.56,Boston,M,Yellow,Spring,4.0,No,Free Shipping,No,No,1,Debit Card,Bi-Weekly,
642,35,Sweater,Male,Clothing,74.47,Boston,M,Brown,Winter,3.2,No,Next Day Air,No,Yes,6,Digital Wallet,Quarterly,
643,36,Sandals,Female,Footwear,138.13,Phoenix,L,Green,Spring,4.1,No,2-Day Shipping,No,No,1,Credit Card,Monthly,
644,33,Loafers,Female,Footwear,81.43,Detroit,XL,Yellow,Spring,3.8,No,2-Day Shipping,No,No,5,Debit Card,Monthly,
645,45,Coat,Female,Clothing,75.94,Phoenix,S,Gray,Fall,5.0,Yes,2-Day Shipping,No,Yes,2,Credit Card,Quarterly,
646,38,Sunglasses,Female,Accessories,31.53,Atlanta,XL,Yellow,Winter,3.9,No,Express,No,No,6,PayPal,Weekly,
647,34,Bluetooth Speaker,Male,Electronics,411.02,Detroit,L,Red,Summer,3.6,No,Free Shipping,Yes,Yes,1,Digital Wallet,Quarterly,
648,67,Jacket,Male,Clothing,103.76,Portland,S,Gray,Summer,3.4,No,2-Day Shipping,Yes,Yes,5,Debit Card,Monthly,
649,23,Slippers,Male,Footwear,190.72,Austin,L,Purple,Winter,3.5,No,2-Day Shipping,No,No,4,Credit Card,Monthly,
650,40,Dress,Male,Clothing,63.57,Denver,S,Blue,Summer,3.2,No,2-Day Shipping,No,No,3,PayPal,Monthly,
651,39,Headphones,Female,Electronics,127.78,Chicago,L,Navy,Winter,5.0,Yes,Next Day Air,No,No,3,Bank Transfer,Monthly,
652,26,Mouse,Male,Electronics,59.74,Jacksonville,XL,Brown,Fall,3.5,No,Free Shipping,No,Yes,1,Credit Card,Quarterly,
653,41,Dress,Male,Clothing,107.34,New York,S,Black,Summer,4.7,No,Standard,No,No,3,PayPal,Weekly,
654,33,T-Shirt,Female,Clothing,33.27,Detroit,M,Red,Spring,3.6,No,Standard,No,No,6,PayPal,Monthly,
655,27,Wallet,Female,Accessories,52.85,Las Vegas,L,Navy,Fall,3.4,Yes,Free Shipping,No,No,6,Bank Transfer,Bi-Weekly,
656,40,Hoodie,Non-Binary,Clothing,172.64,Philadelphia,S,Navy,Summer,5.0,Yes,Standard,No,No,4,Bank Transfer,Quarterly,
657,45,Loafers,Male,Footwear,25.49,Portland,L,Red,Fall,4.9,Yes,2-Day Shipping,No,No,4,Credit Card,Quarterly,
658,40,Belt,Male,Accessories,230.52,Portland,M,Black,Fall,3.3,Yes,2-Day Shipping,Yes,Yes,5,Digital Wallet,Bi-Weekly,
659,49,Hoodie,Female,Clothing,147.05,Chicago,XL,Navy,Summer,3.6,No,Standard,No,No,4,Credit Card,Quarterly,
660,39,Curtain,Male,Home,92.65,Los Angeles,XXL,Blue,Spring,3.3,No,Standard,No,No,4,Debit Card,Bi-Weekly,
661,40,Table Lamp,Male,Home,90.81,San Antonio,L,Gray,Summer,5.0,No,Standard,No,No,2,Digital Wallet,Quarterly,
662,44,Belt,Female,Accessories,80.18,Atlanta,M,Pink,Fall,4.2,Yes,Standard,No,No,10,Debit Card,Weekly,
663,28,Loafers,Male,Footwear,36.04,Los Angeles,S,Gray,Fall,3.9,Yes,Standard,Yes,Yes,2,Debit Card,Quarterly,
664,33,T-Shirt,Male,Clothing,84.43,Denver,S,Pink,Summer,3.9,No,Next Day Air,No,No,2,Credit Card,Weekly,
665,43,Bedsheet,Female,Home,185.98,Los Angeles,S,Pink,Summer,3.8,No,Standard,Yes,Yes,2,Bank Transfer,Weekly,
666,51,Running Shoes,Male,Footwear,26.2,San Jose,XL,Purple,Winter,3.7,No,Express,Yes,Yes,2,Digital Wallet,Bi-Weekly,
667,61,Face Cream,Female,Beauty,41.6,Detroit,XXL,Purple,Summer,4.7,No,Next Day Air,No,No,5,Digital Wallet,Bi-Weekly,
668,39,Jeans,Female,Clothing,48.14,Detroit,L,Black,Winter,4.0,Yes,Free Shipping,Yes,Yes,3,PayPal,Weekly,
669,60,Body Lotion,Female,Beauty,137.47,Houston,L,Yellow,Winter,3.1,Yes,Free Shipping,No,Yes,5,Debit Card,Bi-Weekly,
670,34,Coffee Mug,Female,Home,124.26,Los Angeles,M,Blue,Summer,3.6,No,2-Day Shipping,No,No,3,PayPal,Monthly,
671,28,Face Wash,Male,Beauty,107.66,Los Angeles,S,Gray,Winter,2.8,Yes,Standard,Yes,Yes,5,Digital Wallet,Weekly,
672,32,Hoodie,Male,Clothing,141.43,New York,L,Red,Spring,2.3,Yes,Standard,No,No,3,Credit Card,Weekly,
673,44,Cushion,Female,Home,18.25,San Diego,L,White,Spring,3.0,Yes,Free Shipping,No,Yes,1,Credit Card,Monthly,
674,28,Smartwatch,Male,Electronics,282.62,Portland,M,Yellow,Winter,3.6,No,Standard,No,No,0,Credit Card,Weekly,
675,47,Skirt,Female,Clothing,104.68,Austin,XL,Gray,Spring,2.8,Yes,Free Shipping,Yes,Yes,2,PayPal,Monthly,
676,46,Loafers,Female,Footwear,212.42,Austin,M,Yellow,Spring,3.2,Yes,2-Day Shipping,Yes,Yes,5,Debit Card,Bi-Weekly,
677,18,T-Shirt,Male,Clothing,31.43,San Jose,XS,White,Fall,3.9,Yes,2-Day Shipping,No,No,4,PayPal,Monthly,
678,51,Sandals,Female,Footwear,71.59,Dallas,S,White,Winter,2.9,Yes,Free Shipping,No,Yes,4,Credit Card,Quarterly,
679,22,Headphones,Male,Electronics,121.02,Boston,XL,Yellow,Winter,4.4,Yes,Express,Yes,Yes,6,Debit Card,Monthly,
680,36,Jacket,Male,Clothing,110.9,Austin,M,Red,Winter,3.5,No,Free Shipping,Yes,Yes,4,Cash,Bi-Weekly,
681,51,Jacket,Female,Clothing,53.83,Denver,M,Gray,Spring,3.6,No,Standard,No,No,2,PayPal,Monthly,
682,51,Backpack,Male,Accessories,61.23,Las Vegas,S,Pink,Spring,3.5,No,Standard,No,No,5,PayPal,Monthly,
683,39,Coat,Female,Clothing,168.07,Miami,M,Purple,Summer,4.5,Yes,2-Day Shipping,Yes,Yes,7,Digital Wallet,Weekly,
684,50,Skirt,Male,Clothing,177.39,Atlanta,XS,Brown,Summer,3.5,No,2-Day Shipping,No,No,2,Digital Wallet,Monthly,
685,33,Sandals,Male,Footwear,195.27,Los Angeles,XS,White,Spring,4.3,Yes,Free Shipping,No,No,1,PayPal,Quarterly,
686,65,Coffee Mug,Female,Home,188.69,New York,XL,Blue,Spring,2.7,Yes,Express,No,No,6,Debit Card,Monthly,
687,24,Jacket,Male,Clothing,128.33,Phoenix,XL,Blue,Spring,5.0,No,Free Shipping,No,No,7,PayPal,Weekly,
688,43,Body Lotion,Female,Beauty,28.28,Dallas,M,White,Summer,4.5,Yes,Express,No,No,4,Debit Card,Monthly,
689,31,Mouse,Male,Electronics,186.66,Detroit,M,Gray,Fall,2.9,No,Standard,No,No,4,Credit Card,Quarterly,
690,27,Jacket,Male,Clothing,53.77,Philadelphia,S,Gray,Fall,4.7,No,Standard,Yes,Yes,3,Cash,Weekly,
691,39,Watch,Non-Binary,Accessories,67.85,Boston,L,White,Winter,3.7,No,Next Day Air,No,No,3,Bank Transfer,Monthly,
692,26,Jeans,Male,Clothing,106.04,Houston,M,Blue,Summer,4.1,No,Express,Yes,Yes,5,Digital Wallet,Monthly,
693,51,Dress,Female,Clothing,28.73,Portland,XS,Yellow,Summer,3.9,No,Next Day Air,No,No,2,Bank Transfer,Monthly,
694,47,T-Shirt,Female,Clothing,156.79,Detroit,L,Yellow,Spring,4.0,Yes,Standard,Yes,Yes,5,PayPal,Monthly,
695,18,Skirt,Male,Clothing,56.75,Detroit,S,White,Winter,4.7,No,2-Day Shipping,No,No,4,Debit Card,Bi-Weekly,
696,28,Bedsheet,Male,Home,40.33,San Jose,XL,Yellow,Spring,4.5,Yes,Free Shipping,No,No,3,Debit Card,Quarterly,
697,36,Sweater,Female,Clothing,127.82,Dallas,S,Purple,Winter,2.7,Yes,Standard,No,No,5,Credit Card,Bi-Weekly,
698,49,Bluetooth Speaker,Female,Electronics,449.27,Los Angeles,S,White,Winter,4.0,Yes,Free Shipping,Yes,Yes,8,PayPal,Monthly,
699,41,Loafers,Female,Footwear,25.28,Seattle,XS,Purple,Summer,5.0,No,Next Day Air,No,No,2,Credit Card,Weekly,
700,71,Sweater,Male,Clothing,157.16,Austin,L,White,Fall,4.8,Yes,Express,Yes,Yes,4,Debit Card,Quarterly,
701,18,Loafers,Male,Footwear,116.0,Boston,XL,Green,Winter,4.0,No,Standard,No,No,4,Debit Card,Quarterly,
702,37,Shorts,Female,Clothing,176.57,Portland,S,Black,Winter,5.0,No,Standard,No,Yes,3,Digital Wallet,Monthly,
703,34,Slippers,Male,Footwear,67.74,Boston,S,White,Fall,4.6,No,Express,No,Yes,3,Credit Card,Bi-Weekly,
704,33,Mouse,Female,Electronics,157.11,Portland,S,White,Summer,3.6,No,Standard,No,No,1,Credit Card,Monthly,
705,54,Pillow,Female,Home,195.77,Austin,XL,Black,Winter,3.8,No,Next Day Air,No,Yes,3,Bank Transfer,Quarterly,
706,54,Pillow,Female,Home,58.57,Denver,XXL,White,Fall,4.0,Yes,Standard,No,No,8,Credit Card,Monthly,
707,39,Coffee Mug,Male,Home,61.58,Houston,M,White,Fall,3.5,Yes,Free Shipping,Yes,Yes,2,Credit Card,Bi-Weekly,
708,33,Coffee Mug,Female,Home,123.81,Atlanta,M,Pink,Winter,4.6,Yes,Free Shipping,No,Yes,2,Digital Wallet,Bi-Weekly,
709,41,Dress,Male,Clothing,176.76,Dallas,XL,Black,Winter,3.5,Yes,Express,Yes,Yes,6,PayPal,Bi-Weekly,
710,38,Skirt,Male,Clothing,152.43,Seattle,L,Yellow,Fall,4.6,Yes,Standard,Yes,Yes,2,PayPal,Weekly,
711,29,Heels,Female,Footwear,105.53,Miami,XL,Black,Fall,3.7,Yes,Express,No,No,4,Credit Card,Weekly,
712,26,Jeans,Female,Clothing,117.07,Seattle,L,Red,Spring,4.0,No,Standard,No,No,1,Digital Wallet,Quarterly,
713,57,Power Bank,Female,Electronics,421.68,San Antonio,L,Brown,Fall,3.7,Yes,Standard,Yes,Yes,6,Cash,Monthly,
714,33,Coat,Female,Clothing,157.17,San Antonio,S,Navy,Fall,4.4,Yes,Standard,Yes,Yes,2,Debit Card,Annually,
715,32,Handbag,Male,Accessories,131.56,Portland,L,Purple,Summer,4.0,Yes,Standard,No,No,6,Bank Transfer,Quarterly,
716,18,Dress,Male,Clothing,154.05,Chicago,XS,Yellow,Fall,4.5,Yes,Standard,Yes,Yes,2,Credit Card,Monthly,
717,34,Jeans,Male,Clothing,97.16,Boston,L,Yellow,Spring,3.7,Yes,2-Day Shipping,No,Yes,6,Bank Transfer,Monthly,
718,27,Skirt,Female,Clothing,88.02,Phoenix,L,Purple,Summer,3.3,No,Free Shipping,No,Yes,4,PayPal,Monthly,
719,43,Jeans,Female,Clothing,37.25,Boston,L,Green,Winter,2.7,Yes,Standard,Yes,Yes,3,Digital Wallet,Weekly,
720,48,Makeup Kit,Male,Beauty,74.07,Austin,M,Black,Summer,5.0,No,2-Day Shipping,Yes,Yes,3,Debit Card,Monthly,
721,18,Hat,Female,Accessories,45.06,San Jose,M,Yellow,Spring,4.0,No,2-Day Shipping,No,Yes,2,Credit Card,Quarterly,
722,26,Skirt,Male,Clothing,106.03,Portland,M,Navy,Fall,3.9,Yes,Free Shipping,Yes,Yes,8,Credit Card,Bi-Weekly,
723,23,Dress,Female,Clothing,138.71,Atlanta,S,Red,Summer,4.1,Yes,2-Day Shipping,No,Yes,3,Credit Card,Bi-Weekly,
724,37,Running Shoes,Male,Footwear,48.06,Austin,M,Purple,Winter,3.5,Yes,Express,Yes,Yes,5,PayPal,Monthly,
725,42,Sneakers,Female,Footwear,175.08,Jacksonville,XS,Pink,Summer,3.0,Yes,Standard,No,No,9,Credit Card,Bi-Weekly,
726,33,Coat,Female,Clothing,179.27,Chicago,S,Black,Winter,4.4,No,Express,No,No,6,Debit Card,Weekly,
727,47,Sneakers,Female,Footwear,136.76,Portland,XXL,Yellow,Spring,4.5,No,Free Shipping,Yes,Yes,2,Credit Card,Monthly,
728,34,Dress,Male,Clothing,118.72,Boston,L,Purple,Winter,4.5,No,Free Shipping,No,No,8,Debit Card,Monthly,
729,40,Sandals,Female,Footwear,198.24,Chicago,XL,Brown,Spring,3.6,No,Express,No,No,1,Digital Wallet,Quarterly,
730,43,Jeans,Female,Clothing,152.26,Seattle,S,Pink,Spring,4.1,Yes,Standard,Yes,Yes,6,Debit Card,Monthly,
731,31,Running Shoes,Male,Footwear,135.95,Chicago,XS,Pink,Fall,3.4,No,Next Day Air,No,No,3,Credit Card,Quarterly,
732,46,Running Shoes,Male,Footwear,33.37,Dallas,L,Gray,Fall,4.2,No,Free Shipping,Yes,Yes,5,Bank Transfer,Quarterly,
733,30,Body Lotion,Male,Beauty,29.06,New York,M,Yellow,Summer,4.1,Yes,Standard,No,No,5,Credit Card,Weekly,
734,40,Heels,Male,Footwear,62.14,Chicago,XXL,Green,Fall,3.8,No,Standard,No,No,7,Bank Transfer,Weekly,
735,45,Coat,Female,Clothing,57.57,Seattle,XL,Navy,Fall,4.6,No,Next Day Air,No,No,2,Debit Card,Bi-Weekly,
736,39,Skirt,Male,Clothing,113.49,San Diego,XS,Pink,Winter,4.3,No,Standard,No,No,4,Credit Card,Quarterly,
737,21,Belt,Female,Accessories,137.1,San Jose,M,Brown,Summer,4.6,Yes,Free Shipping,Yes,Yes,8,Digital Wallet,Monthly,
738,37,Dress,Female,Clothing,94.67,Austin,M,White,Fall,2.4,Yes,Express,No,No,3,Debit Card,Bi-Weekly,
739,24,Loafers,Female,Footwear,217.16,Detroit,S,Brown,Winter,3.6,No,2-Day Shipping,No,Yes,2,PayPal,Bi-Weekly,
740,48,Makeup Kit,Female,Beauty,129.03,Philadelphia,M,Blue,Summer,4.4,No,Free Shipping,No,No,2,Credit Card,Quarterly,
741,35,Hat,Female,Accessories,13.27,San Diego,M,Navy,Spring,3.0,Yes,2-Day Shipping,Yes,Yes,3,Bank Transfer,Monthly,
742,51,Hat,Female,Accessories,118.29,Las Vegas,One Size,Brown,Spring,2.9,No,2-Day Shipping,No,Yes,1,Debit Card,Monthly,
743,33,Running Shoes,Male,Footwear,68.06,Detroit,M,Yellow,Fall,4.0,Yes,Express,No,No,2,Debit Card,Monthly,
744,53,T-Shirt,Non-Binary,Clothing,120.29,Las Vegas,M,Navy,Summer,1.8,No,2-Day Shipping,Yes,Yes,4,Debit Card,Monthly,
745,41,Bedsheet,Female,Home,171.65,Los Angeles,M,Blue,Fall,2.9,Yes,Next Day Air,No,No,4,Debit Card,Monthly,
746,32,Bluetooth Speaker,Male,Electronics,320.73,San Antonio,M,Yellow,Winter,2.6,Yes,Standard,No,Yes,2,Credit Card,Bi-Weekly,
747,42,Power Bank,Male,Electronics,420.46,New York,M,Brown,Fall,2.9,No,Standard,No,No,1,Credit Card,Monthly,
748,30,Shorts,Female,Clothing,110.51,Miami,M,Blue,Winter,2.5,No,2-Day Shipping,Yes,Yes,3,Credit Card,Weekly,
749,27,Skirt,Male,Clothing,69.91,Los Angeles,M,Yellow,Summer,4.1,Yes,Free Shipping,No,Yes,6,PayPal,Bi-Weekly,
750,38,Watch,Female,Accessories,141.11,New York,M,Yellow,Fall,3.8,Yes,Standard,No,No,9,PayPal,Monthly,
751,37,T-Shirt,Female,Clothing,28.41,San Jose,L,Pink,Fall,2.0,No,Free Shipping,Yes,Yes,3,Debit Card,Weekly,
752,52,Boots,Female,Footwear,55.77,Denver,M,Green,Spring,3.3,Yes,Standard,No,No,3,PayPal,Annually,
753,75,Dress,Female,Clothing,174.47,Miami,M,White,Winter,4.1,No,Next Day Air,No,No,3,Debit Card,Annually,
754,20,Shorts,Female,Clothing,168.57,Denver,M,Brown,Spring,4.3,No,2-Day Shipping,No,Yes,3,Digital Wallet,Weekly,
755,45,Makeup Kit,Male,Beauty,72.94,Philadelphia,S,Purple,Spring,4.0,No,Free Shipping,Yes,Yes,2,Debit Card,Monthly,
756,18,Jacket,Female,Clothing,80.74,Denver,XL,White,Fall,3.8,No,Express,No,No,3,Cash,Annually,
757,39,Coffee Mug,Female,Home,177.12,Detroit,L,Navy,Fall,3.9,No,Express,No,No,2,Debit Card,Annually,
758,31,Slippers,Male,Footwear,68.98,Detroit,S,Navy,Fall,4.4,Yes,Standard,No,No,2,Debit Card,Quarterly,
759,47,Bluetooth Speaker,Male,Electronics,234.28,Los Angeles,M,Pink,Fall,3.6,No,Standard,No,No,3,Digital Wallet,Quarterly,
760,58,Running Shoes,Male,Footwear,168.74,Boston,S,Brown,Fall,3.3,No,Standard,No,No,3,Credit Card,Quarterly,
761,26,Loafers,Female,Footwear,123.29,Portland,L,Blue,Fall,4.8,No,Free Shipping,No,No,2,Credit Card,Quarterly,
762,22,Boots,Male,Footwear,197.33,Boston,M,Purple,Winter,3.5,Yes,Standard,No,No,2,Credit Card,Monthly,
763,33,Skirt,Male,Clothing,30.32,Houston,S,Pink,Winter,4.3,No,Standard,Yes,Yes,1,Debit Card,Bi-Weekly,
764,18,Shorts,Female,Clothing,137.03,Miami,M,Brown,Summer,4.1,No,Standard,No,Yes,7,Digital Wallet,Monthly,
765,18,Storage Box,Male,Home,168.36,Phoenix,M,Purple,Fall,4.3,No,2-Day Shipping,Yes,Yes,3,Digital Wallet,Quarterly,
766,45,Makeup Kit,Male,Beauty,67.92,San Diego,M,Green,Summer,2.5,No,Express,Yes,Yes,3,Digital Wallet,Monthly,
767,18,Backpack,Male,Accessories,223.2,Austin,M,Brown,Winter,3.2,No,Express,No,No,4,PayPal,Monthly,
768,46,Wallet,Female,Accessories,149.2,Seattle,S,Red,Winter,3.6,Yes,Standard,No,No,2,PayPal,Quarterly,
769,57,Hoodie,Female,Clothing,98.15,New York,XL,White,Summer,3.5,Yes,Standard,Yes,Yes,7,Bank Transfer,Monthly,
770,18,Handbag,Male,Accessories,97.91,Chicago,L,Green,Spring,4.1,No,Standard,No,Yes,6,Credit Card,Monthly,
771,35,Slippers,Male,Footwear,147.91,New York,S,Pink,Winter,3.0,No,2-Day Shipping,Yes,Yes,2,Credit Card,Monthly,
772,22,Headphones,Female,Electronics,285.63,Portland,S,Green,Spring,4.1,Yes,Express,No,No,2,Credit Card,Annually,
773,33,Jacket,Male,Clothing,49.9,Jacksonville,M,Pink,Winter,5.0,No,Express,Yes,Yes,4,Credit Card,Quarterly,
774,24,Jeans,Female,Clothing,36.12,Phoenix,XL,Green,Spring,3.5,No,Standard,No,No,1,Digital Wallet,Monthly,
775,54,Heels,Male,Footwear,94.0,Jacksonville,S,Brown,Winter,5.0,Yes,2-Day Shipping,No,No,9,Bank Transfer,Bi-Weekly,
776,49,Hoodie,Female,Clothing,113.45,Seattle,M,White,Fall,4.4,No,Free Shipping,No,No,3,Debit Card,Annually,
777,42,Jacket,Female,Clothing,94.61,Seattle,M,Pink,Winter,2.8,No,Free Shipping,No,No,1,PayPal,Quarterly,
778,27,Jeans,Male,Clothing,50.33,Houston,L,Gray,Winter,3.3,No,Next Day Air,No,Yes,2,Digital Wallet,Monthly,
779,21,Scarf,Male,Accessories,193.27,Jacksonville,XL,Brown,Fall,3.4,Yes,Standard,Yes,Yes,6,Debit Card,Weekly,
780,43,Coffee Mug,Male,Home,113.61,Austin,M,Blue,Summer,3.8,No,Next Day Air,No,No,12,Digital Wallet,Weekly,
781,18,Pillow,Female,Home,158.77,San Jose,M,Yellow,Fall,4.4,Yes,Standard,No,No,6,Credit Card,Monthly,
782,36,Handbag,Female,Accessories,166.14,Boston,M,Brown,Winter,3.9,Yes,2-Day Shipping,No,No,13,Credit Card,Monthly,
783,19,Power Bank,Male,Electronics,255.42,Denver,L,Brown,Winter,3.7,Yes,Free Shipping,No,No,4,Credit Card,Monthly,
784,46,Pillow,Male,Home,196.4,Boston,M,Pink,Winter,4.4,Yes,Next Day Air,No,No,5,Credit Card,Bi-Weekly,
785,36,Sweater,Male,Clothing,152.58,Philadelphia,M,Pink,Fall,3.8,Yes,2-Day Shipping,No,No,2,Debit Card,Quarterly,
786,18,Coat,Female,Clothing,109.37,Boston,L,Black,Summer,3.1,No,Next Day Air,No,No,3,Debit Card,Monthly,
787,46,Headphones,Male,Electronics,158.54,Boston,M,Navy,Summer,3.7,Yes,Standard,No,No,5,Bank Transfer,Monthly,
788,54,Dress,Female,Clothing,40.23,New York,XS,Gray,Winter,3.4,No,Standard,Yes,Yes,3,Bank Transfer,Monthly,
789,30,Running Shoes,Male,Footwear,93.23,Denver,L,Blue,Summer,4.1,No,Free Shipping,No,No,2,Digital Wallet,Weekly,
790,56,Dress,Male,Clothing,130.61,Atlanta,L,Black,Summer,4.3,Yes,Free Shipping,No,Yes,6,Credit Card,Bi-Weekly,
791,35,Jacket,Male,Clothing,130.97,Las Vegas,L,Navy,Spring,4.1,No,Express,No,No,8,Credit Card,Monthly,
792,42,Backpack,Male,Accessories,55.78,Seattle,XL,Black,Fall,2.9,Yes,Standard,Yes,Yes,8,PayPal,Weekly,
793,25,Power Bank,Female,Electronics,298.52,Boston,M,White,Fall,4.9,Yes,Express,No,No,4,Debit Card,Quarterly,
794,50,Jeans,Female,Clothing,132.12,Philadelphia,One Size,Purple,Summer,3.5,No,Standard,No,Yes,3,Cash,Annually,
795,47,Headphones,Female,Electronics,308.41,Las Vegas,XL,Purple,Spring,5.0,No,Express,Yes,Yes,0,Debit Card,Quarterly,
796,36,Mouse,Male,Electronics,410.32,Denver,M,Pink,Fall,5.0,No,Express,Yes,Yes,2,Debit Card,Monthly,
797,36,Table Lamp,Female,Home,98.03,Houston,S,Pink,Winter,4.5,No,Standard,No,No,3,Credit Card,Bi-Weekly,
798,51,Smartwatch,Female,Electronics,202.93,Portland,L,Brown,Fall,5.0,Yes,Free Shipping,Yes,Yes,5,Cash,Weekly,
799,62,Coat,Female,Clothing,179.57,Miami,M,Navy,Summer,5.0,No,Express,No,No,3,Digital Wallet,Annually,
800,35,Coffee Mug,Female,Home,46.93,Portland,M,Black,Fall,3.1,No,Standard,Yes,Yes,2,Cash,Quarterly,
801,60,Coat,Female,Clothing,19.29,Portland,M,Red,Winter,4.9,Yes,Standard,No,No,5,PayPal,Bi-Weekly,
802,24,Running Shoes,Female,Footwear,145.19,Philadelphia,XXL,Pink,Winter,3.8,No,Standard,Yes,Yes,6,Credit Card,Monthly,
803,24,Watch,Male,Accessories,52.54,Miami,S,Blue,Winter,4.0,No,Standard,No,Yes,5,Debit Card,Bi-Weekly,
804,31,Sunglasses,Female,Accessories,65.85,Las Vegas,L,Brown,Summer,3.7,Yes,Free Shipping,No,No,3,Cash,Annually,
805,59,Jeans,Male,Clothing,74.26,Boston,M,Navy,Spring,3.7,Yes,Free Shipping,No,No,4,Cash,Bi-Weekly,
806,34,Jacket,Male,Clothing,116.97,Jacksonville,L,Green,Winter,4.7,No,2-Day Shipping,No,Yes,7,Debit Card,Monthly,
807,29,Skirt,Male,Clothing,72.25,Miami,M,Black,Fall,2.8,Yes,Standard,Yes,Yes,6,Bank Transfer,Monthly,
808,35,Body Lotion,Male,Beauty,37.89,Miami,XL,Navy,Winter,4.9,Yes,Standard,No,Yes,4,Credit Card,Monthly,
809,56,Smartwatch,Male,Electronics,184.25,Houston,M,Red,Spring,4.4,No,Standard,Yes,Yes,2,Bank Transfer,Quarterly,
810,35,T-Shirt,Female,Clothing,55.58,Dallas,L,Navy,Summer,3.7,No,Express,No,No,3,PayPal,Monthly,
811,40,Running Shoes,Female,Footwear,55.8,Denver,L,Black,Winter,2.5,No,Standard,Yes,Yes,3,Digital Wallet,Monthly,
812,30,Storage Box,Male,Home,16.67,Atlanta,M,Black,Fall,3.8,No,Standard,No,No,2,Credit Card,Weekly,
813,26,Slippers,Female,Footwear,124.81,Dallas,S,Purple,Summer,2.8,No,2-Day Shipping,Yes,Yes,4,Credit Card,Quarterly,
814,54,T-Shirt,Female,Clothing,118.25,San Antonio,S,Red,Spring,2.7,Yes,Standard,Yes,Yes,3,Credit Card,Monthly,
815,33,Loafers,Male,Footwear,27.85,Dallas,M,White,Spring,3.9,No,2-Day Shipping,Yes,Yes,3,Credit Card,Monthly,
816,51,Phone Case,Female,Electronics,137.73,San Antonio,S,Green,Fall,2.3,No,Express,Yes,Yes,2,Bank Transfer,Quarterly,
817,27,Smartwatch,Female,Electronics,54.71,Los Angeles,M,Navy,Summer,3.5,No,Next Day Air,No,No,2,Credit Card,Monthly,
818,38,Face Wash,Female,Beauty,53.84,Dallas,M,White,Summer,4.4,Yes,Express,No,No,6,PayPal,Monthly,
819,46,Wallet,Male,Accessories,223.67,San Jose,M,Black,Fall,3.9,No,Standard,No,No,3,Bank Transfer,Bi-Weekly,
820,25,Coat,Non-Binary,Clothing,177.91,Philadelphia,S,Green,Winter,2.6,No,Next Day Air,No,No,2,PayPal,Monthly,
821,20,Sandals,Female,Footwear,175.05,Phoenix,M,Gray,Fall,3.6,No,Free Shipping,No,No,1,Credit Card,Bi-Weekly,
822,56,Hat,Female,Accessories,226.14,Jacksonville,S,Blue,Winter,4.1,Yes,2-Day Shipping,No,Yes,8,Credit Card,Monthly,
823,36,Sweater,Male,Clothing,26.52,Austin,M,Navy,Fall,3.9,No,Standard,Yes,Yes,6,PayPal,Quarterly,
824,18,Scarf,Male,Accessories,164.91,Houston,L,Red,Spring,3.4,Yes,Express,No,Yes,4,Credit Card,Bi-Weekly,
825,18,Coat,Female,Clothing,53.62,Las Vegas,M,Purple,Summer,3.4,No,Express,No,No,4,Bank Transfer,Annually,
826,42,T-Shirt,Male,Clothing,33.55,Los Angeles,XXL,Blue,Summer,3.3,No,Free Shipping,Yes,Yes,3,Debit Card,Quarterly,
827,18,Boots,Female,Footwear,35.97,Seattle,XXL,Purple,Summer,4.2,No,Next Day Air,No,No,2,PayPal,Weekly,
828,32,Face Cream,Female,Beauty,124.97,Jacksonville,S,Green,Spring,3.9,No,Standard,No,No,2,Bank Transfer,Monthly,
829,45,Wallet,Female,Accessories,18.22,San Diego,XL,Blue,Fall,3.6,Yes,Free Shipping,No,No,7,Credit Card,Weekly,
830,24,Skirt,Female,Clothing,162.03,Las Vegas,M,Blue,Summer,4.8,Yes,Standard,Yes,Yes,7,Digital Wallet,Bi-Weekly,
831,18,Jacket,Female,Clothing,89.63,Seattle,XS,Navy,Summer,4.6,No,Express,No,No,2,Cash,Monthly,
832,56,Mouse,Male,Electronics,336.72,Seattle,M,Yellow,Summer,3.3,Yes,Free Shipping,Yes,Yes,10,Digital Wallet,Bi-Weekly,
833,38,Watch,Female,Accessories,80.0,Phoenix,L,Black,Winter,3.2,No,Standard,No,No,4,Credit Card,Weekly,
834,41,Phone Case,Female,Electronics,321.65,San Antonio,XL,Blue,Spring,3.7,Yes,Express,Yes,Yes,3,Bank Transfer,Quarterly,
835,64,Coat,Male,Clothing,55.0,Los Angeles,M,Purple,Spring,3.9,No,Free Shipping,No,No,4,Digital Wallet,Weekly,
836,18,Keyboard,Female,Electronics,24.94,Chicago,XXL,Gray,Summer,4.4,No,Free Shipping,No,No,4,PayPal,Monthly,
837,18,Sneakers,Female,Footwear,31.49,Phoenix,S,Black,Fall,4.6,Yes,Express,No,No,4,Digital Wallet,Monthly,
838,71,Coat,Female,Clothing,90.38,Detroit,M,Red,Fall,2.5,Yes,Express,No,No,5,Credit Card,Quarterly,
839,39,Sandals,Female,Footwear,84.02,Seattle,M,Green,Summer,4.2,No,Standard,No,No,2,PayPal,Monthly,
840,39,Slippers,Female,Footwear,210.19,Phoenix,L,Brown,Spring,4.1,No,2-Day Shipping,No,Yes,2,Debit Card,Monthly,
841,27,Mouse,Female,Electronics,417.9,Las Vegas,M,Yellow,Spring,3.0,Yes,Express,Yes,Yes,4,Credit Card,Weekly,
842,28,Dress,Female,Clothing,112.04,Chicago,L,Blue,Fall,4.4,Yes,Standard,Yes,Yes,7,Credit Card,Monthly,
843,47,Bluetooth Speaker,Male,Electronics,205.66,Atlanta,XXL,Blue,Spring,3.8,Yes,Express,No,No,3,Debit Card,Bi-Weekly,
844,33,Hoodie,Female,Clothing,115.99,Portland,M,Blue,Fall,3.3,No,2-Day Shipping,Yes,Yes,3,Debit Card,Bi-Weekly,
845,24,Smartwatch,Female,Electronics,72.76,Las Vegas,L,Pink,Fall,5.0,Yes,Next Day Air,Yes,Yes,8,Bank Transfer,Monthly,
846,18,Running Shoes,Male,Footwear,172.92,San Jose,XXL,Green,Fall,3.3,No,Standard,No,No,2,Debit Card,Bi-Weekly,
847,52,Face Wash,Female,Beauty,35.44,Austin,L,Blue,Summer,2.8,No,Standard,Yes,Yes,0,Bank Transfer,Monthly,
848,25,Storage Box,Male,Home,52.06,Denver,S,Brown,Fall,2.9,Yes,Free Shipping,Yes,Yes,5,Credit Card,Bi-Weekly,
849,36,Body Lotion,Male,Beauty,100.78,Chicago,S,Navy,Spring,3.5,No,Standard,No,No,3,Credit Card,Weekly,
850,39,Backpack,Male,Accessories,148.74,Dallas,M,Black,Summer,2.7,Yes,Standard,Yes,Yes,6,PayPal,Weekly,
851,18,Scarf,Male,Accessories,15.27,Jacksonville,S,Green,Spring,4.2,No,Free Shipping,No,No,5,PayPal,Monthly,
852,37,Face Cream,Female,Beauty,32.18,Austin,M,White,Fall,3.6,No,2-Day Shipping,No,No,0,PayPal,Quarterly,
853,53,Phone Case,Female,Electronics,153.63,Detroit,L,Red,Spring,3.4,No,2-Day Shipping,No,No,3,PayPal,Monthly,
854,42,Keyboard,Female,Electronics,231.31,Denver,S,Red,Spring,2.0,No,Free Shipping,Yes,Yes,4,Credit Card,Monthly,
855,20,Keyboard,Female,Electronics,438.65,Houston,M,Purple,Spring,3.9,No,Standard,No,No,5,Debit Card,Bi-Weekly,
856,36,Sneakers,Female,Footwear,137.74,Dallas,XL,Yellow,Summer,4.9,Yes,2-Day Shipping,Yes,Yes,11,Credit Card,Bi-Weekly,
857,23,Mouse,Female,Electronics,124.4,San Jose,L,White,Fall,4.1,No,Standard,Yes,Yes,5,Bank Transfer,Monthly,
858,53,Heels,Female,Footwear,45.27,Atlanta,XXL,Red,Winter,4.4,Yes,Standard,No,No,4,PayPal,Quarterly,
859,36,Scarf,Male,Accessories,44.42,Phoenix,M,Brown,Spring,3.2,Yes,Free Shipping,Yes,Yes,10,Digital Wallet,Monthly,
860,47,Headphones,Female,Electronics,108.77,Houston,XL,Red,Winter,2.0,No,Standard,Yes,Yes,2,Credit Card,Monthly,
861,52,Shorts,Female,Clothing,30.44,San Diego,XL,Black,Summer,4.0,Yes,Standard,Yes,Yes,3,Bank Transfer,Monthly,
862,36,Headphones,Male,Electronics,323.68,Atlanta,M,Purple,Fall,3.9,No,Express,No,Yes,3,Debit Card,Monthly,
863,38,Jeans,Male,Clothing,100.97,Austin,L,Green,Winter,3.4,No,Next Day Air,Yes,Yes,2,Bank Transfer,Monthly,
864,38,Sweater,Male,Clothing,146.43,Portland,L,Yellow,Spring,4.1,No,Free Shipping,No,No,5,Debit Card,Bi-Weekly,
865,31,Jacket,Female,Clothing,124.66,Miami,S,Blue,Winter,3.7,No,Express,Yes,Yes,0,Debit Card,Monthly,
866,40,Pillow,Female,Home,185.71,Denver,S,White,Spring,3.9,Yes,Standard,Yes,Yes,4,Debit Card,Weekly,
867,26,Slippers,Non-Binary,Footwear,118.44,Atlanta,XL,Blue,Fall,4.1,Yes,2-Day Shipping,Yes,Yes,5,Digital Wallet,Monthly,
868,29,Mouse,Female,Electronics,338.17,Seattle,S,Navy,Spring,4.0,No,Next Day Air,No,No,3,Cash,Monthly,
869,42,Smartwatch,Male,Electronics,104.6,Detroit,M,Green,Spring,3.6,Yes,Standard,Yes,Yes,4,Digital Wallet,Quarterly,
870,19,Bluetooth Speaker,Female,Electronics,111.45,Los Angeles,XL,Red,Fall,3.0,No,Free Shipping,No,No,1,PayPal,Weekly,
871,27,Storage Box,Male,Home,27.72,Houston,L,Purple,Winter,4.0,No,Standard,No,No,2,Digital Wallet,Quarterly,
872,18,Makeup Kit,Male,Beauty,11.09,Denver,M,White,Spring,4.4,Yes,Standard,No,No,5,Credit Card,Monthly,
873,32,Sunglasses,Male,Accessories,233.91,Denver,M,White,Fall,5.0,No,Free Shipping,Yes,Yes,3,PayPal,Quarterly,
874,63,Belt,Male,Accessories,94.66,Detroit,L,Brown,Winter,4.5,No,Free Shipping,No,No,1,Bank Transfer,Annually,
875,40,Dress,Female,Clothing,173.77,Austin,M,Pink,Winter,2.5,Yes,2-Day Shipping,No,No,3,PayPal,Quarterly,
876,31,Jacket,Male,Clothing,16.02,San Diego,M,Yellow,Winter,3.8,No,Standard,Yes,Yes,3,Credit Card,Monthly,
877,37,Jacket,Female,Clothing,107.99,Philadelphia,XXL,Gray,Winter,4.9,No,Standard,No,Yes,4,Bank Transfer,Monthly,
878,49,Headphones,Female,Electronics,32.93,Phoenix,L,Blue,Summer,4.1,Yes,Standard,No,No,5,Credit Card,Monthly,
879,38,Makeup Kit,Non-Binary,Beauty,85.5,Boston,S,Blue,Fall,3.8,No,Standard,No,No,5,Cash,Monthly,
880,45,Running Shoes,Male,Footwear,47.94,San Antonio,M,Green,Spring,3.2,Yes,Free Shipping,Yes,Yes,3,PayPal,Bi-Weekly,
881,36,Sneakers,Male,Footwear,146.3,Denver,M,Purple,Fall,4.6,Yes,2-Day Shipping,No,No,4,PayPal,Monthly,
882,39,Loafers,Female,Footwear,167.1,San Jose,L,Blue,Fall,4.2,No,Standard,No,No,4,Credit Card,Monthly,
883,45,Hoodie,Female,Clothing,30.95,Portland,XL,Blue,Fall,4.2,Yes,Express,No,No,4,Cash,Quarterly,
884,35,Skirt,Non-Binary,Clothing,156.3,Jacksonville,M,Red,Summer,3.4,No,Standard,Yes,Yes,3,Debit Card,Bi-Weekly,
885,18,Heels,Male,Footwear,83.18,Atlanta,M,Black,Winter,3.0,No,Next Day Air,Yes,Yes,3,Credit Card,Weekly,
886,43,Sweater,Male,Clothing,113.25,San Diego,XL,Pink,Summer,3.4,No,Free Shipping,No,No,5,Credit Card,Weekly,
887,35,Sandals,Male,Footwear,144.0,Chicago,L,Black,Summer,5.0,Yes,Standard,No,No,2,Bank Transfer,Bi-Weekly,
888,61,Headphones,Male,Electronics,232.12,Phoenix,M,Green,Spring,3.3,No,Free Shipping,Yes,Yes,4,Cash,Quarterly,
889,23,Jacket,Male,Clothing,127.48,Atlanta,M,Brown,Fall,4.3,Yes,Free Shipping,No,No,7,Debit Card,Monthly,
890,32,Boots,Non-Binary,Footwear,46.57,Miami,M,Green,Fall,4.8,Yes,2-Day Shipping,No,No,4,Debit Card,Bi-Weekly,
891,32,Coffee Mug,Male,Home,85.38,Jacksonville,S,Blue,Fall,3.4,No,Standard,No,No,3,Credit Card,Weekly,
892,18,Table Lamp,Female,Home,101.5,New York,S,Pink,Spring,4.1,Yes,Express,No,No,6,Debit Card,Weekly,
893,18,Backpack,Female,Accessories,237.19,Philadelphia,M,Yellow,Spring,4.5,Yes,Free Shipping,Yes,Yes,4,Debit Card,Monthly,
894,34,Wallet,Female,Accessories,15.24,San Diego,M,White,Winter,3.3,Yes,Express,No,No,6,Digital Wallet,Monthly,
895,42,Loafers,Female,Footwear,71.91,Portland,M,Navy,Spring,4.8,Yes,Standard,No,Yes,6,PayPal,Bi-Weekly,
896,56,Shorts,Male,Clothing,45.55,New York,XXL,Brown,Spring,3.2,No,2-Day Shipping,No,No,5,Credit Card,Quarterly,
897,56,Coffee Mug,Female,Home,103.21,Seattle,XL,Red,Fall,3.9,No,Express,Yes,Yes,2,Debit Card,Quarterly,
898,26,Bedsheet,Female,Home,143.87,Houston,XS,Black,Winter,3.5,No,Free Shipping,No,No,2,Digital Wallet,Quarterly,
899,27,Cushion,Female,Home,105.22,Dallas,L,Black,Winter,3.7,Yes,Next Day Air,Yes,Yes,6,Credit Card,Bi-Weekly,
900,37,Face Cream,Female,Beauty,54.47,Jacksonville,L,Blue,Fall,3.6,No,Standard,Yes,Yes,1,Debit Card,Monthly,
901,54,Dress,Female,Clothing,152.03,Phoenix,S,Yellow,Spring,3.2,Yes,2-Day Shipping,Yes,Yes,6,Cash,Monthly,
902,63,Sandals,Male,Footwear,42.7,San Antonio,L,Pink,Winter,3.4,Yes,2-Day Shipping,No,No,4,Credit Card,Weekly,
903,29,Backpack,Male,Accessories,24.74,Detroit,L,Purple,Spring,4.1,No,Express,Yes,Yes,6,PayPal,Monthly,
904,44,Loafers,Female,Footwear,158.08,Miami,M,Yellow,Winter,4.6,Yes,Free Shipping,No,No,6,Bank Transfer,Quarterly,
905,39,Coat,Female,Clothing,41.03,Denver,M,Red,Fall,4.1,Yes,Standard,No,No,4,Bank Transfer,Annually,
906,42,Coat,Male,Clothing,145.81,Boston,M,Pink,Winter,4.0,No,Express,Yes,Yes,4,Credit Card,Bi-Weekly,
907,31,Hoodie,Male,Clothing,145.02,Miami,M,Green,Spring,5.0,No,Free Shipping,Yes,Yes,1,Bank Transfer,Annually,
908,24,Slippers,Female,Footwear,144.34,Seattle,L,Brown,Spring,3.0,Yes,Next Day Air,Yes,Yes,5,Debit Card,Weekly,
909,27,Mouse,Non-Binary,Electronics,130.55,Miami,XL,Pink,Summer,3.4,No,Standard,Yes,Yes,6,Credit Card,Quarterly,
910,56,Jacket,Female,Clothing,111.69,Denver,L,Black,Summer,3.3,No,Free Shipping,Yes,Yes,3,PayPal,Monthly,
911,44,Sweater,Male,Clothing,82.36,San Antonio,M,Green,Winter,3.5,Yes,Standard,Yes,Yes,7,Digital Wallet,Monthly,
912,29,Boots,Male,Footwear,70.6,San Diego,XS,Red,Spring,3.4,Yes,Standard,No,No,2,Digital Wallet,Annually,
913,50,Storage Box,Female,Home,163.71,Las Vegas,One Size,Blue,Fall,3.5,No,2-Day Shipping,Yes,Yes,2,PayPal,Bi-Weekly,
914,39,Coat,Male,Clothing,93.64,Denver,L,Black,Winter,2.4,Yes,Standard,Yes,Yes,2,Bank Transfer,Weekly,
915,39,Handbag,Male,Accessories,87.79,New York,M,Green,Summer,2.8,Yes,Express,No,No,11,Digital Wallet,Weekly,
916,38,Skirt,Female,Clothing,76.09,Las Vegas,M,Black,Fall,3.6,No,Free Shipping,Yes,Yes,1,Cash,Annually,
917,31,Skirt,Female,Clothing,100.33,San Antonio,L,Pink,Spring,3.9,No,Free Shipping,Yes,Yes,7,Debit Card,Monthly,
918,39,Bluetooth Speaker,Female,Electronics,400.51,Houston,M,Pink,Spring,4.1,No,Express,Yes,Yes,3,Debit Card,Weekly,
919,34,T-Shirt,Male,Clothing,136.08,San Antonio,S,Red,Fall,3.3,No,Express,Yes,Yes,2,Credit Card,Quarterly,
920,34,T-Shirt,Male,Clothing,20.43,San Jose,M,Gray,Summer,3.6,Yes,Standard,No,Yes,11,Digital Wallet,Weekly,
921,39,T-Shirt,Female,Clothing,66.26,Las Vegas,XL,Green,Summer,5.0,No,Standard,Yes,Yes,2,Digital Wallet,Monthly,
922,59,Headphones,Female,Electronics,195.49,Phoenix,XL,Gray,Fall,4.4,No,Standard,Yes,Yes,4,Digital Wallet,Quarterly,
923,42,Mouse,Female,Electronics,340.41,Miami,S,Navy,Winter,3.5,Yes,2-Day Shipping,Yes,Yes,4,Cash,Monthly,
924,42,T-Shirt,Male,Clothing,76.8,Jacksonville,M,Brown,Winter,4.6,Yes,2-Day Shipping,No,No,5,Debit Card,Monthly,
925,30,Skirt,Male,Clothing,110.73,Las Vegas,XL,White,Summer,1.7,Yes,Express,Yes,Yes,4,Credit Card,Bi-Weekly,
926,36,Headphones,Female,Electronics,53.76,New York,M,Black,Fall,3.2,No,Next Day Air,No,Yes,3,PayPal,Quarterly,
927,54,Storage Box,Female,Home,180.22,Las Vegas,XS,Gray,Spring,3.3,Yes,Standard,Yes,Yes,3,PayPal,Quarterly,
928,34,Bedsheet,Male,Home,145.64,Philadelphia,L,Brown,Winter,4.2,Yes,2-Day Shipping,Yes,Yes,10,Credit Card,Monthly,
929,34,Curtain,Female,Home,17.22,New York,L,Gray,Fall,3.9,Yes,2-Day Shipping,Yes,Yes,2,Debit Card,Bi-Weekly,
930,56,Phone Case,Female,Electronics,75.72,Houston,XS,Gray,Spring,4.1,Yes,Standard,No,No,4,PayPal,Monthly,
931,26,Sandals,Female,Footwear,191.26,New York,XL,White,Winter,3.5,Yes,Free Shipping,No,No,6,Debit Card,Weekly,
932,37,Face Cream,Male,Beauty,49.25,Los Angeles,XL,White,Summer,3.9,No,Standard,Yes,Yes,2,Cash,Bi-Weekly,
933,32,Shorts,Female,Clothing,178.87,Boston,M,Green,Summer,3.2,No,2-Day Shipping,Yes,Yes,3,Credit Card,Annually,
934,46,Dress,Female,Clothing,55.32,Chicago,XXL,Yellow,Fall,4.6,No,Standard,No,Yes,1,Debit Card,Monthly,
935,18,Face Wash,Female,Beauty,19.62,Phoenix,M,Pink,Summer,3.2,No,Free Shipping,Yes,Yes,5,Digital Wallet,Weekly,
936,49,Skirt,Female,Clothing,80.17,Jacksonville,S,Red,Spring,3.5,No,Free Shipping,No,No,3,Digital Wallet,Bi-Weekly,
937,23,Headphones,Female,Electronics,187.02,Denver,M,Navy,Winter,4.9,No,Express,No,No,4,Digital Wallet,Quarterly,
938,29,Shorts,Male,Clothing,167.88,Seattle,S,Navy,Spring,5.0,Yes,Standard,No,Yes,3,Credit Card,Quarterly,
939,28,Handbag,Male,Accessories,162.64,Houston,XS,Green,Fall,4.2,No,2-Day Shipping,Yes,Yes,5,PayPal,Bi-Weekly,
940,29,Hoodie,Female,Clothing,114.54,Las Vegas,M,Blue,Spring,4.2,Yes,2-Day Shipping,Yes,Yes,2,PayPal,Monthly,
941,32,Sandals,Female,Footwear,41.31,Atlanta,L,Gray,Winter,4.5,No,Standard,No,No,0,Credit Card,Weekly,
942,25,Handbag,Male,Accessories,32.65,New York,M,Navy,Winter,4.3,No,Express,Yes,Yes,3,Credit Card,Bi-Weekly,
943,24,Coat,Non-Binary,Clothing,68.45,San Diego,XL,Blue,Fall,3.6,No,Free Shipping,No,No,1,Bank Transfer,Weekly,
944,40,Bluetooth Speaker,Male,Electronics,366.47,Austin,L,Brown,Winter,3.9,No,Standard,Yes,Yes,3,PayPal,Monthly,
945,30,Boots,Non-Binary,Footwear,143.51,Seattle,S,Red,Fall,4.1,No,Next Day Air,No,No,4,Debit Card,Monthly,
946,39,Sandals,Male,Footwear,50.34,Portland,XL,Red,Fall,2.7,Yes,Free Shipping,No,No,6,Debit Card,Bi-Weekly,
947,34,Face Wash,Female,Beauty,73.43,New York,M,Blue,Spring,3.0,No,Free Shipping,Yes,Yes,2,Credit Card,Monthly,
948,39,Storage Box,Male,Home,69.91,San Jose,M,Yellow,Fall,5.0,No,Standard,Yes,Yes,5,Credit Card,Weekly,
949,39,Curtain,Male,Home,187.52,San Antonio,M,Gray,Spring,4.4,No,Next Day Air,No,Yes,2,Cash,Quarterly,
950,53,Coat,Male,Clothing,129.22,Detroit,M,Navy,Winter,5.0,No,Next Day Air,Yes,Yes,3,Credit Card,Quarterly,
951,40,Mouse,Male,Electronics,337.31,Los Angeles,S,Red,Spring,3.8,No,Standard,Yes,Yes,0,Debit Card,Quarterly,
952,51,T-Shirt,Female,Clothing,102.56,San Antonio,M,Blue,Spring,2.7,No,Free Shipping,Yes,Yes,6,PayPal,Bi-Weekly,
953,35,Mouse,Non-Binary,Electronics,384.9,Houston,M,Gray,Fall,3.6,Yes,Express,No,No,6,Bank Transfer,Weekly,
954,45,Dress,Female,Clothing,143.19,Miami,L,Blue,Summer,3.4,No,Standard,No,No,5,PayPal,Monthly,
955,36,Slippers,Non-Binary,Footwear,79.41,Houston,S,Black,Fall,4.0,No,Next Day Air,Yes,Yes,6,Digital Wallet,Quarterly,
956,46,Power Bank,Female,Electronics,386.69,Denver,L,Green,Spring,2.3,No,Standard,Yes,Yes,0,Bank Transfer,Monthly,
957,36,Perfume,Male,Beauty,18.14,Denver,M,Pink,Spring,3.4,No,2-Day Shipping,Yes,Yes,1,Credit Card,Annually,
958,38,Face Cream,Female,Beauty,71.18,Detroit,L,Red,Winter,2.7,No,Express,Yes,Yes,2,Bank Transfer,Quarterly,
959,44,Wallet,Male,Accessories,157.01,Philadelphia,M,Black,Fall,3.3,Yes,Standard,No,No,5,Digital Wallet,Bi-Weekly,
960,51,Curtain,Female,Home,69.31,Miami,L,Gray,Spring,3.3,No,Free Shipping,Yes,Yes,4,Digital Wallet,Bi-Weekly,
961,31,Bedsheet,Male,Home,113.15,Boston,S,Pink,Summer,3.5,Yes,Free Shipping,No,Yes,2,Credit Card,Monthly,
962,54,Jeans,Male,Clothing,95.61,New York,M,Red,Fall,4.4,No,2-Day Shipping,No,No,2,Credit Card,Monthly,
963,44,Sneakers,Male,Footwear,196.15,Austin,XXL,Pink,Spring,3.0,No,2-Day Shipping,No,No,4,Credit Card,Monthly,
964,42,Skirt,Female,Clothing,135.66,Seattle,M,White,Summer,5.0,No,Standard,Yes,Yes,2,Digital Wallet,Quarterly,
965,26,Wallet,Female,Accessories,32.39,Miami,L,Yellow,Summer,4.6,No,2-Day Shipping,Yes,Yes,2,Credit Card,Quarterly,
966,43,Slippers,Female,Footwear,188.16,New York,M,White,Fall,2.8,No,Express,Yes,Yes,3,PayPal,Monthly,
967,46,Running Shoes,Female,Footwear,204.76,Denver,L,Blue,Summer,4.2,No,Free Shipping,Yes,Yes,4,Digital Wallet,Monthly,
968,26,Dress,Male,Clothing,90.42,Miami,M,White,Fall,3.9,Yes,Express,No,Yes,4,Digital Wallet,Quarterly,
969,41,Lipstick,Female,Beauty,71.55,San Jose,M,Yellow,Summer,4.0,No,Free Shipping,Yes,Yes,4,PayPal,Quarterly,
970,36,Slippers,Female,Footwear,91.93,New York,M,Pink,Winter,4.5,No,2-Day Shipping,No,No,2,Debit Card,Weekly,
971,51,Curtain,Male,Home,105.0,Seattle,S,Pink,Spring,4.6,No,Free Shipping,Yes,Yes,3,Credit Card,Monthly,
972,47,Hat,Female,Accessories,202.69,Seattle,M,Pink,Winter,4.1,Yes,Express,Yes,Yes,1,Bank Transfer,Quarterly,
973,55,Pillow,Male,Home,125.5,Houston,L,Blue,Spring,4.8,No,2-Day Shipping,Yes,Yes,3,Credit Card,Bi-Weekly,
974,47,Shorts,Male,Clothing,23.22,Jacksonville,M,Green,Summer,3.9,No,Free Shipping,Yes,Yes,4,Digital Wallet,Quarterly,
975,49,T-Shirt,Non-Binary,Clothing,126.15,Chicago,M,White,Winter,3.0,Yes,Standard,Yes,Yes,6,Debit Card,Weekly,
976,32,Hat,Male,Accessories,239.31,Denver,L,Pink,Spring,2.2,No,Express,No,No,3,Cash,Annually,
977,33,Jacket,Female,Clothing,125.23,San Antonio,L,Navy,Fall,3.4,No,Express,Yes,Yes,5,Credit Card,Annually,
978,47,Running Shoes,Male,Footwear,169.96,Houston,M,Navy,Summer,2.1,No,Free Shipping,No,Yes,3,Digital Wallet,Quarterly,
979,25,Loafers,Female,Footwear,208.6,Detroit,M,Navy,Winter,3.2,No,Standard,No,No,4,Digital Wallet,Monthly,
980,38,T-Shirt,Female,Clothing,125.96,Austin,M,Navy,Fall,4.4,No,Free Shipping,Yes,Yes,1,Credit Card,Bi-Weekly,
981,33,Backpack,Female,Accessories,200.11,San Diego,M,Navy,Summer,3.4,No,Standard,No,No,2,Cash,Monthly,
982,21,Phone Case,Female,Electronics,369.32,Los Angeles,S,Red,Fall,2.5,No,Standard,Yes,Yes,5,Debit Card,Annually,
983,45,Wallet,Male,Accessories,111.27,Portland,M,Brown,Summer,4.3,No,Standard,Yes,Yes,4,PayPal,Quarterly,
984,49,Jeans,Female,Clothing,98.01,San Antonio,XL,Red,Winter,3.5,No,Free Shipping,Yes,Yes,2,Bank Transfer,Monthly,
985,44,Skirt,Female,Clothing,103.62,San Jose,L,Purple,Fall,4.3,No,Express,No,No,3,Debit Card,Quarterly,
986,34,Backpack,Male,Accessories,106.74,Austin,XXL,Yellow,Fall,4.3,No,Free Shipping,Yes,Yes,3,Bank Transfer,Quarterly,
987,45,Slippers,Male,Footwear,134.2,New York,L,Gray,Spring,3.4,Yes,Free Shipping,No,No,14,Debit Card,Bi-Weekly,
988,42,Coat,Male,Clothing,113.25,Philadelphia,XXL,Red,Fall,5.0,No,2-Day Shipping,No,No,3,Digital Wallet,Annually,
989,28,Coat,Male,Clothing,126.67,San Diego,L,Pink,Spring,3.9,No,Free Shipping,Yes,Yes,3,Credit Card,Monthly,
990,24,Power Bank,Female,Electronics,33.13,Portland,S,Gray,Winter,4.2,Yes,2-Day Shipping,Yes,Yes,6,Bank Transfer,Weekly,
991,45,Jacket,Male,Clothing,91.55,San Jose,M,White,Spring,4.2,Yes,Standard,No,No,6,Digital Wallet,Monthly,
992,49,Skirt,Female,Clothing,179.32,Atlanta,XL,Navy,Summer,3.7,No,Free Shipping,No,No,3,Bank Transfer,Monthly,
993,33,Jacket,Male,Clothing,84.72,Dallas,S,Navy,Winter,4.3,Yes,Express,No,No,7,Cash,Bi-Weekly,
994,34,Power Bank,Male,Electronics,170.24,Los Angeles,M,Pink,Summer,4.9,No,2-Day Shipping,No,No,2,PayPal,Quarterly,
995,18,T-Shirt,Female,Clothing,176.38,Seattle,M,Pink,Spring,2.9,No,2-Day Shipping,Yes,Yes,5,Debit Card,Monthly,
996,22,Shorts,Male,Clothing,174.17,San Diego,M,White,Spring,3.0,No,Free Shipping,Yes,Yes,4,Credit Card,Bi-Weekly,
997,48,Sweater,Female,Clothing,161.98,Denver,M,Pink,Summer,3.9,No,Standard,No,No,2,Credit Card,Monthly,
998,42,Cushion,Male,Home,51.19,Detroit,L,Green,Spring,5.0,Yes,Free Shipping,No,No,3,Credit Card,Monthly,
999,43,Shampoo,Female,Beauty,56.85,Austin,One Size,Purple,Fall,3.6,No,Free Shipping,Yes,Yes,4,Credit Card,Annually,
1000,33,Phone Case,Male,Electronics,24.62,Los Angeles,XL,Green,Winter,3.4,No,Standard,No,No,2,Debit Card,Quarterly,
1001,46,Smartwatch,Male,Electronics,437.0,San Jose,L,Green,Fall,3.6,No,Standard,Yes,Yes,4,Credit Card,Monthly,
1002,39,Bluetooth Speaker,Male,Electronics,157.2,Jacksonville,M,Gray,Winter,5.0,Yes,Express,No,No,6,Bank Transfer,Bi-Weekly,
1003,35,Hat,Female,Accessories,74.62,Austin,M,Navy,Winter,4.4,No,Express,No,No,4,Bank Transfer,Bi-Weekly,
1004,57,Curtain,Female,Home,106.47,Las Vegas,L,Navy,Winter,4.2,Yes,Free Shipping,No,No,3,PayPal,Quarterly,
1005,53,Mouse,Male,Electronics,188.89,Phoenix,M,Yellow,Spring,3.5,No,Express,No,No,1,Bank Transfer,Quarterly,
1006,20,Jeans,Female,Clothing,158.21,New York,XL,Black,Winter,4.2,No,2-Day Shipping,No,No,3,Digital Wallet,Weekly,
1007,38,Slippers,Male,Footwear,147.52,Las Vegas,M,Pink,Winter,3.1,No,Standard,No,Yes,4,Credit Card,Quarterly,
1008,18,Scarf,Male,Accessories,28.29,San Antonio,XL,Green,Summer,4.4,No,Standard,Yes,Yes,2,Credit Card,Monthly,
1009,18,Slippers,Female,Footwear,89.14,Phoenix,M,Black,Spring,4.0,No,Free Shipping,Yes,Yes,4,Debit Card,Monthly,
1010,29,Sweater,Male,Clothing,153.53,Denver,L,Brown,Summer,3.4,Yes,Standard,Yes,Yes,2,Debit Card,Annually,
1011,18,Sweater,Male,Clothing,132.94,San Antonio,XL,Pink,Summer,3.8,No,Next Day Air,No,No,2,Debit Card,Bi-Weekly,
1012,18,Dress,Female,Clothing,30.34,Detroit,XL,Navy,Fall,4.1,No,Free Shipping,Yes,Yes,0,Debit Card,Monthly,
1013,30,Handbag,Male,Accessories,155.65,Houston,M,Brown,Summer,4.2,No,Free Shipping,No,No,3,Credit Card,Monthly,
1014,32,Jeans,Non-Binary,Clothing,87.15,Philadelphia,L,Navy,Summer,3.8,Yes,2-Day Shipping,No,Yes,4,Cash,Monthly,
1015,43,Perfume,Female,Beauty,110.39,Chicago,M,Black,Spring,3.7,No,Express,No,No,0,PayPal,Monthly,
1016,43,Dress,Male,Clothing,73.91,Boston,XXL,Purple,Summer,4.4,No,Standard,No,Yes,1,PayPal,Bi-Weekly,
1017,40,Coffee Mug,Male,Home,155.95,Austin,M,Gray,Summer,3.9,No,2-Day Shipping,Yes,Yes,2,PayPal,Monthly,
1018,36,Mouse,Female,Electronics,349.05,Jacksonville,L,Gray,Spring,5.0,No,Free Shipping,Yes,Yes,6,Credit Card,Weekly,
1019,18,Boots,Female,Footwear,50.44,Atlanta,S,Red,Spring,3.8,Yes,Express,Yes,Yes,6,Credit Card,Monthly,
1020,22,Backpack,Male,Accessories,149.11,Philadelphia,M,Yellow,Summer,3.6,No,Standard,Yes,Yes,5,Bank Transfer,Monthly,
1021,31,Jacket,Male,Clothing,178.56,Austin,L,Green,Summer,4.6,Yes,Standard,Yes,Yes,3,Debit Card,Quarterly,
1022,43,Loafers,Male,Footwear,159.81,Chicago,M,Green,Fall,4.0,Yes,Express,Yes,Yes,4,Debit Card,Annually,
1023,46,Jacket,Female,Clothing,87.94,Atlanta,L,Black,Fall,3.7,No,Standard,No,No,3,Digital Wallet,Quarterly,
1024,38,Pillow,Male,Home,45.06,Dallas,XL,Navy,Fall,4.1,Yes,Standard,No,No,5,Debit Card,Weekly,
1025,39,Makeup Kit,Female,Beauty,83.37,Los Angeles,M,Brown,Fall,4.1,Yes,Next Day Air,Yes,Yes,1,Credit Card,Bi-Weekly,
1026,47,Watch,Male,Accessories,20.86,San Antonio,L,Purple,Fall,4.5,Yes,Express,No,No,3,Digital Wallet,Bi-Weekly,
1027,56,Coat,Female,Clothing,175.57,San Diego,L,Black,Winter,3.4,No,2-Day Shipping,Yes,Yes,2,Debit Card,Bi-Weekly,
1028,19,Boots,Male,Footwear,82.65,Phoenix,M,Pink,Summer,5.0,No,Standard,Yes,Yes,1,PayPal,Quarterly,
1029,38,Shorts,Male,Clothing,75.95,Las Vegas,XL,Gray,Summer,3.2,No,Free Shipping,No,No,1,Credit Card,Weekly,
1030,45,Belt,Female,Accessories,41.49,Austin,M,Brown,Fall,4.7,No,Express,No,No,6,Credit Card,Bi-Weekly,
1031,35,Backpack,Female,Accessories,78.32,Houston,S,Pink,Fall,4.5,No,Standard,Yes,Yes,1,Credit Card,Monthly,
1032,50,Sandals,Male,Footwear,189.8,Austin,M,Navy,Summer,3.4,Yes,2-Day Shipping,No,No,4,Credit Card,Annually,
1033,43,T-Shirt,Female,Clothing,101.71,Boston,XL,Yellow,Winter,4.0,No,Standard,No,No,3,PayPal,Annually,
1034,26,Mouse,Female,Electronics,401.91,Los Angeles,M,White,Summer,3.4,Yes,Standard,No,No,5,Debit Card,Monthly,
1035,36,Skirt,Female,Clothing,61.88,Jacksonville,L,Navy,Winter,3.3,No,Standard,No,No,1,Debit Card,Weekly,
1036,41,Skirt,Female,Clothing,157.29,Atlanta,XL,Blue,Summer,2.9,No,2-Day Shipping,No,No,2,Bank Transfer,Monthly,
1037,25,Pillow,Female,Home,125.06,Portland,XL,Brown,Fall,3.1,Yes,Free Shipping,No,No,8,PayPal,Quarterly,
1038,40,Heels,Male,Footwear,69.88,Phoenix,M,White,Fall,3.1,No,Free Shipping,No,Yes,3,Debit Card,Quarterly,
1039,47,Sweater,Female,Clothing,84.38,Austin,XL,Green,Summer,4.5,No,Free Shipping,No,No,3,Digital Wallet,Quarterly,
1040,34,Mouse,Female,Electronics,112.63,New York,XXL,Pink,Spring,3.9,No,Next Day Air,No,No,3,Cash,Weekly,
1041,18,Jacket,Female,Clothing,140.25,Portland,XL,Red,Summer,3.8,No,Free Shipping,No,No,5,Digital Wallet,Weekly,
1042,43,Scarf,Male,Accessories,37.06,Seattle,S,Gray,Fall,3.3,No,Next Day Air,No,No,4,Debit Card,Monthly,
1043,36,Shorts,Male,Clothing,33.41,San Jose,S,Pink,Winter,4.0,Yes,Express,No,No,7,PayPal,Bi-Weekly,
1044,32,Bluetooth Speaker,Female,Electronics,137.07,San Jose,S,Gray,Winter,4.4,No,Free Shipping,Yes,Yes,2,Bank Transfer,Quarterly,
1045,18,Hat,Female,Accessories,168.31,Portland,L,Purple,Winter,2.4,Yes,Express,No,No,5,Debit Card,Bi-Weekly,
1046,38,Jeans,Female,Clothing,16.22,Miami,L,White,Winter,4.4,No,Standard,No,No,5,Credit Card,Weekly,
1047,29,Pillow,Male,Home,185.16,San Diego,S,Green,Spring,3.2,No,Express,No,No,3,Debit Card,Monthly,
1048,41,Sweater,Female,Clothing,37.38,San Jose,L,Gray,Spring,4.3,Yes,Free Shipping,Yes,Yes,2,PayPal,Quarterly,
1049,35,Heels,Male,Footwear,87.01,Jacksonville,XS,Brown,Summer,4.9,Yes,Free Shipping,No,No,3,Digital Wallet,Monthly,
1050,31,Dress,Female,Clothing,175.64,Miami,L,Brown,Summer,2.5,Yes,Express,No,No,2,Debit Card,Monthly,
1051,43,Hat,Non-Binary,Accessories,194.83,New York,M,Gray,Summer,3.1,Yes,Express,No,No,7,Cash,Bi-Weekly,
1052,45,Backpack,Male,Accessories,15.43,San Jose,L,White,Summer,4.0,No,2-Day Shipping,No,No,0,PayPal,Annually,
1053,54,Keyboard,Male,Electronics,445.14,Detroit,M,Black,Spring,3.4,No,Express,Yes,Yes,2,Debit Card,Annually,
1054,38,Belt,Female,Accessories,120.34,Atlanta,S,Navy,Spring,3.7,No,Next Day Air,No,No,2,Credit Card,Monthly,
1055,28,Coat,Female,Clothing,29.13,Phoenix,M,Yellow,Summer,4.3,Yes,Next Day Air,No,No,8,Cash,Weekly,
1056,45,Shorts,Male,Clothing,149.97,Phoenix,L,Navy,Spring,2.5,Yes,Standard,Yes,Yes,4,Cash,Annually,
1057,25,Pillow,Male,Home,115.58,Las Vegas,M,Brown,Winter,4.0,No,Standard,No,Yes,2,Credit Card,Quarterly,
1058,35,Jeans,Male,Clothing,56.04,San Jose,L,Red,Spring,4.9,Yes,Express,No,No,7,PayPal,Weekly,
1059,27,Coat,Male,Clothing,109.54,Houston,XXL,Navy,Winter,3.6,No,Free Shipping,No,No,4,Bank Transfer,Monthly,
1060,20,Curtain,Female,Home,39.43,Seattle,M,Green,Summer,3.2,Yes,Express,No,Yes,4,PayPal,Weekly,
1061,41,Slippers,Male,Footwear,25.27,Austin,S,Pink,Spring,3.5,No,Express,No,No,1,PayPal,Quarterly,
1062,18,Jacket,Female,Clothing,77.9,Las Vegas,L,Pink,Spring,4.1,No,Free Shipping,Yes,Yes,1,Cash,Quarterly,
1063,26,Sneakers,Male,Footwear,134.19,Phoenix,XL,Black,Winter,3.4,Yes,Next Day Air,No,No,6,Debit Card,Monthly,
1064,26,Jacket,Male,Clothing,177.36,Austin,L,White,Fall,4.1,Yes,Next Day Air,No,Yes,5,Credit Card,Monthly,
1065,44,Bluetooth Speaker,Male,Electronics,230.74,New York,L,Yellow,Spring,4.8,Yes,Express,No,No,5,Debit Card,Monthly,
1066,26,Sandals,Female,Footwear,169.49,San Jose,M,White,Winter,3.5,No,Standard,Yes,Yes,0,Bank Transfer,Bi-Weekly,
1067,45,Curtain,Non-Binary,Home,125.62,Seattle,XL,Brown,Fall,2.6,Yes,Free Shipping,Yes,Yes,6,PayPal,Quarterly,
1068,43,Bluetooth Speaker,Female,Electronics,37.56,Denver,S,Black,Fall,3.4,No,Express,No,No,4,Digital Wallet,Monthly,
1069,38,Scarf,Female,Accessories,112.61,Houston,S,Blue,Summer,4.6,Yes,Standard,No,No,5,Debit Card,Quarterly,
1070,39,Storage Box,Female,Home,189.84,San Jose,M,Gray,Spring,3.6,Yes,Express,Yes,Yes,6,Credit Card,Monthly,
1071,43,Storage Box,Male,Home,55.0,Portland,M,Brown,Summer,5.0,Yes,Free Shipping,No,No,2,PayPal,Monthly,
1072,42,Shorts,Male,Clothing,120.76,Dallas,S,Purple,Spring,4.1,No,Standard,No,No,4,Digital Wallet,Monthly,
1073,23,T-Shirt,Female,Clothing,31.91,Denver,M,Gray,Fall,4.4,Yes,Standard,Yes,Yes,8,Digital Wallet,Quarterly,
1074,58,Shorts,Male,Clothing,38.28,San Jose,XL,Navy,Winter,4.2,No,Standard,No,Yes,5,Debit Card,Monthly,
1075,18,Sandals,Female,Footwear,66.29,Dallas,XL,Black,Winter,2.7,No,2-Day Shipping,Yes,Yes,2,Credit Card,Quarterly,
1076,49,Coat,Female,Clothing,133.23,Philadelphia,L,Navy,Spring,2.7,No,2-Day Shipping,Yes,Yes,0,Credit Card,Quarterly,
1077,24,Dress,Female,Clothing,143.26,Phoenix,XL,Pink,Fall,4.6,Yes,Standard,No,Yes,4,Debit Card,Annually,
1078,55,Wallet,Female,Accessories,142.52,Atlanta,M,Brown,Spring,4.9,No,Free Shipping,Yes,Yes,3,PayPal,Monthly,
1079,33,Jacket,Male,Clothing,142.97,Jacksonville,M,Green,Spring,3.4,No,Standard,Yes,Yes,6,Credit Card,Quarterly,
1080,25,Boots,Male,Footwear,176.15,Dallas,S,Navy,Spring,4.2,No,Express,No,No,5,PayPal,Quarterly,
1081,30,Jacket,Male,Clothing,61.79,Las Vegas,M,Navy,Spring,4.0,No,Free Shipping,Yes,Yes,0,Debit Card,Quarterly,
1082,19,Slippers,Male,Footwear,27.68,Boston,S,Black,Summer,3.3,No,Next Day Air,No,No,3,Credit Card,Weekly,
1083,18,Coat,Female,Clothing,131.0,Boston,L,Brown,Fall,4.2,No,Standard,No,No,3,Credit Card,Annually,
1084,25,Jeans,Female,Clothing,111.71,Dallas,L,Purple,Fall,3.6,No,Express,No,Yes,3,Debit Card,Quarterly,
1085,32,Belt,Female,Accessories,12.81,Los Angeles,M,Blue,Spring,4.3,Yes,Free Shipping,No,No,8,Digital Wallet,Weekly,
1086,36,Makeup Kit,Female,Beauty,82.5,Dallas,L,Black,Spring,3.4,Yes,Standard,No,No,5,Bank Transfer,Monthly,
1087,35,Dress,Female,Clothing,24.76,Dallas,M,Black,Summer,3.6,No,Next Day Air,No,No,3,Bank Transfer,Quarterly,
1088,32,Face Wash,Male,Beauty,89.82,Chicago,M,Pink,Fall,3.4,No,Express,No,Yes,4,PayPal,Annually,
1089,41,Wallet,Non-Binary,Accessories,178.66,Austin,S,White,Fall,3.4,No,2-Day Shipping,Yes,Yes,1,Credit Card,Monthly,
1090,47,Skirt,Female,Clothing,143.63,Las Vegas,M,Blue,Fall,5.0,Yes,Express,No,Yes,3,Debit Card,Monthly,
1091,23,Phone Case,Male,Electronics,84.75,Dallas,XXL,Blue,Summer,3.1,Yes,Next Day Air,No,Yes,6,Credit Card,Monthly,
1092,38,Mouse,Female,Electronics,189.51,Boston,M,Gray,Fall,4.1,Yes,Standard,No,No,4,Debit Card,Monthly,
1093,47,Jacket,Female,Clothing,128.55,Chicago,XS,White,Summer,5.0,Yes,Standard,Yes,Yes,7,Credit Card,Weekly,
1094,18,Bluetooth Speaker,Female,Electronics,352.61,Dallas,L,Gray,Summer,4.0,No,Free Shipping,Yes,Yes,2,PayPal,Weekly,
1095,40,Body Lotion,Female,Beauty,63.15,Houston,XS,Purple,Spring,3.5,No,2-Day Shipping,Yes,Yes,3,Bank Transfer,Quarterly,
1096,30,Pillow,Female,Home,27.92,Dallas,S,Brown,Spring,2.5,No,Standard,Yes,Yes,7,Debit Card,Monthly,
1097,30,Loafers,Male,Footwear,143.45,Miami,S,Pink,Spring,4.1,Yes,Free Shipping,No,No,7,Bank Transfer,Bi-Weekly,
1098,48,Curtain,Female,Home,181.89,Portland,XL,Pink,Spring,3.9,Yes,Free Shipping,No,No,5,Cash,Weekly,
1099,43,Coffee Mug,Male,Home,79.65,San Jose,L,Red,Winter,4.9,No,Free Shipping,No,Yes,1,PayPal,Annually,
1100,61,Face Cream,Female,Beauty,15.49,Atlanta,XS,Gray,Summer,4.3,No,Standard,Yes,Yes,6,Digital Wallet,Quarterly,
1101,24,Loafers,Female,Footwear,36.58,Atlanta,S,Gray,Winter,3.7,No,Standard,Yes,Yes,3,Digital Wallet,Bi-Weekly,
1102,39,Hoodie,Female,Clothing,22.9,Boston,L,White,Fall,3.5,No,Free Shipping,No,Yes,2,Credit Card,Quarterly,
1103,52,Perfume,Female,Beauty,108.58,San Antonio,S,Black,Winter,4.1,No,Standard,No,No,3,Credit Card,Monthly,
1104,41,Keyboard,Male,Electronics,285.5,San Antonio,M,Gray,Winter,3.7,No,Standard,Yes,Yes,3,Digital Wallet,Quarterly,
1105,36,Skirt,Female,Clothing,45.56,Austin,L,Brown,Spring,4.7,No,Free Shipping,No,Yes,5,Cash,Bi-Weekly,
1106,54,Loafers,Male,Footwear,194.65,San Antonio,S,Brown,Summer,3.8,Yes,2-Day Shipping,No,No,1,Credit Card,Quarterly,
1107,40,Coat,Female,Clothing,126.25,Boston,M,Gray,Spring,4.7,Yes,Standard,No,No,7,Cash,Weekly,
1108,26,Sunglasses,Male,Accessories,183.06,Austin,XS,Black,Spring,2.6,Yes,Next Day Air,No,No,4,Credit Card,Annually,
1109,39,Boots,Male,Footwear,163.03,San Diego,L,Brown,Spring,4.1,Yes,Free Shipping,No,No,2,Bank Transfer,Monthly,
1110,31,Cushion,Male,Home,148.89,San Jose,M,Brown,Winter,3.0,Yes,Express,No,No,6,Credit Card,Weekly,
1111,42,Loafers,Male,Footwear,166.35,San Antonio,XXL,Brown,Spring,4.0,Yes,Express,Yes,Yes,7,Cash,Monthly,
1112,29,Curtain,Male,Home,197.98,Phoenix,XL,Black,Winter,4.3,No,Standard,No,No,3,Debit Card,Bi-Weekly,
1113,38,T-Shirt,Female,Clothing,22.97,Austin,M,Brown,Spring,3.7,No,Next Day Air,No,No,1,Credit Card,Quarterly,
1114,51,Table Lamp,Non-Binary,Home,47.28,New York,XS,Pink,Winter,2.5,No,Free Shipping,No,No,3,Bank Transfer,Monthly,
1115,63,Keyboard,Female,Electronics,367.04,Las Vegas,L,White,Spring,4.8,Yes,Free Shipping,No,No,2,PayPal,Quarterly,
1116,33,Sweater,Male,Clothing,115.3,Las Vegas,M,Black,Winter,3.4,No,Standard,Yes,Yes,3,Credit Card,Quarterly,
1117,28,Jeans,Male,Clothing,64.67,Phoenix,XL,Red,Fall,4.4,No,Free Shipping,No,Yes,4,Bank Transfer,Quarterly,
1118,39,Jacket,Female,Clothing,158.86,Dallas,XL,Yellow,Winter,3.7,No,Standard,No,No,2,PayPal,Weekly,
1119,38,Sandals,Male,Footwear,75.54,Austin,S,Gray,Winter,4.0,No,Standard,No,No,6,PayPal,Monthly,
1120,53,Dress,Female,Clothing,20.57,San Antonio,M,Navy,Winter,4.6,No,Express,No,No,4,Debit Card,Quarterly,
1121,31,Backpack,Male,Accessories,150.71,San Jose,S,Pink,Fall,3.4,Yes,Free Shipping,No,Yes,8,Debit Card,Weekly,
1122,32,Heels,Female,Footwear,65.94,Detroit,S,Yellow,Summer,3.0,No,Free Shipping,Yes,Yes,4,Credit Card,Monthly,
1123,35,Sneakers,Male,Footwear,202.01,San Antonio,S,Yellow,Winter,4.3,No,Standard,Yes,Yes,4,PayPal,Monthly,
1124,54,Shorts,Male,Clothing,34.31,Denver,L,Navy,Spring,4.9,Yes,2-Day Shipping,Yes,Yes,4,PayPal,Quarterly,
1125,23,Phone Case,Female,Electronics,198.13,Las Vegas,M,Blue,Winter,2.3,Yes,Next Day Air,Yes,Yes,6,PayPal,Monthly,
1126,37,Dress,Female,Clothing,109.6,Dallas,S,Red,Summer,4.2,Yes,Express,No,No,8,PayPal,Weekly,
1127,36,Pillow,Female,Home,109.14,Houston,M,Navy,Fall,4.7,Yes,2-Day Shipping,No,No,6,Credit Card,Weekly,
1128,21,Bedsheet,Male,Home,39.88,Detroit,XL,Blue,Spring,4.1,No,Express,No,No,1,Bank Transfer,Annually,
1129,46,Power Bank,Female,Electronics,160.37,Miami,M,Purple,Winter,2.5,Yes,2-Day Shipping,No,No,6,PayPal,Bi-Weekly,
1130,18,Backpack,Female,Accessories,198.68,Atlanta,M,Purple,Winter,3.4,No,2-Day Shipping,No,No,3,Digital Wallet,Monthly,
1131,40,Boots,Male,Footwear,215.0,Dallas,M,Red,Fall,3.8,No,Next Day Air,Yes,Yes,3,Bank Transfer,Annually,
1132,18,Coat,Female,Clothing,36.72,Austin,M,Brown,Fall,3.8,Yes,Free Shipping,Yes,Yes,3,Debit Card,Quarterly,
1133,32,Jacket,Female,Clothing,118.96,San Jose,XL,Purple,Spring,4.0,No,Express,No,Yes,6,PayPal,Weekly,
1134,39,Lipstick,Female,Beauty,39.9,Dallas,M,Purple,Winter,4.4,Yes,Express,No,No,3,Debit Card,Annually,
1135,25,Coat,Male,Clothing,123.65,Las Vegas,M,Yellow,Winter,4.4,Yes,2-Day Shipping,No,No,2,Cash,Bi-Weekly,
1136,18,Dress,Male,Clothing,85.95,Jacksonville,M,White,Winter,5.0,No,Express,No,Yes,3,Debit Card,Monthly,
1137,63,Power Bank,Male,Electronics,83.68,Seattle,L,Navy,Spring,3.9,No,Free Shipping,No,No,3,Bank Transfer,Annually,
1138,39,Sweater,Female,Clothing,100.65,Portland,XL,Navy,Spring,3.4,Yes,2-Day Shipping,Yes,Yes,7,Cash,Monthly,
1139,45,Watch,Female,Accessories,70.71,Detroit,XS,Blue,Summer,3.9,No,Next Day Air,No,No,5,Digital Wallet,Monthly,
1140,41,Dress,Female,Clothing,132.29,Phoenix,M,Green,Spring,4.2,Yes,Free Shipping,No,No,6,Debit Card,Annually,
1141,32,T-Shirt,Female,Clothing,47.22,Seattle,XL,Yellow,Spring,5.0,No,Next Day Air,No,No,2,Credit Card,Annually,
1142,34,Boots,Male,Footwear,94.67,Atlanta,XL,Black,Summer,4.5,No,2-Day Shipping,Yes,Yes,2,Credit Card,Quarterly,
1143,36,Storage Box,Male,Home,109.8,New York,XS,Green,Spring,3.1,No,Express,No,No,2,Debit Card,Monthly,
1144,31,Bluetooth Speaker,Male,Electronics,126.24,Chicago,L,Black,Fall,3.5,No,Free Shipping,No,No,3,Credit Card,Bi-Weekly,
1145,37,T-Shirt,Female,Clothing,161.9,Las Vegas,L,Red,Winter,2.7,Yes,Standard,No,No,2,Credit Card,Monthly,
1146,38,Wallet,Female,Accessories,45.55,Dallas,L,Yellow,Fall,5.0,No,Free Shipping,No,No,1,Credit Card,Annually,
1147,18,Sneakers,Female,Footwear,90.22,Dallas,L,White,Fall,3.8,Yes,Standard,No,No,6,PayPal,Monthly,
1148,29,Makeup Kit,Female,Beauty,117.53,Boston,L,Green,Winter,4.3,No,2-Day Shipping,Yes,Yes,8,Debit Card,Monthly,
1149,38,Shampoo,Non-Binary,Beauty,40.46,Denver,L,Blue,Winter,3.9,No,Free Shipping,No,No,3,Digital Wallet,Quarterly,
1150,23,Mouse,Female,Electronics,401.31,Dallas,S,Brown,Winter,4.5,Yes,Free Shipping,No,No,3,Credit Card,Quarterly,
1151,30,T-Shirt,Male,Clothing,152.77,Denver,S,Yellow,Winter,4.9,No,Express,No,No,4,Bank Transfer,Monthly,
1152,39,Face Wash,Female,Beauty,83.6,Jacksonville,M,Blue,Fall,3.1,No,Free Shipping,No,No,7,Debit Card,Monthly,
1153,57,Face Cream,Female,Beauty,131.95,Philadelphia,XS,Red,Fall,3.5,No,2-Day Shipping,No,No,3,Digital Wallet,Bi-Weekly,
1154,43,Loafers,Female,Footwear,79.37,Austin,M,Green,Summer,4.8,Yes,Free Shipping,Yes,Yes,6,Debit Card,Monthly,
1155,41,Sneakers,Male,Footwear,201.43,San Jose,L,Navy,Spring,4.9,No,Express,No,No,8,Cash,Bi-Weekly,
1156,49,Jacket,Male,Clothing,73.83,New York,S,Navy,Summer,3.6,No,Free Shipping,Yes,Yes,1,Debit Card,Monthly,
1157,35,Mouse,Male,Electronics,155.03,Seattle,L,Green,Fall,4.2,Yes,Standard,No,No,1,Digital Wallet,Quarterly,
1158,37,Lipstick,Female,Beauty,40.81,Houston,L,Yellow,Summer,3.3,No,Free Shipping,Yes,Yes,2,Credit Card,Monthly,
1159,48,Skirt,Female,Clothing,95.84,Denver,L,Yellow,Spring,4.5,Yes,Express,Yes,Yes,6,Credit Card,Quarterly,
1160,39,Face Cream,Male,Beauty,140.05,San Antonio,L,Black,Fall,3.1,Yes,Standard,No,Yes,7,PayPal,Bi-Weekly,
1161,29,Table Lamp,Female,Home,74.35,Houston,L,Purple,Spring,3.8,No,Express,No,No,1,Credit Card,Bi-Weekly,
1162,21,Bedsheet,Female,Home,157.73,Detroit,XL,Pink,Fall,3.9,Yes,2-Day Shipping,Yes,Yes,2,Digital Wallet,Monthly,
1163,31,Shorts,Female,Clothing,27.45,Philadelphia,L,Red,Summer,5.0,No,2-Day Shipping,No,No,4,Credit Card,Annually,
1164,47,Hoodie,Male,Clothing,82.29,San Diego,L,Green,Winter,4.5,Yes,2-Day Shipping,No,No,4,Credit Card,Quarterly,
1165,27,Perfume,Male,Beauty,129.83,Austin,M,Navy,Spring,3.7,No,Standard,No,No,2,Credit Card,Monthly,
1166,63,Running Shoes,Male,Footwear,56.09,Miami,S,Yellow,Spring,2.9,No,Next Day Air,No,No,4,Debit Card,Quarterly,
1167,44,Bedsheet,Male,Home,129.0,Portland,L,Black,Fall,3.0,No,Standard,No,No,3,Debit Card,Quarterly,
1168,38,Jeans,Female,Clothing,42.88,Jacksonville,S,White,Spring,3.1,Yes,Free Shipping,Yes,Yes,5,Cash,Bi-Weekly,
1169,36,Storage Box,Female,Home,107.81,Los Angeles,M,Gray,Fall,2.3,No,Free Shipping,No,No,1,Bank Transfer,Quarterly,
1170,43,Hoodie,Non-Binary,Clothing,105.24,Boston,L,Green,Summer,3.9,No,Free Shipping,No,No,1,PayPal,Quarterly,
1171,25,Storage Box,Female,Home,124.46,Boston,M,Brown,Summer,3.3,No,Standard,No,No,3,Debit Card,Monthly,
1172,31,Body Lotion,Female,Beauty,141.35,Miami,M,Gray,Fall,3.0,No,Free Shipping,No,Yes,2,Debit Card,Monthly,
1173,32,Skirt,Male,Clothing,122.08,Boston,S,Gray,Winter,4.4,Yes,Standard,Yes,Yes,3,Digital Wallet,Monthly,
1174,31,T-Shirt,Female,Clothing,24.97,Austin,L,Black,Spring,4.3,No,Next Day Air,No,No,7,Credit Card,Weekly,
1175,43,Bluetooth Speaker,Male,Electronics,139.14,Seattle,L,White,Spring,3.7,Yes,2-Day Shipping,No,No,3,Debit Card,Monthly,
1176,18,Jeans,Female,Clothing,156.03,Atlanta,L,Brown,Spring,4.0,Yes,Standard,No,Yes,3,Debit Card,Monthly,
1177,33,Hoodie,Male,Clothing,28.51,Jacksonville,M,Green,Spring,3.4,Yes,Free Shipping,Yes,Yes,4,Credit Card,Monthly,
1178,41,Skirt,Female,Clothing,111.62,San Diego,XL,White,Spring,4.0,No,Express,Yes,Yes,3,PayPal,Bi-Weekly,
1179,39,Curtain,Male,Home,178.36,Jacksonville,M,Brown,Summer,2.9,Yes,Standard,Yes,Yes,6,Debit Card,Monthly,
1180,24,Sneakers,Female,Footwear,150.06,Atlanta,L,Pink,Fall,2.5,Yes,Standard,No,No,3,Bank Transfer,Monthly,
1181,57,Makeup Kit,Female,Beauty,58.99,Boston,M,Blue,Winter,3.0,Yes,Standard,Yes,Yes,8,Credit Card,Bi-Weekly,
1182,28,Power Bank,Male,Electronics,103.02,Seattle,L,Black,Fall,2.8,No,2-Day Shipping,No,No,4,Digital Wallet,Monthly,
1183,26,Hoodie,Male,Clothing,102.78,Las Vegas,XL,Yellow,Winter,2.6,No,Standard,No,No,3,Bank Transfer,Annually,
1184,24,Headphones,Female,Electronics,352.08,Boston,XL,Blue,Spring,3.9,Yes,Standard,No,No,7,Credit Card,Weekly,
1185,18,Smartwatch,Male,Electronics,119.76,Boston,S,Black,Summer,3.5,Yes,Standard,Yes,Yes,5,Bank Transfer,Quarterly,
1186,32,Bluetooth Speaker,Male,Electronics,272.03,Portland,S,Blue,Spring,4.2,Yes,Express,No,No,2,Debit Card,Quarterly,
1187,30,Sneakers,Female,Footwear,40.41,San Diego,XS,Purple,Spring,3.9,No,Free Shipping,Yes,Yes,3,Debit Card,Monthly,
1188,48,Skirt,Male,Clothing,164.93,Denver,M,Purple,Winter,3.6,Yes,Standard,No,Yes,4,Cash,Weekly,
1189,18,Hoodie,Female,Clothing,47.41,Boston,L,Brown,Summer,2.5,No,Standard,No,No,1,Credit Card,Quarterly,
1190,18,Cushion,Male,Home,53.91,Denver,M,Gray,Summer,4.0,Yes,Next Day Air,No,No,5,PayPal,Weekly,
1191,50,Bluetooth Speaker,Male,Electronics,307.5,San Diego,M,Yellow,Fall,2.6,No,Standard,No,Yes,2,Credit Card,Quarterly,
1192,29,Bedsheet,Male,Home,87.93,Seattle,M,Green,Summer,3.9,Yes,2-Day Shipping,No,Yes,7,Digital Wallet,Monthly,
1193,39,Lipstick,Female,Beauty,100.16,Boston,XL,Brown,Winter,3.3,Yes,Express,No,Yes,5,Debit Card,Weekly,
1194,41,Jeans,Male,Clothing,115.98,Detroit,M,Green,Winter,4.8,Yes,Free Shipping,No,No,3,Credit Card,Quarterly,
1195,45,Pillow,Female,Home,169.08,New York,M,Red,Winter,3.7,No,Express,Yes,Yes,3,PayPal,Monthly,
1196,46,Power Bank,Male,Electronics,167.03,Chicago,XL,Gray,Fall,3.9,No,Next Day Air,No,No,6,Bank Transfer,Bi-Weekly,
1197,51,Keyboard,Female,Electronics,346.17,Dallas,M,Blue,Fall,3.0,Yes,2-Day Shipping,No,No,2,Bank Transfer,Quarterly,
1198,45,Coat,Male,Clothing,171.4,Dallas,M,Pink,Winter,4.8,Yes,Standard,No,No,7,Credit Card,Bi-Weekly,
1199,36,Coffee Mug,Female,Home,80.97,Las Vegas,XL,Pink,Winter,4.6,No,Standard,Yes,Yes,1,PayPal,Quarterly,
1200,44,Mouse,Male,Electronics,346.34,Detroit,L,Black,Summer,4.0,No,2-Day Shipping,No,No,5,Bank Transfer,Monthly,
1201,33,Heels,Female,Footwear,33.66,Dallas,L,Red,Winter,4.9,Yes,2-Day Shipping,No,No,5,Digital Wallet,Monthly,
1202,46,Mouse,Non-Binary,Electronics,20.9,Portland,XL,Gray,Summer,4.0,No,2-Day Shipping,Yes,Yes,2,Credit Card,Monthly,
1203,42,Boots,Female,Footwear,156.81,San Jose,XXL,Navy,Winter,3.7,Yes,Standard,No,Yes,5,Debit Card,Bi-Weekly,
1204,35,Cushion,Female,Home,88.08,Boston,One Size,Brown,Winter,4.3,Yes,Standard,No,No,5,PayPal,Quarterly,
1205,62,Sneakers,Male,Footwear,219.96,Atlanta,S,Yellow,Summer,3.0,No,Next Day Air,No,No,1,PayPal,Monthly,
1206,44,Jacket,Male,Clothing,141.21,Miami,M,Gray,Summer,2.2,No,Standard,No,No,1,Credit Card,Monthly,
1207,25,Cushion,Male,Home,166.67,Phoenix,M,Green,Fall,3.4,No,Free Shipping,Yes,Yes,1,Digital Wallet,Quarterly,
1208,34,Body Lotion,Male,Beauty,42.43,Las Vegas,M,White,Spring,3.8,Yes,Free Shipping,Yes,Yes,2,Bank Transfer,Annually,
1209,44,Headphones,Female,Electronics,377.0,Seattle,L,Yellow,Fall,4.5,Yes,2-Day Shipping,No,No,2,PayPal,Quarterly,
1210,44,Slippers,Male,Footwear,217.65,Jacksonville,L,Blue,Spring,3.7,No,2-Day Shipping,No,No,2,PayPal,Annually,
1211,38,Loafers,Male,Footwear,97.53,Chicago,M,Blue,Fall,5.0,Yes,2-Day Shipping,No,No,9,Credit Card,Quarterly,
1212,46,Bluetooth Speaker,Non-Binary,Electronics,446.38,Phoenix,M,Red,Spring,4.9,No,Standard,Yes,Yes,2,Debit Card,Bi-Weekly,
1213,29,Slippers,Male,Footwear,193.8,Philadelphia,M,White,Spring,3.7,No,2-Day Shipping,No,No,1,Digital Wallet,Quarterly,
1214,25,Sweater,Male,Clothing,102.59,Los Angeles,M,White,Winter,3.3,No,Express,No,No,2,PayPal,Quarterly,
1215,28,Hoodie,Non-Binary,Clothing,128.32,Las Vegas,M,Green,Winter,3.1,No,Express,No,No,2,Cash,Quarterly,
1216,53,Perfume,Female,Beauty,102.4,Denver,XXL,Green,Fall,3.3,No,Free Shipping,Yes,Yes,2,Credit Card,Monthly,
1217,45,Sandals,Male,Footwear,108.08,San Jose,M,Brown,Fall,4.8,No,Express,Yes,Yes,2,PayPal,Weekly,
1218,36,Mouse,Male,Electronics,350.27,Austin,XS,Yellow,Spring,4.1,Yes,Express,Yes,Yes,5,Debit Card,Bi-Weekly,
1219,27,Boots,Female,Footwear,200.53,San Jose,S,White,Fall,3.2,Yes,Standard,No,No,5,Debit Card,Monthly,
1220,31,Shorts,Female,Clothing,148.69,San Diego,XL,Blue,Spring,4.0,No,2-Day Shipping,Yes,Yes,2,Debit Card,Quarterly,
1221,58,Heels,Female,Footwear,63.5,San Diego,S,Brown,Spring,3.5,No,Standard,No,Yes,1,Cash,Monthly,
1222,51,Smartwatch,Male,Electronics,445.35,Denver,M,Navy,Spring,3.5,No,Standard,Yes,Yes,5,Debit Card,Monthly,
1223,23,Belt,Male,Accessories,15.79,San Antonio,M,Pink,Summer,3.2,No,Free Shipping,No,Yes,3,Bank Transfer,Quarterly,
1224,37,Heels,Female,Footwear,88.63,San Jose,XXL,Gray,Summer,3.7,Yes,Standard,Yes,Yes,5,Debit Card,Weekly,
1225,28,Sunglasses,Male,Accessories,167.35,Portland,M,White,Fall,2.3,No,Standard,No,No,3,Cash,Monthly,
1226,18,Table Lamp,Male,Home,76.18,Jacksonville,M,Blue,Spring,3.3,No,Standard,No,No,3,Debit Card,Monthly,
1227,36,Jeans,Male,Clothing,140.47,Los Angeles,L,Blue,Winter,4.4,No,Free Shipping,Yes,Yes,6,Bank Transfer,Monthly,
1228,45,Hoodie,Male,Clothing,84.27,San Jose,XS,Blue,Winter,3.3,Yes,Standard,No,No,5,Bank Transfer,Weekly,
1229,45,Heels,Male,Footwear,219.43,Austin,L,Black,Winter,3.8,Yes,2-Day Shipping,Yes,Yes,9,Debit Card,Bi-Weekly,
1230,49,Skirt,Male,Clothing,37.55,San Diego,L,Yellow,Summer,4.0,Yes,Standard,No,No,3,Credit Card,Quarterly,
1231,36,Hoodie,Non-Binary,Clothing,138.94,Chicago,M,Pink,Fall,3.5,Yes,Free Shipping,No,No,7,PayPal,Bi-Weekly,
1232,45,Dress,Male,Clothing,120.0,Portland,S,Blue,Summer,2.4,No,Free Shipping,Yes,Yes,3,Digital Wallet,Monthly,
1233,40,Sweater,Female,Clothing,85.98,Denver,L,Yellow,Summer,4.9,Yes,Free Shipping,No,No,4,PayPal,Monthly,
1234,19,Loafers,Male,Footwear,108.43,Los Angeles,XL,Purple,Fall,3.6,No,Standard,Yes,Yes,4,PayPal,Bi-Weekly,
1235,27,Lipstick,Female,Beauty,94.39,San Antonio,S,Navy,Spring,3.9,No,Express,No,No,7,Credit Card,Monthly,
1236,41,Jeans,Male,Clothing,173.79,Houston,L,Yellow,Fall,4.0,No,2-Day Shipping,No,No,2,Bank Transfer,Bi-Weekly,
1237,55,Handbag,Female,Accessories,184.01,Boston,M,White,Spring,4.4,Yes,Free Shipping,No,No,9,Debit Card,Monthly,
1238,32,Power Bank,Female,Electronics,348.62,Chicago,XXL,Purple,Winter,3.4,Yes,Next Day Air,No,No,5,Debit Card,Monthly,
1239,54,Bedsheet,Male,Home,117.01,Austin,XL,Gray,Fall,4.7,Yes,Express,No,No,6,Credit Card,Weekly,
1240,37,Hat,Female,Accessories,150.24,Portland,L,Gray,Spring,4.9,No,Express,Yes,Yes,3,Bank Transfer,Monthly,
1241,42,Power Bank,Female,Electronics,163.48,Detroit,M,White,Spring,5.0,Yes,Express,No,Yes,5,PayPal,Bi-Weekly,
1242,38,Belt,Female,Accessories,108.65,Houston,L,Yellow,Spring,4.4,No,Standard,No,No,1,Credit Card,Monthly,
1243,24,Sunglasses,Male,Accessories,20.87,Miami,L,Navy,Summer,4.4,No,Next Day Air,Yes,Yes,1,Bank Transfer,Bi-Weekly,
1244,35,Sweater,Male,Clothing,133.35,San Antonio,XL,Green,Spring,4.6,Yes,Free Shipping,No,No,5,Credit Card,Weekly,
1245,40,Jacket,Female,Clothing,68.76,Philadelphia,XL,Purple,Summer,4.1,Yes,Free Shipping,No,No,2,Credit Card,Monthly,
1246,29,Coat,Male,Clothing,111.95,San Antonio,One Size,Blue,Winter,4.0,No,Express,No,No,1,PayPal,Monthly,
1247,40,Headphones,Female,Electronics,249.6,San Antonio,S,White,Fall,3.8,No,Free Shipping,Yes,Yes,6,Credit Card,Monthly,
1248,36,Curtain,Male,Home,169.33,Los Angeles,M,Brown,Summer,3.1,No,Free Shipping,No,No,2,Digital Wallet,Monthly,
1249,34,Sneakers,Female,Footwear,105.31,San Jose,M,Yellow,Winter,3.4,No,Free Shipping,No,No,3,Digital Wallet,Annually,
1250,28,Power Bank,Female,Electronics,212.1,Boston,XL,Navy,Fall,3.9,No,Free Shipping,No,No,1,PayPal,Weekly,
1251,28,Bedsheet,Female,Home,139.3,Jacksonville,L,Brown,Summer,2.8,No,Next Day Air,No,No,4,Debit Card,Quarterly,
1252,47,Bluetooth Speaker,Female,Electronics,61.53,Los Angeles,L,Red,Winter,3.0,No,Standard,No,No,3,PayPal,Monthly,
1253,31,Cushion,Female,Home,157.85,Miami,L,Brown,Winter,4.6,Yes,Free Shipping,No,No,6,Debit Card,Quarterly,
1254,23,Boots,Female,Footwear,213.77,San Jose,XL,Navy,Summer,4.6,Yes,Free Shipping,No,No,5,Debit Card,Quarterly,
1255,41,Loafers,Male,Footwear,216.73,Boston,M,Brown,Fall,4.1,Yes,Express,Yes,Yes,7,Credit Card,Weekly,
1256,68,Smartwatch,Non-Binary,Electronics,378.99,Atlanta,M,Purple,Spring,2.9,Yes,Express,No,No,6,PayPal,Monthly,
1257,21,Sandals,Male,Footwear,147.31,Miami,M,Yellow,Spring,3.5,No,Express,No,Yes,0,Credit Card,Monthly,
1258,21,Sweater,Female,Clothing,66.9,Miami,M,Black,Spring,3.7,Yes,Next Day Air,Yes,Yes,1,Credit Card,Monthly,
1259,40,Sneakers,Non-Binary,Footwear,164.75,Austin,S,Yellow,Summer,3.0,Yes,Standard,No,Yes,3,Digital Wallet,Monthly,
1260,41,Bedsheet,Female,Home,40.19,San Jose,M,Brown,Fall,3.8,No,2-Day Shipping,No,No,3,Digital Wallet,Bi-Weekly,
1261,38,Slippers,Male,Footwear,75.7,Phoenix,L,Purple,Summer,4.1,Yes,Standard,Yes,Yes,7,Cash,Monthly,
1262,43,Sneakers,Female,Footwear,188.42,Los Angeles,M,Gray,Fall,4.3,No,2-Day Shipping,No,No,3,Credit Card,Annually,
1263,18,Loafers,Female,Footwear,101.48,Philadelphia,M,Blue,Spring,3.6,No,Free Shipping,No,No,3,Digital Wallet,Monthly,
1264,46,Shorts,Male,Clothing,139.82,New York,S,Brown,Fall,2.8,No,Free Shipping,No,Yes,5,Cash,Weekly,
1265,36,Hoodie,Male,Clothing,158.65,Detroit,L,Gray,Summer,4.0,Yes,Standard,No,No,2,Credit Card,Monthly,
1266,43,Watch,Female,Accessories,164.13,Seattle,XL,Pink,Summer,5.0,Yes,Express,Yes,Yes,5,Debit Card,Monthly,
1267,42,Hoodie,Female,Clothing,152.21,Austin,XL,Brown,Spring,3.1,No,Free Shipping,No,No,3,Debit Card,Weekly,
1268,47,Slippers,Female,Footwear,130.91,Philadelphia,L,Gray,Summer,5.0,Yes,2-Day Shipping,No,No,4,Bank Transfer,Monthly,
1269,42,Coat,Female,Clothing,158.48,Denver,XL,Red,Winter,4.9,No,Standard,Yes,Yes,2,Digital Wallet,Weekly,
1270,25,Jeans,Female,Clothing,110.29,Detroit,M,Brown,Winter,5.0,No,Free Shipping,Yes,Yes,3,Bank Transfer,Annually,
1271,39,Sweater,Female,Clothing,16.0,Jacksonville,XXL,Red,Winter,2.5,No,Standard,Yes,Yes,1,Credit Card,Quarterly,
1272,48,Sunglasses,Male,Accessories,154.87,San Antonio,One Size,Brown,Winter,4.8,Yes,Express,No,No,3,PayPal,Monthly,
1273,18,T-Shirt,Female,Clothing,105.6,San Jose,One Size,Gray,Summer,3.7,No,Standard,Yes,Yes,3,Debit Card,Weekly,
1274,28,Coat,Female,Clothing,154.35,San Jose,XS,Green,Fall,4.0,No,Free Shipping,No,No,4,Credit Card,Quarterly,
1275,30,Boots,Female,Footwear,105.14,Seattle,XS,Navy,Spring,3.1,No,Standard,No,No,6,Credit Card,Weekly,
1276,39,Scarf,Female,Accessories,125.37,Jacksonville,L,Green,Winter,5.0,Yes,Standard,No,No,6,Debit Card,Monthly,
1277,43,Dress,Male,Clothing,174.41,New York,L,Black,Spring,3.9,No,2-Day Shipping,Yes,Yes,2,PayPal,Weekly,
1278,49,Face Wash,Female,Beauty,21.82,San Jose,M,Navy,Fall,4.0,No,Standard,Yes,Yes,3,Bank Transfer,Weekly,
1279,44,Handbag,Female,Accessories,38.16,Detroit,M,Blue,Spring,3.9,No,Free Shipping,No,No,4,Credit Card,Bi-Weekly,
1280,18,Jeans,Female,Clothing,145.0,San Jose,M,Yellow,Winter,3.6,No,Express,No,No,5,Credit Card,Weekly,
1281,19,Jacket,Male,Clothing,171.85,Chicago,XS,White,Winter,3.9,Yes,2-Day Shipping,Yes,Yes,2,Credit Card,Monthly,
1282,40,Mouse,Female,Electronics,285.5,Portland,M,Blue,Winter,4.1,No,2-Day Shipping,Yes,Yes,2,Credit Card,Quarterly,
1283,67,Bedsheet,Female,Home,20.01,Seattle,XL,Yellow,Fall,2.7,No,2-Day Shipping,Yes,Yes,3,Digital Wallet,Quarterly,
1284,48,Keyboard,Male,Electronics,307.05,Las Vegas,XXL,Blue,Fall,2.9,Yes,Standard,Yes,Yes,6,Credit Card,Quarterly,
1285,54,Curtain,Female,Home,190.28,Austin,L,Black,Summer,2.9,No,Standard,No,No,4,Cash,Monthly,
1286,23,Running Shoes,Male,Footwear,50.3,Dallas,M,Black,Fall,3.2,Yes,Next Day Air,Yes,Yes,5,Digital Wallet,Annually,
1287,30,Sandals,Female,Footwear,65.58,Houston,L,Green,Spring,3.4,No,Standard,No,No,2,Digital Wallet,Bi-Weekly,
1288,46,Coat,Male,Clothing,68.06,Phoenix,L,Blue,Spring,2.8,No,Next Day Air,No,No,6,Credit Card,Monthly,
1289,43,Power Bank,Male,Electronics,363.21,Phoenix,XL,Green,Fall,4.7,No,Standard,No,Yes,3,Debit Card,Monthly,
1290,40,Shampoo,Female,Beauty,92.99,New York,XXL,Navy,Summer,3.7,No,Standard,Yes,Yes,3,Credit Card,Monthly,
1291,29,Storage Box,Female,Home,76.95,Jacksonville,M,Red,Fall,3.1,No,Standard,Yes,Yes,3,Credit Card,Monthly,
1292,44,Skirt,Male,Clothing,49.5,Dallas,XL,Purple,Winter,4.8,Yes,Express,No,No,5,Bank Transfer,Quarterly,
1293,29,Lipstick,Female,Beauty,44.88,San Diego,L,Gray,Winter,2.8,Yes,Standard,No,Yes,5,Debit Card,Weekly,
1294,37,Lipstick,Male,Beauty,69.38,Phoenix,L,Brown,Winter,4.3,No,Free Shipping,Yes,Yes,4,Credit Card,Monthly,
1295,28,Scarf,Male,Accessories,69.36,Philadelphia,S,Black,Fall,3.9,No,Next Day Air,No,No,2,Bank Transfer,Quarterly,
1296,52,Headphones,Female,Electronics,364.01,Houston,M,Green,Fall,3.2,No,Express,No,No,0,Credit Card,Quarterly,
1297,61,Jeans,Female,Clothing,140.07,Boston,M,Pink,Summer,3.7,No,Express,Yes,Yes,8,Debit Card,Monthly,
1298,33,Jacket,Female,Clothing,138.53,Los Angeles,M,Green,Spring,3.1,Yes,2-Day Shipping,No,No,8,Bank Transfer,Annually,
1299,28,Jacket,Male,Clothing,113.86,Houston,L,Purple,Winter,4.5,No,Free Shipping,Yes,Yes,3,Credit Card,Quarterly,
1300,24,Jeans,Male,Clothing,162.92,Boston,L,Navy,Spring,3.5,Yes,Next Day Air,No,No,5,Bank Transfer,Monthly,
1301,45,Table Lamp,Male,Home,173.3,Dallas,M,Blue,Fall,3.0,Yes,Standard,Yes,Yes,2,Digital Wallet,Quarterly,
1302,32,Storage Box,Male,Home,89.53,Detroit,L,Brown,Summer,5.0,Yes,Standard,Yes,Yes,3,Debit Card,Bi-Weekly,
1303,18,Mouse,Female,Electronics,296.92,San Antonio,L,Brown,Spring,3.2,No,Standard,No,No,2,Credit Card,Monthly,
1304,33,Keyboard,Male,Electronics,184.73,Boston,XL,Purple,Winter,4.2,Yes,Standard,No,No,8,Digital Wallet,Bi-Weekly,
1305,34,Bluetooth Speaker,Male,Electronics,125.12,Los Angeles,M,Pink,Fall,4.8,No,2-Day Shipping,No,No,4,Cash,Annually,
1306,34,Watch,Male,Accessories,107.84,Denver,L,Blue,Winter,3.4,No,Free Shipping,Yes,Yes,3,Credit Card,Monthly,
1307,50,Sweater,Male,Clothing,61.14,Portland,S,Green,Winter,3.9,Yes,Express,Yes,Yes,9,Credit Card,Bi-Weekly,
1308,58,Watch,Female,Accessories,124.92,Detroit,M,Pink,Summer,3.6,No,Standard,No,Yes,4,Digital Wallet,Monthly,
1309,40,Table Lamp,Male,Home,93.96,Houston,XL,Yellow,Spring,2.2,No,Standard,No,No,4,Digital Wallet,Quarterly,
1310,27,Dress,Male,Clothing,149.53,San Diego,M,Navy,Spring,3.8,Yes,Express,No,No,5,Bank Transfer,Monthly,
1311,34,Jeans,Non-Binary,Clothing,62.43,Philadelphia,M,Navy,Fall,4.6,Yes,Express,No,No,2,Digital Wallet,Quarterly,
1312,38,Hoodie,Female,Clothing,22.15,San Jose,S,Navy,Summer,3.9,No,Standard,No,No,2,Debit Card,Monthly,
1313,42,Bluetooth Speaker,Female,Electronics,41.55,Austin,M,Green,Fall,4.2,Yes,Next Day Air,Yes,Yes,4,PayPal,Bi-Weekly,
1314,27,Shorts,Female,Clothing,115.55,Philadelphia,XL,Yellow,Summer,3.0,No,Standard,No,Yes,3,Credit Card,Quarterly,
1315,43,Storage Box,Male,Home,191.91,Portland,M,White,Summer,3.4,No,2-Day Shipping,Yes,Yes,3,Debit Card,Monthly,
1316,39,Wallet,Male,Accessories,192.38,San Antonio,XL,Pink,Fall,3.7,Yes,Express,No,No,6,Digital Wallet,Bi-Weekly,
1317,55,Slippers,Male,Footwear,145.86,Houston,L,Blue,Spring,2.9,Yes,Standard,No,No,4,Bank Transfer,Quarterly,
1318,50,Dress,Non-Binary,Clothing,157.48,Jacksonville,S,Yellow,Spring,2.9,Yes,Free Shipping,No,Yes,7,Credit Card,Monthly,
1319,59,Body Lotion,Male,Beauty,83.54,Dallas,M,Purple,Winter,3.5,No,Standard,No,No,4,Debit Card,Quarterly,
1320,40,Dress,Non-Binary,Clothing,152.8,Los Angeles,L,Red,Summer,4.3,No,Next Day Air,Yes,Yes,4,Credit Card,Annually,
1321,41,Sweater,Female,Clothing,124.56,New York,XS,Green,Spring,4.2,Yes,2-Day Shipping,Yes,Yes,5,Debit Card,Weekly,
1322,18,Jacket,Male,Clothing,36.67,Miami,S,Yellow,Spring,4.3,No,Free Shipping,No,No,2,Digital Wallet,Bi-Weekly,
1323,48,Hoodie,Male,Clothing,140.32,Seattle,L,Blue,Fall,3.7,Yes,Standard,No,No,4,Digital Wallet,Annually,
1324,33,Bedsheet,Male,Home,149.53,Seattle,M,Black,Fall,2.9,No,Free Shipping,No,No,1,Credit Card,Quarterly,
1325,35,Jacket,Female,Clothing,111.65,Miami,M,Black,Fall,4.4,Yes,2-Day Shipping,No,No,3,Digital Wallet,Monthly,
1326,44,Storage Box,Male,Home,161.21,San Diego,XL,Navy,Winter,3.1,No,2-Day Shipping,No,No,5,Debit Card,Weekly,
1327,43,Power Bank,Female,Electronics,210.15,Detroit,M,Black,Spring,3.7,No,Express,No,Yes,5,Cash,Weekly,
1328,44,Cushion,Female,Home,129.28,San Jose,XL,Navy,Spring,3.5,No,Standard,Yes,Yes,1,Debit Card,Bi-Weekly,
1329,38,Running Shoes,Male,Footwear,176.95,Atlanta,M,Red,Winter,4.6,No,2-Day Shipping,Yes,Yes,1,Credit Card,Monthly,
1330,65,Belt,Male,Accessories,223.01,San Diego,L,Blue,Fall,5.0,Yes,Next Day Air,Yes,Yes,7,Credit Card,Weekly,
1331,44,Scarf,Female,Accessories,106.58,Miami,S,Gray,Winter,2.8,Yes,Free Shipping,No,No,5,Debit Card,Quarterly,
1332,44,Jeans,Male,Clothing,101.69,Las Vegas,M,Purple,Fall,4.2,No,2-Day Shipping,No,No,3,PayPal,Monthly,
1333,56,Curtain,Female,Home,179.17,Detroit,XL,Gray,Fall,4.4,Yes,Free Shipping,Yes,Yes,7,Digital Wallet,Bi-Weekly,
1334,34,Sweater,Male,Clothing,34.66,Portland,L,Yellow,Spring,3.8,No,Standard,No,No,1,Bank Transfer,Monthly,
1335,28,Hat,Male,Accessories,243.68,San Diego,XL,Blue,Summer,3.1,Yes,Standard,Yes,Yes,2,Digital Wallet,Quarterly,
1336,28,Sweater,Female,Clothing,165.98,Detroit,L,Navy,Fall,3.7,No,Standard,No,Yes,6,Debit Card,Bi-Weekly,
1337,38,Sunglasses,Male,Accessories,219.09,Philadelphia,M,Pink,Fall,3.8,No,Express,No,No,3,Digital Wallet,Bi-Weekly,
1338,33,Sneakers,Female,Footwear,185.34,San Jose,M,Purple,Winter,5.0,Yes,Standard,No,No,2,Debit Card,Quarterly,
1339,31,Smartwatch,Female,Electronics,304.47,Chicago,M,Brown,Winter,4.8,Yes,Free Shipping,Yes,Yes,5,Credit Card,Quarterly,
1340,37,Curtain,Male,Home,47.01,Jacksonville,M,Green,Fall,2.3,No,Standard,Yes,Yes,1,Digital Wallet,Bi-Weekly,
1341,27,Smartwatch,Male,Electronics,166.56,Atlanta,S,Blue,Spring,5.0,No,Standard,No,No,2,Credit Card,Quarterly,
1342,37,Face Wash,Male,Beauty,63.68,Dallas,S,Green,Spring,4.7,No,Next Day Air,No,No,3,Debit Card,Quarterly,
1343,28,Skirt,Male,Clothing,87.35,Detroit,L,White,Winter,3.0,No,Standard,Yes,Yes,1,Digital Wallet,Weekly,
1344,40,Face Cream,Male,Beauty,35.07,Seattle,L,White,Spring,3.8,No,2-Day Shipping,No,No,3,Bank Transfer,Quarterly,
1345,30,Sweater,Male,Clothing,42.14,San Antonio,M,Yellow,Fall,4.8,Yes,Free Shipping,Yes,Yes,7,Bank Transfer,Monthly,
1346,29,Bluetooth Speaker,Female,Electronics,428.08,Houston,S,Purple,Winter,4.1,Yes,Standard,No,No,6,PayPal,Monthly,
1347,56,Coffee Mug,Female,Home,31.19,Jacksonville,L,Black,Fall,3.5,No,Free Shipping,No,Yes,4,Credit Card,Weekly,
1348,30,Scarf,Female,Accessories,235.67,San Antonio,L,Blue,Spring,3.0,Yes,Standard,Yes,Yes,1,PayPal,Bi-Weekly,
1349,36,Coat,Male,Clothing,107.48,Miami,S,Black,Fall,3.5,Yes,Standard,Yes,Yes,3,Debit Card,Monthly,
1350,34,Lipstick,Male,Beauty,114.07,San Antonio,XL,Navy,Winter,3.4,Yes,Standard,No,No,7,PayPal,Monthly,
1351,47,Jacket,Male,Clothing,98.74,Portland,M,Red,Winter,4.9,No,Standard,Yes,Yes,4,Debit Card,Quarterly,
1352,33,Skirt,Male,Clothing,96.92,San Diego,XS,Brown,Summer,3.9,No,Standard,No,No,1,Digital Wallet,Monthly,
1353,18,Watch,Male,Accessories,151.92,Denver,M,Brown,Summer,4.2,No,Express,No,No,3,Debit Card,Quarterly,
1354,52,Sunglasses,Male,Accessories,105.69,Austin,L,Blue,Summer,2.8,No,Free Shipping,No,No,1,Debit Card,Bi-Weekly,
1355,28,Scarf,Female,Accessories,102.3,San Antonio,L,White,Summer,2.9,Yes,Free Shipping,No,No,5,Bank Transfer,Bi-Weekly,
1356,19,Keyboard,Female,Electronics,124.5,Las Vegas,L,Gray,Spring,4.0,Yes,2-Day Shipping,Yes,Yes,9,Debit Card,Bi-Weekly,
1357,60,Cushion,Male,Home,180.51,Miami,XL,Blue,Winter,3.8,No,Next Day Air,Yes,Yes,4,PayPal,Monthly,
1358,51,Shorts,Female,Clothing,47.55,Houston,M,Gray,Winter,5.0,No,Standard,No,Yes,2,Digital Wallet,Annually,
1359,51,Sandals,Female,Footwear,83.04,Phoenix,L,Red,Summer,2.8,No,Free Shipping,No,Yes,2,Credit Card,Monthly,
1360,44,Boots,Male,Footwear,120.35,New York,XL,Navy,Winter,3.4,No,Standard,Yes,Yes,1,Digital Wallet,Monthly,
1361,46,Shorts,Female,Clothing,114.55,Chicago,L,Blue,Spring,4.4,No,Express,No,Yes,4,Credit Card,Quarterly,
1362,18,Body Lotion,Male,Beauty,148.4,Seattle,S,Brown,Spring,2.6,Yes,2-Day Shipping,No,No,6,Bank Transfer,Weekly,
1363,28,Skirt,Female,Clothing,167.8,Los Angeles,XS,Black,Winter,3.6,No,Express,No,No,1,Credit Card,Monthly,
1364,18,Headphones,Male,Electronics,415.2,Las Vegas,XL,Yellow,Spring,3.5,No,2-Day Shipping,No,No,7,PayPal,Bi-Weekly,
1365,23,T-Shirt,Female,Clothing,132.25,Detroit,S,Purple,Fall,3.5,No,Free Shipping,No,No,6,Cash,Bi-Weekly,
1366,49,T-Shirt,Female,Clothing,63.33,Las Vegas,XL,Green,Fall,4.9,Yes,Express,No,No,7,Digital Wallet,Monthly,
1367,43,Jacket,Male,Clothing,41.16,Jacksonville,XS,Red,Summer,3.7,No,Standard,No,No,3,PayPal,Quarterly,
1368,32,Bluetooth Speaker,Female,Electronics,296.28,Atlanta,S,Yellow,Summer,3.2,Yes,Free Shipping,Yes,Yes,6,Digital Wallet,Weekly,
1369,21,Sweater,Female,Clothing,129.83,San Diego,S,Blue,Winter,4.1,No,Standard,No,No,2,Credit Card,Monthly,
1370,53,Coat,Male,Clothing,173.88,Dallas,L,White,Summer,4.2,No,Standard,Yes,Yes,6,Credit Card,Weekly,
1371,47,Heels,Female,Footwear,88.62,San Antonio,L,Red,Winter,4.2,No,Next Day Air,No,No,1,Cash,Quarterly,
1372,41,Smartwatch,Female,Electronics,41.01,Houston,M,Red,Summer,3.0,No,Standard,No,No,3,PayPal,Quarterly,
1373,18,Storage Box,Female,Home,190.84,Jacksonville,XL,Blue,Fall,4.0,Yes,Free Shipping,No,No,7,Debit Card,Monthly,
1374,49,Body Lotion,Female,Beauty,119.55,Austin,M,Pink,Summer,3.7,No,Express,Yes,Yes,4,Credit Card,Monthly,
1375,32,Sandals,Male,Footwear,32.03,Denver,M,Gray,Fall,4.8,Yes,Standard,No,No,5,Credit Card,Monthly,
1376,46,Sandals,Female,Footwear,167.41,Houston,M,Yellow,Fall,3.6,No,Standard,No,Yes,0,Bank Transfer,Monthly,
1377,35,Smartwatch,Male,Electronics,43.92,Los Angeles,S,White,Spring,4.0,No,2-Day Shipping,No,No,4,PayPal,Monthly,
1378,35,Face Cream,Female,Beauty,90.57,Jacksonville,M,White,Spring,3.9,No,Next Day Air,No,No,5,PayPal,Monthly,
1379,36,Coffee Mug,Male,Home,68.57,Detroit,L,Black,Spring,3.6,No,Express,No,No,3,Bank Transfer,Quarterly,
1380,47,Lipstick,Female,Beauty,17.47,Seattle,M,Yellow,Winter,3.8,Yes,Free Shipping,No,Yes,5,Cash,Bi-Weekly,
1381,40,Sandals,Male,Footwear,190.33,Phoenix,L,Blue,Fall,4.4,Yes,Express,No,No,3,Credit Card,Monthly,
1382,47,Bedsheet,Male,Home,137.29,Detroit,S,Brown,Winter,4.4,Yes,Express,No,No,4,Credit Card,Monthly,
1383,43,Dress,Female,Clothing,116.23,Portland,M,Green,Winter,4.1,No,2-Day Shipping,No,No,1,PayPal,Annually,
1384,52,Cushion,Female,Home,13.32,Denver,XL,Gray,Spring,4.4,Yes,2-Day Shipping,No,Yes,8,Cash,Bi-Weekly,
1385,51,Coat,Female,Clothing,167.84,Austin,L,Brown,Summer,4.1,No,Express,No,No,2,PayPal,Monthly,
1386,62,Coat,Male,Clothing,147.16,Phoenix,M,Purple,Winter,4.5,Yes,Free Shipping,Yes,Yes,5,Bank Transfer,Monthly,
1387,18,Skirt,Female,Clothing,37.21,Atlanta,L,Purple,Spring,5.0,No,Free Shipping,No,No,2,Debit Card,Monthly,
1388,39,Shorts,Male,Clothing,78.91,San Jose,S,Pink,Fall,3.0,No,Free Shipping,Yes,Yes,3,Debit Card,Monthly,
1389,26,Perfume,Male,Beauty,91.88,Jacksonville,L,Yellow,Spring,3.2,No,Next Day Air,Yes,Yes,0,Credit Card,Monthly,
1390,44,Running Shoes,Male,Footwear,166.83,Chicago,M,Pink,Summer,3.8,No,Free Shipping,No,No,3,Credit Card,Quarterly,
1391,43,Sneakers,Female,Footwear,213.03,Philadelphia,XL,Pink,Spring,4.3,Yes,Standard,No,No,3,Credit Card,Quarterly,
1392,18,T-Shirt,Female,Clothing,32.31,Denver,L,Black,Spring,4.6,No,2-Day Shipping,Yes,Yes,1,Cash,Bi-Weekly,
1393,18,Skirt,Female,Clothing,144.09,Philadelphia,S,Yellow,Winter,5.0,No,Standard,No,No,2,Bank Transfer,Weekly,
1394,26,Mouse,Female,Electronics,373.42,Miami,L,White,Spring,4.5,No,Free Shipping,No,No,4,Debit Card,Quarterly,
1395,40,Face Cream,Male,Beauty,144.83,Denver,M,Red,Spring,4.3,No,Standard,No,No,2,Digital Wallet,Monthly,
1396,43,Heels,Male,Footwear,68.12,Austin,L,Red,Summer,3.3,Yes,Standard,Yes,Yes,5,Debit Card,Bi-Weekly,
1397,58,Headphones,Female,Electronics,297.89,Phoenix,M,Yellow,Summer,2.2,Yes,2-Day Shipping,Yes,Yes,3,PayPal,Monthly,
1398,42,Dress,Female,Clothing,154.1,Detroit,M,Black,Summer,4.0,Yes,Free Shipping,No,No,3,Debit Card,Quarterly,
1399,27,Coffee Mug,Male,Home,152.39,San Diego,M,Gray,Fall,2.6,No,Express,No,No,2,Bank Transfer,Monthly,
1400,39,Makeup Kit,Female,Beauty,128.47,Seattle,M,Blue,Fall,3.4,No,Express,No,No,3,Cash,Monthly,
1401,44,Boots,Female,Footwear,90.31,Phoenix,XL,Gray,Fall,4.7,No,Standard,No,No,7,Credit Card,Bi-Weekly,
1402,30,Sweater,Female,Clothing,99.6,Austin,M,White,Fall,4.0,Yes,Free Shipping,No,No,4,Cash,Bi-Weekly,
1403,38,Sweater,Female,Clothing,83.36,Phoenix,L,Pink,Fall,3.8,Yes,Free Shipping,No,No,1,Bank Transfer,Monthly,
1404,66,Cushion,Female,Home,96.02,San Antonio,XS,Blue,Spring,4.3,Yes,Standard,No,No,3,Debit Card,Monthly,
1405,26,Body Lotion,Female,Beauty,93.01,Portland,S,Gray,Spring,3.8,No,Standard,No,No,3,PayPal,Monthly,
1406,58,Running Shoes,Male,Footwear,57.36,New York,XL,Purple,Winter,4.8,Yes,Next Day Air,No,No,5,Credit Card,Weekly,
1407,18,Backpack,Female,Accessories,194.84,Los Angeles,M,Purple,Spring,4.4,Yes,Free Shipping,No,Yes,4,Digital Wallet,Monthly,
1408,23,Sunglasses,Female,Accessories,137.81,Houston,L,Yellow,Summer,5.0,Yes,Standard,No,No,5,Debit Card,Quarterly,
1409,49,Belt,Female,Accessories,50.76,Miami,M,Green,Spring,2.7,Yes,2-Day Shipping,No,No,6,Bank Transfer,Quarterly,
1410,26,Slippers,Male,Footwear,97.36,New York,S,Gray,Winter,3.3,No,Standard,No,No,3,Bank Transfer,Annually,
1411,44,Skirt,Female,Clothing,152.3,New York,L,Brown,Fall,2.1,No,Express,No,No,2,Credit Card,Monthly,
1412,37,Cushion,Female,Home,80.41,Dallas,S,Navy,Fall,2.5,Yes,Standard,No,No,4,Debit Card,Quarterly,
1413,44,Cushion,Female,Home,130.28,Los Angeles,M,Brown,Fall,4.4,Yes,2-Day Shipping,No,No,4,Debit Card,Quarterly,
1414,18,T-Shirt,Male,Clothing,53.63,San Jose,One Size,Yellow,Summer,4.4,Yes,2-Day Shipping,Yes,Yes,5,Bank Transfer,Monthly,
1415,45,Bluetooth Speaker,Female,Electronics,386.67,Chicago,M,Purple,Winter,3.8,Yes,Standard,Yes,Yes,4,Debit Card,Quarterly,
1416,23,Coat,Male,Clothing,130.53,Austin,M,Pink,Fall,3.0,Yes,Free Shipping,No,No,4,Debit Card,Quarterly,
1417,36,Slippers,Female,Footwear,106.49,Portland,XL,Black,Summer,3.8,Yes,Standard,No,No,8,Digital Wallet,Monthly,
1418,51,Loafers,Female,Footwear,167.66,San Diego,L,Purple,Summer,4.6,Yes,Next Day Air,No,No,4,Digital Wallet,Quarterly,
1419,39,Jeans,Male,Clothing,68.07,Phoenix,L,Purple,Spring,3.6,Yes,Express,Yes,Yes,3,Bank Transfer,Quarterly,
1420,26,Dress,Male,Clothing,159.54,Dallas,S,Purple,Spring,3.4,Yes,Standard,No,No,7,Digital Wallet,Monthly,
1421,35,Jeans,Female,Clothing,18.54,Miami,M,Yellow,Spring,4.3,Yes,Next Day Air,No,No,9,Bank Transfer,Weekly,
1422,28,Cushion,Female,Home,108.58,San Antonio,XL,Black,Spring,2.5,Yes,2-Day Shipping,No,No,5,Bank Transfer,Monthly,
1423,33,Boots,Male,Footwear,171.48,Portland,S,Blue,Summer,2.8,Yes,2-Day Shipping,Yes,Yes,3,Debit Card,Quarterly,
1424,40,Sandals,Female,Footwear,136.01,Austin,XL,Navy,Winter,3.1,No,Standard,No,Yes,3,Debit Card,Annually,
1425,53,Hat,Male,Accessories,204.59,Portland,XXL,Black,Summer,5.0,No,Free Shipping,Yes,Yes,2,Debit Card,Quarterly,
1426,37,Jeans,Male,Clothing,100.34,New York,M,Red,Summer,2.5,Yes,Standard,No,No,5,Debit Card,Weekly,
1427,40,Face Cream,Male,Beauty,63.77,Portland,L,Purple,Winter,3.9,Yes,Express,No,No,5,Bank Transfer,Monthly,
1428,50,Shampoo,Male,Beauty,40.93,Las Vegas,M,Yellow,Summer,3.6,No,Express,Yes,Yes,3,PayPal,Bi-Weekly,
1429,30,Loafers,Female,Footwear,81.22,Houston,L,Navy,Summer,4.1,No,2-Day Shipping,No,No,3,Bank Transfer,Monthly,
1430,36,Mouse,Male,Electronics,394.24,Denver,M,Green,Winter,5.0,No,Free Shipping,Yes,Yes,3,Digital Wallet,Annually,
1431,36,Jeans,Female,Clothing,110.74,Portland,M,White,Fall,4.5,No,Standard,Yes,Yes,2,Credit Card,Quarterly,
1432,67,Shorts,Male,Clothing,57.78,Houston,L,Brown,Fall,4.1,No,Standard,No,No,2,Digital Wallet,Monthly,
1433,51,Skirt,Female,Clothing,162.7,Atlanta,XL,Pink,Summer,3.9,No,Free Shipping,No,Yes,2,Debit Card,Bi-Weekly,
1434,39,Headphones,Male,Electronics,23.4,San Jose,M,Pink,Summer,2.9,No,2-Day Shipping,No,No,3,Credit Card,Annually,
1435,51,Face Wash,Male,Beauty,75.76,Dallas,M,Red,Spring,4.7,Yes,2-Day Shipping,No,No,3,Credit Card,Quarterly,
1436,18,Slippers,Male,Footwear,109.08,Dallas,S,Blue,Fall,4.4,No,Standard,Yes,Yes,4,Debit Card,Annually,
1437,44,Curtain,Female,Home,36.18,Atlanta,XS,Red,Spring,4.1,No,2-Day Shipping,No,No,2,Digital Wallet,Quarterly,
1438,24,Makeup Kit,Female,Beauty,17.77,San Antonio,S,White,Summer,3.2,No,Standard,No,No,5,Bank Transfer,Monthly,
1439,42,Belt,Female,Accessories,237.06,Houston,S,Purple,Summer,2.4,No,Next Day Air,No,No,3,Cash,Monthly,
1440,37,Dress,Female,Clothing,83.39,Portland,S,Red,Spring,3.8,No,Standard,No,No,4,Credit Card,Bi-Weekly,
1441,18,Dress,Female,Clothing,113.92,Philadelphia,S,Black,Summer,3.5,Yes,2-Day Shipping,Yes,Yes,2,Credit Card,Monthly,
1442,23,Coffee Mug,Male,Home,36.84,San Jose,M,Green,Spring,3.9,No,Express,No,No,2,Debit Card,Monthly,
1443,50,Jacket,Female,Clothing,149.32,Houston,S,Yellow,Summer,3.0,Yes,2-Day Shipping,No,No,4,PayPal,Weekly,
1444,29,Coat,Female,Clothing,161.7,Austin,XL,Navy,Fall,4.0,No,Express,No,No,6,Bank Transfer,Monthly,
1445,53,Jeans,Female,Clothing,112.08,San Antonio,M,Black,Fall,3.5,Yes,Free Shipping,No,No,7,Digital Wallet,Annually,
1446,21,Handbag,Male,Accessories,201.72,Miami,M,Pink,Spring,3.8,No,Express,Yes,Yes,2,Bank Transfer,Weekly,
1447,39,T-Shirt,Female,Clothing,48.69,Phoenix,M,Navy,Spring,4.2,Yes,Express,Yes,Yes,6,Debit Card,Monthly,
1448,35,Dress,Female,Clothing,168.9,San Antonio,M,Yellow,Summer,2.9,No,Standard,No,No,4,Debit Card,Quarterly,
1449,55,Curtain,Non-Binary,Home,198.65,Chicago,L,White,Summer,3.8,Yes,Standard,Yes,Yes,5,Credit Card,Quarterly,
1450,42,Coat,Female,Clothing,101.61,Phoenix,M,Pink,Summer,4.5,Yes,Standard,No,No,4,PayPal,Weekly,
1451,49,Jacket,Female,Clothing,84.15,Jacksonville,M,Brown,Winter,3.5,No,Standard,No,No,7,PayPal,Bi-Weekly,
1452,18,Running Shoes,Male,Footwear,25.7,New York,M,Yellow,Spring,4.6,No,Free Shipping,Yes,Yes,3,Cash,Monthly,
1453,25,Jacket,Female,Clothing,60.12,Detroit,S,Gray,Winter,4.0,No,Express,Yes,Yes,3,PayPal,Quarterly,
1454,27,Skirt,Female,Clothing,143.03,Miami,XL,Gray,Fall,4.4,Yes,Free Shipping,Yes,Yes,6,PayPal,Bi-Weekly,
1455,22,Face Cream,Male,Beauty,108.84,Jacksonville,L,Yellow,Winter,2.3,Yes,Next Day Air,Yes,Yes,3,Debit Card,Monthly,
1456,36,Jacket,Male,Clothing,97.97,Chicago,S,Purple,Summer,3.4,Yes,Free Shipping,No,No,3,Debit Card,Annually,
1457,48,Hat,Female,Accessories,152.72,Seattle,L,Purple,Spring,2.3,No,Standard,Yes,Yes,4,Debit Card,Quarterly,
1458,22,Jacket,Female,Clothing,152.37,Detroit,L,Brown,Spring,3.8,Yes,Standard,No,No,8,Cash,Quarterly,
1459,44,Sweater,Female,Clothing,173.69,Austin,L,Purple,Winter,2.9,Yes,Standard,No,No,3,Credit Card,Quarterly,
1460,47,Storage Box,Female,Home,90.46,Detroit,M,Gray,Summer,3.6,No,Standard,Yes,Yes,5,Credit Card,Bi-Weekly,
1461,49,Heels,Female,Footwear,108.36,Denver,XL,Red,Fall,4.0,No,Free Shipping,No,No,1,Cash,Monthly,
1462,41,T-Shirt,Female,Clothing,146.77,Miami,L,White,Winter,3.1,No,Standard,Yes,Yes,3,Bank Transfer,Bi-Weekly,
1463,52,Skirt,Female,Clothing,80.29,Boston,S,Yellow,Winter,4.7,Yes,Standard,No,No,4,Credit Card,Monthly,
1464,25,Table Lamp,Male,Home,60.6,Los Angeles,S,Brown,Fall,3.6,Yes,Standard,No,Yes,7,Cash,Monthly,
1465,41,T-Shirt,Female,Clothing,141.91,Austin,S,Purple,Summer,3.9,No,Free Shipping,No,No,3,Digital Wallet,Quarterly,
1466,38,Sunglasses,Male,Accessories,131.39,Chicago,One Size,Black,Spring,3.6,No,Standard,No,No,2,PayPal,Bi-Weekly,
1467,44,Heels,Male,Footwear,113.44,Atlanta,M,Pink,Winter,2.9,No,Standard,Yes,Yes,3,PayPal,Monthly,
1468,36,Backpack,Female,Accessories,157.64,Denver,XL,Purple,Fall,3.2,Yes,Standard,No,No,8,Cash,Quarterly,
1469,48,Jacket,Male,Clothing,112.62,Seattle,M,White,Summer,3.5,Yes,Express,No,Yes,6,Bank Transfer,Monthly,
1470,31,Coffee Mug,Male,Home,186.13,San Diego,XL,Blue,Winter,2.4,Yes,Free Shipping,No,Yes,2,Bank Transfer,Monthly,
1471,31,Smartwatch,Male,Electronics,141.24,New York,M,Green,Winter,5.0,No,Free Shipping,Yes,Yes,5,Debit Card,Monthly,
1472,49,Boots,Male,Footwear,215.51,Boston,XL,Red,Summer,4.8,Yes,Standard,No,No,7,Debit Card,Monthly,
1473,23,Makeup Kit,Male,Beauty,119.62,San Antonio,L,White,Winter,4.6,Yes,Free Shipping,No,No,7,Credit Card,Bi-Weekly,
1474,42,Coat,Male,Clothing,94.03,Denver,XL,Yellow,Winter,4.4,Yes,Free Shipping,Yes,Yes,5,Debit Card,Weekly,
1475,67,Jeans,Male,Clothing,83.21,Philadelphia,S,Red,Summer,4.6,No,2-Day Shipping,Yes,Yes,4,Credit Card,Weekly,
1476,46,Watch,Female,Accessories,220.22,San Antonio,M,Black,Spring,5.0,No,Next Day Air,No,Yes,2,Debit Card,Quarterly,
1477,49,Coffee Mug,Female,Home,126.66,San Diego,L,White,Spring,4.6,No,Standard,No,No,5,Credit Card,Monthly,
1478,28,Coat,Male,Clothing,88.61,Chicago,S,Yellow,Winter,3.8,Yes,Express,No,Yes,4,Digital Wallet,Quarterly,
1479,25,Keyboard,Female,Electronics,402.5,Jacksonville,M,Blue,Summer,3.4,Yes,2-Day Shipping,Yes,Yes,8,Credit Card,Bi-Weekly,
1480,27,Power Bank,Female,Electronics,338.07,Denver,M,White,Spring,4.5,No,Free Shipping,No,No,5,Digital Wallet,Bi-Weekly,
1481,30,Belt,Male,Accessories,17.74,Jacksonville,M,Purple,Winter,3.0,Yes,Free Shipping,No,No,4,PayPal,Monthly,
1482,33,Mouse,Female,Electronics,382.44,Los Angeles,XXL,Green,Summer,3.1,No,Standard,No,No,0,Credit Card,Quarterly,
1483,52,Sweater,Male,Clothing,172.17,Portland,XL,Green,Winter,3.9,Yes,Express,No,No,6,Debit Card,Bi-Weekly,
1484,50,Watch,Female,Accessories,21.88,Detroit,XS,Gray,Winter,4.0,Yes,Standard,Yes,Yes,6,Bank Transfer,Bi-Weekly,
1485,45,Jeans,Male,Clothing,29.06,Detroit,XXL,Blue,Winter,3.7,No,2-Day Shipping,No,No,5,Cash,Monthly,
1486,37,Sneakers,Male,Footwear,150.43,Boston,M,Navy,Fall,3.9,No,Standard,No,No,1,Digital Wallet,Monthly,
1487,46,Running Shoes,Male,Footwear,173.37,Houston,S,Green,Fall,5.0,No,Standard,No,No,4,Digital Wallet,Monthly,
1488,36,Heels,Male,Footwear,116.91,Boston,L,Yellow,Spring,3.0,No,2-Day Shipping,No,Yes,4,Credit Card,Bi-Weekly,
1489,31,Dress,Male,Clothing,128.67,New York,One Size,Purple,Summer,4.2,Yes,Standard,Yes,Yes,6,Debit Card,Monthly,
1490,47,Perfume,Female,Beauty,114.36,Houston,M,Red,Winter,4.1,Yes,Standard,No,Yes,6,PayPal,Monthly,
1491,54,Keyboard,Male,Electronics,291.86,San Antonio,S,Brown,Summer,3.0,Yes,Standard,No,Yes,3,Cash,Quarterly,
1492,47,Sunglasses,Female,Accessories,199.08,New York,XL,Red,Spring,2.8,No,Free Shipping,No,Yes,3,PayPal,Quarterly,
1493,27,T-Shirt,Male,Clothing,74.13,Seattle,XS,Purple,Summer,3.9,No,Express,No,Yes,3,Credit Card,Quarterly,
1494,28,Sandals,Female,Footwear,193.43,Detroit,M,Pink,Spring,2.8,Yes,2-Day Shipping,No,No,2,Bank Transfer,Monthly,
1495,44,Skirt,Male,Clothing,178.44,Austin,M,Yellow,Winter,2.3,No,Express,Yes,Yes,4,Debit Card,Monthly,
1496,18,Table Lamp,Female,Home,182.29,Philadelphia,L,Purple,Spring,3.0,Yes,Free Shipping,Yes,Yes,2,Cash,Quarterly,
1497,52,Hoodie,Female,Clothing,100.19,Seattle,L,Brown,Summer,5.0,No,Express,No,No,2,PayPal,Quarterly,
1498,36,Coat,Male,Clothing,174.42,Portland,L,Gray,Fall,3.4,Yes,Free Shipping,No,No,1,PayPal,Quarterly,
1499,49,Keyboard,Female,Electronics,62.59,Denver,XL,Gray,Summer,4.7,No,2-Day Shipping,No,Yes,2,Digital Wallet,Monthly,
1500,23,Wallet,Male,Accessories,93.82,Jacksonville,L,Green,Spring,3.6,Yes,Free Shipping,No,No,3,Digital Wallet,Monthly,
1501,43,Running Shoes,Male,Footwear,29.2,San Diego,L,Pink,Fall,3.2,Yes,Express,No,No,6,Debit Card,Bi-Weekly,
1502,60,Sweater,Male,Clothing,17.37,Houston,L,Pink,Summer,2.7,No,Free Shipping,No,No,3,Debit Card,Monthly,
1503,54,Mouse,Female,Electronics,133.65,Boston,L,Red,Summer,3.8,Yes,Standard,Yes,Yes,4,PayPal,Annually,
1504,25,Hoodie,Male,Clothing,155.28,San Diego,One Size,Pink,Spring,3.3,No,Standard,No,No,2,Credit Card,Monthly,
1505,39,Slippers,Female,Footwear,178.86,Philadelphia,XL,Purple,Spring,4.2,No,Express,No,Yes,2,Digital Wallet,Quarterly,
1506,43,Wallet,Male,Accessories,201.7,Dallas,XL,Yellow,Fall,3.3,No,Standard,Yes,Yes,3,Debit Card,Quarterly,
1507,40,Jeans,Female,Clothing,35.63,San Jose,XL,White,Fall,5.0,No,Standard,No,No,3,Bank Transfer,Quarterly,
1508,33,Shorts,Female,Clothing,78.51,Detroit,M,White,Spring,3.3,No,2-Day Shipping,No,No,4,Debit Card,Monthly,
1509,30,Storage Box,Female,Home,193.63,Chicago,M,Purple,Spring,4.7,Yes,Standard,No,No,4,Credit Card,Quarterly,
1510,59,Smartwatch,Female,Electronics,253.18,Phoenix,L,Green,Fall,2.8,No,2-Day Shipping,No,No,4,Digital Wallet,Bi-Weekly,
1511,30,Bedsheet,Female,Home,156.84,San Jose,M,Navy,Spring,4.5,No,Free Shipping,No,No,1,Credit Card,Monthly,
1512,28,T-Shirt,Male,Clothing,145.06,Boston,L,Blue,Winter,3.0,No,Standard,No,Yes,2,Credit Card,Annually,
1513,42,Skirt,Female,Clothing,174.68,Dallas,M,Gray,Fall,3.9,No,Standard,Yes,Yes,4,PayPal,Monthly,
1514,48,Coat,Female,Clothing,133.61,Phoenix,S,Yellow,Spring,2.8,No,Free Shipping,No,No,4,Debit Card,Quarterly,
1515,41,Coat,Female,Clothing,39.25,Phoenix,XL,Brown,Fall,3.8,No,Free Shipping,Yes,Yes,4,PayPal,Bi-Weekly,
1516,33,Shampoo,Male,Beauty,10.27,New York,L,Gray,Summer,3.8,Yes,Free Shipping,No,No,5,PayPal,Monthly,
1517,41,Slippers,Female,Footwear,84.78,Seattle,S,Green,Spring,3.7,Yes,Free Shipping,No,No,1,Cash,Quarterly,
1518,61,Makeup Kit,Female,Beauty,69.29,Portland,S,Green,Winter,3.4,Yes,Free Shipping,No,No,8,Bank Transfer,Monthly,
1519,36,Face Wash,Female,Beauty,73.02,Chicago,XL,Gray,Fall,3.5,Yes,2-Day Shipping,No,No,9,Digital Wallet,Monthly,
1520,21,Phone Case,Female,Electronics,124.5,New York,M,Red,Summer,3.5,No,Standard,Yes,Yes,3,Debit Card,Monthly,
1521,27,Sneakers,Male,Footwear,76.25,Atlanta,XL,Red,Spring,5.0,Yes,Standard,No,No,7,PayPal,Weekly,
1522,22,Dress,Male,Clothing,132.05,Philadelphia,L,Yellow,Spring,2.6,Yes,Standard,No,No,4,Bank Transfer,Monthly,
1523,29,Sunglasses,Male,Accessories,96.17,Dallas,M,Green,Summer,4.1,Yes,Standard,Yes,Yes,10,Digital Wallet,Quarterly,
1524,51,Hoodie,Female,Clothing,163.82,San Antonio,M,Yellow,Winter,4.5,No,Standard,No,No,3,Credit Card,Monthly,
1525,35,Keyboard,Male,Electronics,138.44,San Diego,XXL,Gray,Summer,5.0,No,Express,Yes,Yes,4,Digital Wallet,Annually,
1526,33,Wallet,Female,Accessories,21.83,Austin,M,Navy,Summer,2.9,Yes,Free Shipping,Yes,Yes,2,Debit Card,Annually,
1527,43,Power Bank,Male,Electronics,290.5,Atlanta,XXL,Yellow,Winter,1.4,Yes,Standard,Yes,Yes,1,Debit Card,Quarterly,
1528,55,Jeans,Male,Clothing,73.62,Houston,M,Purple,Fall,3.5,Yes,Free Shipping,Yes,Yes,6,PayPal,Weekly,
1529,56,Shorts,Male,Clothing,138.39,Dallas,S,White,Spring,3.7,Yes,Express,No,No,8,Digital Wallet,Bi-Weekly,
1530,30,Smartwatch,Female,Electronics,145.24,Detroit,L,Navy,Summer,2.7,No,Standard,No,No,4,PayPal,Monthly,
1531,27,Skirt,Female,Clothing,150.43,Philadelphia,M,Green,Winter,3.7,Yes,Free Shipping,No,No,7,Digital Wallet,Monthly,
1532,47,Coat,Non-Binary,Clothing,36.46,Detroit,XL,White,Winter,2.8,No,Standard,No,No,1,Debit Card,Quarterly,
1533,40,Power Bank,Male,Electronics,408.05,Seattle,S,Blue,Spring,1.6,Yes,Free Shipping,No,No,5,Debit Card,Quarterly,
1534,66,Table Lamp,Female,Home,101.7,Jacksonville,M,Purple,Summer,3.5,Yes,Standard,Yes,Yes,3,Debit Card,Bi-Weekly,
1535,27,Boots,Female,Footwear,85.33,Portland,XL,Gray,Spring,3.7,No,Standard,Yes,Yes,1,Digital Wallet,Annually,
1536,51,Coat,Female,Clothing,133.67,Portland,M,Red,Spring,3.8,Yes,Standard,No,Yes,3,Bank Transfer,Quarterly,
1537,45,Jeans,Female,Clothing,40.53,Dallas,XL,Red,Fall,3.4,No,Standard,No,No,6,Credit Card,Bi-Weekly,
1538,31,Scarf,Male,Accessories,116.88,Denver,M,Purple,Winter,4.2,No,Free Shipping,No,No,6,Debit Card,Monthly,
1539,49,Headphones,Male,Electronics,229.67,San Jose,L,Navy,Spring,4.0,Yes,Standard,No,No,4,Debit Card,Quarterly,
1540,37,Body Lotion,Male,Beauty,85.17,Detroit,XS,Pink,Winter,3.2,No,Standard,No,Yes,2,Credit Card,Bi-Weekly,
1541,36,Pillow,Female,Home,196.71,Dallas,L,Yellow,Fall,4.1,No,Express,No,Yes,3,Cash,Weekly,
1542,61,Jeans,Male,Clothing,85.59,Boston,XL,Red,Winter,3.3,No,Standard,Yes,Yes,3,PayPal,Monthly,
1543,18,Body Lotion,Male,Beauty,87.57,Boston,M,Black,Fall,4.5,Yes,Free Shipping,Yes,Yes,5,Credit Card,Quarterly,
1544,33,Sweater,Male,Clothing,179.9,Philadelphia,M,Red,Spring,4.1,Yes,Standard,Yes,Yes,6,Bank Transfer,Monthly,
1545,31,Bluetooth Speaker,Female,Electronics,220.52,Atlanta,XL,Navy,Winter,2.6,No,2-Day Shipping,No,No,6,Credit Card,Monthly,
1546,28,Heels,Male,Footwear,128.35,San Jose,XS,Navy,Summer,4.6,No,Standard,Yes,Yes,6,Cash,Monthly,
1547,18,Watch,Female,Accessories,194.77,Seattle,XXL,Black,Fall,4.2,No,Express,No,No,4,Credit Card,Quarterly,
1548,34,Storage Box,Male,Home,49.75,Las Vegas,S,White,Fall,3.4,No,Standard,No,No,9,Digital Wallet,Weekly,
1549,30,Sneakers,Male,Footwear,174.08,Boston,L,Navy,Summer,3.9,No,Standard,Yes,Yes,4,Credit Card,Quarterly,
1550,48,Sweater,Female,Clothing,32.78,San Jose,S,Navy,Spring,4.2,No,2-Day Shipping,Yes,Yes,0,Credit Card,Annually,
1551,47,Table Lamp,Female,Home,167.8,San Diego,XL,Blue,Spring,3.7,No,Express,No,No,4,Digital Wallet,Weekly,
1552,36,Lipstick,Male,Beauty,114.64,San Antonio,M,Brown,Fall,4.1,Yes,Next Day Air,Yes,Yes,5,Digital Wallet,Monthly,
1553,27,Coffee Mug,Female,Home,116.48,Philadelphia,M,Red,Spring,5.0,No,Express,No,Yes,1,PayPal,Quarterly,
1554,44,Storage Box,Female,Home,156.67,San Antonio,S,Black,Spring,4.4,Yes,Free Shipping,No,No,2,Debit Card,Quarterly,
1555,18,Coffee Mug,Female,Home,104.7,San Diego,L,Navy,Spring,4.0,No,Express,Yes,Yes,4,Digital Wallet,Weekly,
1556,44,Jacket,Male,Clothing,28.19,Atlanta,M,Yellow,Summer,3.8,No,2-Day Shipping,No,No,6,Credit Card,Bi-Weekly,
1557,37,Makeup Kit,Female,Beauty,103.2,Portland,XS,Purple,Winter,3.6,Yes,Free Shipping,Yes,Yes,7,Credit Card,Weekly,
1558,31,Smartwatch,Male,Electronics,349.64,Los Angeles,M,Pink,Fall,2.9,No,Standard,No,No,4,Bank Transfer,Monthly,
1559,31,Slippers,Male,Footwear,40.99,San Jose,L,White,Summer,4.5,Yes,Standard,No,No,9,PayPal,Weekly,
1560,42,Sneakers,Female,Footwear,142.77,Portland,L,Purple,Summer,3.9,Yes,Standard,No,No,7,Digital Wallet,Weekly,
1561,35,Wallet,Male,Accessories,80.47,Miami,M,Brown,Spring,3.3,Yes,2-Day Shipping,Yes,Yes,5,Cash,Quarterly,
1562,35,Bluetooth Speaker,Female,Electronics,32.11,Los Angeles,XL,Navy,Spring,3.8,Yes,Express,Yes,Yes,6,Debit Card,Quarterly,
1563,28,Jacket,Male,Clothing,153.43,Dallas,XXL,Brown,Summer,4.7,No,2-Day Shipping,Yes,Yes,2,Credit Card,Monthly,
1564,40,Loafers,Female,Footwear,192.75,Los Angeles,L,Yellow,Winter,2.9,Yes,Free Shipping,No,No,7,Cash,Monthly,
1565,38,Dress,Male,Clothing,97.17,Portland,One Size,Gray,Fall,3.5,No,Next Day Air,No,No,2,PayPal,Monthly,
1566,47,Hoodie,Male,Clothing,21.5,Seattle,M,White,Winter,3.0,Yes,Standard,No,No,7,Bank Transfer,Monthly,
1567,43,Keyboard,Male,Electronics,245.98,Detroit,L,Red,Spring,4.3,No,Standard,Yes,Yes,4,Credit Card,Annually,
1568,48,Face Wash,Female,Beauty,124.29,Philadelphia,M,Black,Fall,4.3,No,Free Shipping,Yes,Yes,4,Credit Card,Quarterly,
1569,47,Bedsheet,Female,Home,59.7,Seattle,XXL,White,Spring,5.0,No,Standard,Yes,Yes,4,Cash,Quarterly,
1570,34,Cushion,Male,Home,191.99,Austin,L,Black,Fall,3.3,Yes,Standard,No,No,5,Digital Wallet,Monthly,
1571,30,Dress,Female,Clothing,81.13,Miami,S,Pink,Winter,2.6,No,Standard,Yes,Yes,3,Debit Card,Monthly,
1572,46,Slippers,Male,Footwear,62.77,San Antonio,M,Black,Fall,3.0,No,Standard,Yes,Yes,3,Debit Card,Monthly,
1573,18,Belt,Male,Accessories,187.58,Philadelphia,S,Blue,Summer,4.2,No,Standard,Yes,Yes,4,Bank Transfer,Monthly,
1574,33,Storage Box,Female,Home,29.66,Houston,M,White,Winter,4.6,No,Standard,Yes,Yes,5,Debit Card,Monthly,
1575,28,T-Shirt,Male,Clothing,139.09,Phoenix,XS,Green,Winter,4.3,No,Express,No,No,5,Credit Card,Bi-Weekly,
1576,32,Running Shoes,Male,Footwear,177.48,Phoenix,L,Yellow,Spring,3.1,Yes,Free Shipping,Yes,Yes,2,Debit Card,Monthly,
1577,52,Makeup Kit,Female,Beauty,108.03,Detroit,L,Purple,Spring,5.0,No,Standard,Yes,Yes,2,Credit Card,Monthly,
1578,35,Table Lamp,Male,Home,141.46,San Diego,XL,Purple,Spring,3.9,No,Standard,No,No,1,Debit Card,Bi-Weekly,
1579,47,Heels,Male,Footwear,97.88,Boston,M,Gray,Fall,4.3,Yes,Standard,No,No,1,PayPal,Monthly,
1580,51,Sandals,Male,Footwear,139.53,Phoenix,XL,Blue,Spring,2.7,No,Standard,No,No,2,PayPal,Monthly,
1581,35,Heels,Female,Footwear,166.68,Chicago,M,Green,Spring,4.4,No,Standard,Yes,Yes,2,Digital Wallet,Annually,
1582,29,Coat,Female,Clothing,171.05,Detroit,L,Navy,Spring,4.3,Yes,2-Day Shipping,Yes,Yes,7,Digital Wallet,Monthly,
1583,37,Perfume,Male,Beauty,89.33,Phoenix,M,Pink,Spring,5.0,No,Standard,Yes,Yes,6,Bank Transfer,Monthly,
1584,39,Slippers,Female,Footwear,188.57,Los Angeles,S,Purple,Summer,3.0,Yes,Free Shipping,No,No,4,Digital Wallet,Annually,
1585,41,Makeup Kit,Female,Beauty,111.02,Miami,S,Purple,Summer,3.5,Yes,2-Day Shipping,No,No,10,Debit Card,Weekly,
1586,50,Bedsheet,Male,Home,62.24,New York,M,Navy,Summer,4.3,Yes,2-Day Shipping,No,No,5,Digital Wallet,Quarterly,
1587,30,Sandals,Female,Footwear,134.22,Boston,S,White,Winter,3.7,Yes,Express,No,No,3,Bank Transfer,Monthly,
1588,26,Phone Case,Female,Electronics,350.12,Seattle,XL,Gray,Fall,4.6,No,Next Day Air,Yes,Yes,1,Debit Card,Monthly,
1589,33,Hat,Male,Accessories,153.3,Atlanta,M,Pink,Summer,3.0,Yes,Free Shipping,No,No,5,Bank Transfer,Weekly,
1590,52,Running Shoes,Female,Footwear,104.92,Portland,M,Brown,Winter,4.5,Yes,Standard,Yes,Yes,4,Debit Card,Quarterly,
1591,32,Power Bank,Male,Electronics,39.25,Los Angeles,XL,Red,Fall,2.7,Yes,Standard,Yes,Yes,4,Cash,Annually,
1592,32,Headphones,Male,Electronics,222.56,Jacksonville,L,White,Winter,3.3,No,Free Shipping,Yes,Yes,1,Bank Transfer,Quarterly,
1593,38,T-Shirt,Male,Clothing,105.45,Portland,L,Black,Fall,4.3,Yes,Standard,No,No,10,Digital Wallet,Monthly,
1594,36,Pillow,Male,Home,35.59,Dallas,L,Gray,Summer,3.4,Yes,Express,Yes,Yes,5,Debit Card,Bi-Weekly,
1595,25,Headphones,Male,Electronics,340.53,Denver,XL,White,Fall,4.3,Yes,Free Shipping,Yes,Yes,3,Debit Card,Quarterly,
1596,49,Face Cream,Male,Beauty,51.71,Philadelphia,M,Brown,Fall,3.6,Yes,Standard,No,No,3,Debit Card,Quarterly,
1597,39,Smartwatch,Female,Electronics,346.26,San Antonio,M,Pink,Winter,3.8,No,2-Day Shipping,Yes,Yes,1,Credit Card,Quarterly,
1598,34,Face Cream,Female,Beauty,22.83,Seattle,M,Yellow,Summer,3.4,Yes,Next Day Air,No,No,2,Bank Transfer,Quarterly,
1599,30,Bluetooth Speaker,Female,Electronics,213.47,San Jose,XL,Red,Winter,3.6,Yes,Express,No,No,4,Credit Card,Annually,
1600,57,Keyboard,Male,Electronics,34.94,Miami,M,Blue,Winter,3.4,No,Standard,Yes,Yes,4,Credit Card,Quarterly,
1601,19,Hoodie,Female,Clothing,56.32,Phoenix,S,Blue,Spring,3.8,Yes,Standard,No,Yes,2,Debit Card,Weekly,
1602,26,Heels,Male,Footwear,41.91,New York,L,Green,Winter,5.0,No,Standard,No,No,2,Credit Card,Annually,
1603,38,Belt,Female,Accessories,111.41,Atlanta,S,Navy,Winter,4.5,Yes,2-Day Shipping,No,No,5,Debit Card,Bi-Weekly,
1604,30,Running Shoes,Male,Footwear,74.27,Detroit,M,Brown,Summer,4.8,No,Next Day Air,Yes,Yes,3,PayPal,Bi-Weekly,
1605,32,Lipstick,Non-Binary,Beauty,147.16,Philadelphia,M,Black,Fall,3.7,Yes,Standard,No,No,6,PayPal,Weekly,
1606,42,Storage Box,Female,Home,69.25,Boston,S,Navy,Winter,3.1,No,Standard,No,No,7,Credit Card,Weekly,
1607,18,Shorts,Female,Clothing,163.49,Phoenix,XL,Pink,Spring,2.1,Yes,Express,Yes,Yes,4,Credit Card,Monthly,
1608,47,Hoodie,Female,Clothing,158.23,San Antonio,L,White,Summer,2.9,Yes,Next Day Air,Yes,Yes,2,Cash,Quarterly,
1609,54,Shorts,Female,Clothing,58.2,Denver,M,Yellow,Summer,3.5,No,Free Shipping,No,No,4,Bank Transfer,Bi-Weekly,
1610,44,T-Shirt,Female,Clothing,25.05,Atlanta,One Size,Purple,Fall,5.0,Yes,Next Day Air,No,No,2,Credit Card,Weekly,
1611,45,Coat,Male,Clothing,81.46,Philadelphia,L,Yellow,Spring,4.0,No,Free Shipping,Yes,Yes,5,Credit Card,Weekly,
1612,23,Jacket,Male,Clothing,134.62,San Jose,S,Red,Summer,5.0,No,2-Day Shipping,No,No,3,Bank Transfer,Quarterly,
1613,42,Body Lotion,Male,Beauty,43.4,San Antonio,S,Red,Summer,4.0,Yes,2-Day Shipping,Yes,Yes,4,Bank Transfer,Monthly,
1614,31,Sneakers,Male,Footwear,33.16,Denver,XL,Yellow,Summer,4.8,No,Express,Yes,Yes,5,Cash,Monthly,
1615,38,Jacket,Non-Binary,Clothing,74.74,Boston,M,Green,Winter,3.1,No,2-Day Shipping,Yes,Yes,9,Cash,Weekly,
1616,23,Sweater,Non-Binary,Clothing,33.13,San Diego,XL,Black,Fall,3.6,No,Express,Yes,Yes,4,Digital Wallet,Quarterly,
1617,27,T-Shirt,Female,Clothing,104.91,Chicago,XS,Navy,Winter,2.6,No,Express,No,Yes,3,Credit Card,Monthly,
1618,48,Scarf,Male,Accessories,220.04,Boston,L,Red,Spring,4.3,Yes,Standard,No,No,5,Credit Card,Monthly,
1619,41,Sweater,Male,Clothing,156.64,Denver,M,Brown,Summer,5.0,No,Free Shipping,No,Yes,4,Debit Card,Monthly,
1620,50,T-Shirt,Male,Clothing,165.28,Denver,L,Green,Fall,3.2,Yes,Next Day Air,No,No,3,Debit Card,Quarterly,
1621,27,Mouse,Male,Electronics,151.29,Los Angeles,S,Brown,Spring,4.2,No,Standard,Yes,Yes,2,Digital Wallet,Monthly,
1622,33,Skirt,Female,Clothing,177.1,New York,L,Brown,Winter,3.3,Yes,Standard,Yes,Yes,4,Debit Card,Weekly,
1623,24,Sweater,Female,Clothing,79.44,Philadelphia,L,White,Fall,5.0,Yes,Express,Yes,Yes,2,Digital Wallet,Monthly,
1624,62,Sandals,Male,Footwear,37.42,San Diego,L,Purple,Summer,5.0,Yes,2-Day Shipping,No,No,7,Cash,Bi-Weekly,
1625,47,Heels,Female,Footwear,41.91,Austin,XS,Green,Winter,2.8,No,Express,No,No,3,Debit Card,Quarterly,
1626,43,Handbag,Male,Accessories,57.86,San Diego,XL,Red,Fall,3.1,No,Standard,No,No,2,Cash,Quarterly,
1627,36,Shorts,Male,Clothing,61.54,Denver,M,Pink,Spring,3.4,Yes,Express,No,No,6,Digital Wallet,Bi-Weekly,
1628,29,Skirt,Male,Clothing,160.22,Houston,XL,Pink,Summer,4.4,No,Free Shipping,No,No,1,Credit Card,Monthly,
1629,60,Boots,Female,Footwear,155.59,San Jose,L,Green,Summer,3.4,No,Free Shipping,No,No,4,Bank Transfer,Monthly,
1630,46,Boots,Female,Footwear,34.62,Chicago,M,Pink,Summer,3.3,Yes,Free Shipping,No,No,2,Credit Card,Annually,
1631,46,Boots,Female,Footwear,42.3,Boston,XL,Brown,Winter,3.4,Yes,2-Day Shipping,Yes,Yes,8,Digital Wallet,Weekly,
1632,33,Shorts,Female,Clothing,86.73,Detroit,S,Pink,Winter,4.1,Yes,Free Shipping,Yes,Yes,3,Credit Card,Monthly,
1633,27,Dress,Female,Clothing,68.37,Las Vegas,L,Black,Spring,5.0,Yes,Standard,No,No,6,Digital Wallet,Monthly,
1634,34,Storage Box,Female,Home,161.48,Atlanta,XS,Brown,Winter,4.7,Yes,Express,Yes,Yes,4,Debit Card,Weekly,
1635,22,Handbag,Male,Accessories,106.69,Miami,M,Red,Fall,3.1,No,Standard,Yes,Yes,1,Credit Card,Weekly,
1636,51,Jeans,Male,Clothing,51.14,New York,M,Black,Winter,3.7,Yes,Express,Yes,Yes,3,Cash,Monthly,
1637,46,Bedsheet,Male,Home,198.57,Atlanta,S,Purple,Summer,5.0,Yes,Free Shipping,Yes,Yes,8,Debit Card,Monthly,
1638,18,Shorts,Female,Clothing,116.71,Houston,L,White,Spring,3.8,Yes,Standard,No,No,6,Debit Card,Bi-Weekly,
1639,53,Jacket,Male,Clothing,15.02,Las Vegas,S,Purple,Summer,2.6,No,Standard,Yes,Yes,3,Cash,Quarterly,
1640,35,Heels,Female,Footwear,85.06,Dallas,M,Yellow,Spring,3.5,Yes,Standard,No,Yes,7,Cash,Weekly,
1641,55,T-Shirt,Male,Clothing,32.89,Austin,M,Pink,Fall,3.0,Yes,2-Day Shipping,No,No,4,Cash,Quarterly,
1642,44,Power Bank,Female,Electronics,293.46,New York,L,White,Spring,3.1,No,Standard,No,Yes,5,Debit Card,Quarterly,
1643,18,Coat,Male,Clothing,75.15,Miami,L,White,Winter,3.5,Yes,Standard,Yes,Yes,2,Cash,Monthly,
1644,29,Headphones,Male,Electronics,248.01,Las Vegas,L,Brown,Fall,5.0,No,Free Shipping,No,Yes,2,Cash,Annually,
1645,56,Makeup Kit,Male,Beauty,136.12,San Jose,XL,Pink,Winter,3.2,Yes,2-Day Shipping,Yes,Yes,4,Credit Card,Monthly,
1646,37,Hat,Male,Accessories,218.23,San Antonio,M,Purple,Winter,3.8,No,Standard,No,No,6,Cash,Bi-Weekly,
1647,28,Phone Case,Female,Electronics,242.0,Las Vegas,M,Yellow,Spring,4.7,No,Standard,No,No,4,Digital Wallet,Quarterly,
1648,26,Belt,Female,Accessories,77.35,Chicago,S,Navy,Spring,4.0,Yes,Standard,No,No,8,Bank Transfer,Monthly,
1649,41,Body Lotion,Male,Beauty,21.45,Miami,XL,Gray,Spring,3.9,No,Express,Yes,Yes,0,Bank Transfer,Monthly,
1650,38,Belt,Female,Accessories,175.28,Dallas,One Size,Pink,Summer,4.0,Yes,2-Day Shipping,No,No,5,Credit Card,Bi-Weekly,
1651,40,Lipstick,Female,Beauty,126.28,Jacksonville,M,Gray,Fall,4.0,Yes,Free Shipping,No,No,4,Digital Wallet,Weekly,
1652,36,Dress,Male,Clothing,171.37,San Jose,L,Gray,Summer,4.0,Yes,2-Day Shipping,No,Yes,2,Credit Card,Monthly,
1653,54,Sweater,Female,Clothing,87.51,San Diego,M,Brown,Spring,3.7,No,Standard,No,Yes,2,Digital Wallet,Monthly,
1654,40,T-Shirt,Female,Clothing,156.72,Houston,S,Purple,Summer,5.0,Yes,Express,No,No,6,Debit Card,Monthly,
1655,39,Boots,Male,Footwear,42.38,Boston,M,Yellow,Winter,5.0,Yes,Standard,No,No,0,Debit Card,Bi-Weekly,
1656,46,Shampoo,Male,Beauty,14.43,Chicago,L,Blue,Spring,4.4,Yes,2-Day Shipping,No,No,5,Bank Transfer,Monthly,
1657,31,Sweater,Female,Clothing,104.96,New York,M,White,Summer,3.4,Yes,Free Shipping,No,No,3,Debit Card,Annually,
1658,32,Scarf,Female,Accessories,35.35,Seattle,M,Red,Winter,3.7,Yes,Next Day Air,Yes,Yes,2,Debit Card,Quarterly,
1659,37,Face Wash,Female,Beauty,61.58,Detroit,M,Green,Fall,4.8,Yes,Standard,No,No,6,Credit Card,Quarterly,
1660,37,Sunglasses,Female,Accessories,45.07,Miami,L,White,Winter,3.0,Yes,Standard,No,No,3,Digital Wallet,Monthly,
1661,26,Curtain,Male,Home,103.92,San Jose,L,Gray,Summer,4.1,Yes,2-Day Shipping,Yes,Yes,8,Credit Card,Weekly,
1662,44,Face Wash,Male,Beauty,103.87,Phoenix,XS,Pink,Winter,4.1,No,Express,No,No,2,Debit Card,Monthly,
1663,31,Shorts,Male,Clothing,21.57,San Diego,S,Gray,Spring,5.0,No,Standard,Yes,Yes,2,Debit Card,Quarterly,
1664,21,Perfume,Male,Beauty,9.33,Seattle,S,Blue,Summer,4.1,No,Free Shipping,No,No,2,Digital Wallet,Monthly,
1665,28,Belt,Female,Accessories,169.93,San Jose,M,Pink,Spring,2.2,Yes,2-Day Shipping,Yes,Yes,7,Bank Transfer,Monthly,
1666,27,Sandals,Female,Footwear,102.53,Portland,XS,Black,Winter,3.1,Yes,Free Shipping,No,No,3,Debit Card,Bi-Weekly,
1667,47,Headphones,Female,Electronics,449.64,San Diego,L,Blue,Fall,3.0,Yes,Standard,No,Yes,2,Digital Wallet,Monthly,
1668,36,Running Shoes,Female,Footwear,42.05,Phoenix,S,Brown,Fall,4.2,No,Express,Yes,Yes,3,Debit Card,Monthly,
1669,24,Table Lamp,Non-Binary,Home,25.52,Denver,XXL,Purple,Summer,3.6,Yes,2-Day Shipping,No,No,2,Credit Card,Monthly,
1670,22,Smartwatch,Female,Electronics,186.36,Jacksonville,M,Purple,Winter,4.9,No,Standard,No,No,3,Credit Card,Monthly,
1671,69,Sunglasses,Male,Accessories,28.75,Denver,M,Purple,Spring,3.2,Yes,Free Shipping,Yes,Yes,3,Digital Wallet,Monthly,
1672,51,Storage Box,Male,Home,118.91,Austin,S,Red,Fall,3.6,No,Standard,No,No,5,Cash,Monthly,
1673,48,Boots,Female,Footwear,59.86,Las Vegas,One Size,Purple,Summer,4.8,No,Express,No,No,1,Bank Transfer,Monthly,
1674,41,Running Shoes,Female,Footwear,51.22,Las Vegas,XL,Purple,Winter,2.7,No,Free Shipping,No,No,3,Cash,Annually,
1675,18,Coat,Male,Clothing,33.26,Dallas,XL,Pink,Fall,2.0,No,Express,Yes,Yes,3,Debit Card,Monthly,
1676,37,Bedsheet,Male,Home,136.91,San Jose,M,Purple,Summer,3.0,Yes,Free Shipping,No,Yes,5,Credit Card,Weekly,
1677,31,Phone Case,Male,Electronics,249.94,Chicago,M,White,Summer,3.3,Yes,Free Shipping,Yes,Yes,5,Debit Card,Bi-Weekly,
1678,39,Face Cream,Male,Beauty,143.19,Seattle,XS,Purple,Fall,3.9,No,Next Day Air,No,No,2,Cash,Quarterly,
1679,43,Headphones,Female,Electronics,184.57,Dallas,M,Yellow,Winter,2.7,No,Free Shipping,No,No,4,Cash,Monthly,
1680,23,Wallet,Female,Accessories,25.92,Portland,M,Brown,Fall,3.2,No,Free Shipping,No,No,4,Debit Card,Bi-Weekly,
1681,23,Pillow,Female,Home,90.43,San Antonio,XL,Black,Winter,3.7,Yes,Standard,No,No,6,Credit Card,Monthly,
1682,41,Body Lotion,Female,Beauty,61.68,Philadelphia,XL,Pink,Winter,4.5,No,Next Day Air,No,No,2,Debit Card,Quarterly,
1683,49,Table Lamp,Female,Home,152.36,San Diego,M,Navy,Fall,4.6,No,Free Shipping,Yes,Yes,2,Credit Card,Monthly,
1684,28,Jeans,Female,Clothing,153.28,Los Angeles,XL,Brown,Fall,4.7,No,Standard,Yes,Yes,2,PayPal,Quarterly,
1685,49,Makeup Kit,Female,Beauty,66.46,Dallas,M,Red,Spring,4.1,Yes,Standard,Yes,Yes,4,Cash,Bi-Weekly,
1686,42,Keyboard,Female,Electronics,363.1,Philadelphia,XL,Green,Summer,4.3,No,2-Day Shipping,No,Yes,1,Debit Card,Weekly,
1687,36,Handbag,Female,Accessories,143.94,Austin,One Size,Black,Fall,3.9,No,Free Shipping,Yes,Yes,1,Credit Card,Annually,
1688,30,Sunglasses,Female,Accessories,35.9,Philadelphia,XL,Brown,Fall,3.6,No,Standard,Yes,Yes,5,Debit Card,Monthly,
1689,48,Shorts,Female,Clothing,99.02,Philadelphia,M,White,Spring,4.4,Yes,Next Day Air,No,Yes,7,PayPal,Monthly,
1690,35,Perfume,Female,Beauty,41.96,Phoenix,M,Yellow,Winter,2.0,Yes,Next Day Air,No,No,3,Credit Card,Weekly,
1691,27,Skirt,Female,Clothing,36.3,Phoenix,XXL,Red,Summer,3.9,Yes,Express,Yes,Yes,11,Credit Card,Monthly,
1692,48,Skirt,Female,Clothing,105.04,Austin,XS,Navy,Fall,3.6,No,Free Shipping,No,No,2,Credit Card,Monthly,
1693,27,Sandals,Female,Footwear,180.86,Boston,M,White,Spring,4.8,No,Standard,No,No,3,Credit Card,Monthly,
1694,30,Smartwatch,Female,Electronics,91.12,Houston,XL,Blue,Winter,2.5,Yes,Standard,No,No,6,Digital Wallet,Bi-Weekly,
1695,44,Coat,Female,Clothing,128.45,Phoenix,S,Navy,Summer,3.9,No,Standard,No,No,6,Digital Wallet,Quarterly,
1696,53,Jeans,Female,Clothing,88.61,Austin,L,Gray,Winter,4.3,No,Standard,No,No,3,Digital Wallet,Weekly,
1697,52,Bedsheet,Male,Home,17.17,Jacksonville,M,Red,Winter,3.8,Yes,Standard,Yes,Yes,1,Bank Transfer,Monthly,
1698,39,Hoodie,Female,Clothing,106.2,Portland,M,Pink,Fall,3.1,No,Standard,No,No,0,Debit Card,Annually,
1699,24,Coat,Female,Clothing,149.51,Portland,L,Navy,Summer,4.1,Yes,2-Day Shipping,No,No,4,Credit Card,Quarterly,
1700,41,Scarf,Female,Accessories,204.47,Detroit,XL,Navy,Fall,4.5,No,Standard,Yes,Yes,5,Credit Card,Weekly,
1701,19,Heels,Male,Footwear,218.22,Atlanta,XL,Yellow,Fall,2.9,No,Free Shipping,Yes,Yes,1,Credit Card,Monthly,
1702,23,Heels,Male,Footwear,186.4,Chicago,M,Navy,Winter,2.8,No,Standard,Yes,Yes,2,Cash,Annually,
1703,50,Hoodie,Female,Clothing,102.29,San Jose,S,Purple,Spring,1.8,Yes,Free Shipping,No,No,9,Debit Card,Annually,
1704,41,Heels,Female,Footwear,217.72,Las Vegas,XS,Red,Summer,3.1,No,2-Day Shipping,No,No,2,Credit Card,Bi-Weekly,
1705,60,Cushion,Female,Home,60.53,Austin,M,Yellow,Summer,3.5,Yes,Standard,No,No,4,Debit Card,Quarterly,
1706,50,Watch,Female,Accessories,126.29,San Diego,M,Red,Spring,1.8,No,Standard,Yes,Yes,2,Debit Card,Annually,
1707,38,Pillow,Male,Home,131.83,San Diego,S,White,Fall,3.2,No,Standard,No,No,4,Debit Card,Monthly,
1708,42,Running Shoes,Non-Binary,Footwear,104.58,Los Angeles,XS,Green,Spring,3.3,No,Standard,No,No,5,Debit Card,Monthly,
1709,42,Headphones,Female,Electronics,178.81,Houston,M,White,Summer,4.1,No,Free Shipping,No,No,3,Debit Card,Bi-Weekly,
1710,51,Running Shoes,Male,Footwear,135.34,Dallas,XL,Black,Winter,4.0,No,2-Day Shipping,No,No,1,Credit Card,Monthly,
1711,22,Skirt,Male,Clothing,164.8,Seattle,One Size,Yellow,Spring,3.0,No,Free Shipping,No,No,2,Credit Card,Bi-Weekly,
1712,55,Pillow,Female,Home,195.88,Miami,M,Blue,Fall,3.5,No,Standard,No,No,2,Debit Card,Quarterly,
1713,68,Heels,Male,Footwear,140.49,San Jose,XL,Brown,Summer,2.4,No,Standard,Yes,Yes,5,Credit Card,Monthly,
1714,39,Coat,Female,Clothing,43.15,Denver,M,Purple,Winter,5.0,Yes,Free Shipping,Yes,Yes,8,Cash,Bi-Weekly,
1715,44,Scarf,Male,Accessories,112.67,San Diego,L,Black,Winter,3.7,No,Standard,Yes,Yes,3,Credit Card,Annually,
1716,32,Shorts,Female,Clothing,101.76,Detroit,L,Black,Summer,3.8,No,Standard,No,No,6,Credit Card,Monthly,
1717,35,Coat,Female,Clothing,157.14,Miami,M,Black,Fall,3.9,Yes,Standard,No,Yes,9,PayPal,Bi-Weekly,
1718,47,Bluetooth Speaker,Female,Electronics,159.94,Jacksonville,M,Pink,Summer,3.1,No,2-Day Shipping,Yes,Yes,1,PayPal,Monthly,
1719,43,Sneakers,Female,Footwear,212.5,San Diego,M,Red,Winter,3.1,No,Standard,No,No,0,Credit Card,Quarterly,
1720,51,Skirt,Male,Clothing,80.58,Chicago,L,Red,Fall,3.5,No,Free Shipping,No,Yes,4,PayPal,Weekly,
1721,40,Sandals,Male,Footwear,136.63,Atlanta,M,Red,Winter,3.8,No,Next Day Air,Yes,Yes,5,Credit Card,Bi-Weekly,
1722,31,Power Bank,Male,Electronics,236.9,San Jose,M,Pink,Fall,2.9,Yes,Express,No,No,4,Credit Card,Monthly,
1723,18,Wallet,Female,Accessories,116.37,Atlanta,M,Pink,Fall,4.5,No,Free Shipping,No,No,1,Credit Card,Quarterly,
1724,30,Coat,Male,Clothing,110.17,San Diego,S,Brown,Summer,2.6,No,2-Day Shipping,Yes,Yes,0,Credit Card,Quarterly,
1725,41,Pillow,Female,Home,11.54,San Antonio,M,Pink,Spring,3.9,Yes,Standard,No,No,3,Credit Card,Monthly,
1726,23,Hoodie,Male,Clothing,89.75,Los Angeles,L,White,Fall,4.2,Yes,Standard,No,No,9,Debit Card,Quarterly,
1727,48,Skirt,Male,Clothing,131.24,Chicago,M,Black,Summer,3.1,Yes,Standard,Yes,Yes,11,Cash,Quarterly,
1728,51,Bluetooth Speaker,Male,Electronics,328.55,Chicago,M,Yellow,Spring,3.3,Yes,Standard,No,No,8,Debit Card,Annually,
1729,18,Slippers,Male,Footwear,198.23,Boston,S,Blue,Fall,4.0,Yes,Express,No,No,4,PayPal,Bi-Weekly,
1730,51,Storage Box,Female,Home,21.42,Los Angeles,S,Blue,Summer,3.5,Yes,2-Day Shipping,No,No,4,PayPal,Bi-Weekly,
1731,41,Running Shoes,Male,Footwear,98.62,Dallas,L,Navy,Summer,3.2,No,Next Day Air,No,No,6,Debit Card,Monthly,
1732,26,Scarf,Male,Accessories,228.08,Houston,L,Green,Fall,4.0,Yes,Standard,No,No,7,Credit Card,Monthly,
1733,31,Phone Case,Male,Electronics,142.34,Chicago,L,Green,Fall,4.1,Yes,Express,Yes,Yes,4,Digital Wallet,Quarterly,
1734,41,Bluetooth Speaker,Male,Electronics,387.14,Seattle,M,Black,Summer,3.9,No,Free Shipping,Yes,Yes,3,Credit Card,Quarterly,
1735,36,Dress,Female,Clothing,97.42,Los Angeles,M,White,Summer,3.2,Yes,2-Day Shipping,No,No,3,Debit Card,Monthly,
1736,40,Phone Case,Male,Electronics,236.25,Miami,XL,Yellow,Spring,4.0,Yes,2-Day Shipping,Yes,Yes,9,Credit Card,Monthly,
1737,43,Perfume,Female,Beauty,79.96,San Jose,M,Red,Winter,3.4,No,Next Day Air,No,Yes,2,Digital Wallet,Quarterly,
1738,42,Sneakers,Male,Footwear,203.4,Los Angeles,S,Black,Summer,3.8,No,Free Shipping,No,No,1,Debit Card,Bi-Weekly,
1739,33,Hat,Female,Accessories,145.58,Jacksonville,L,Blue,Fall,2.8,No,Standard,Yes,Yes,3,Credit Card,Quarterly,
1740,35,Face Wash,Female,Beauty,40.81,San Jose,S,Brown,Spring,3.1,Yes,Standard,Yes,Yes,4,Bank Transfer,Quarterly,
1741,25,Wallet,Male,Accessories,93.31,Chicago,XL,Brown,Fall,4.4,No,2-Day Shipping,No,No,2,Cash,Annually,
1742,29,Slippers,Female,Footwear,48.03,Atlanta,M,Green,Spring,3.5,No,Standard,No,Yes,2,Debit Card,Quarterly,
1743,26,Body Lotion,Male,Beauty,13.28,New York,M,Green,Winter,4.4,No,Next Day Air,No,No,4,Digital Wallet,Monthly,
1744,19,Jeans,Male,Clothing,49.85,Miami,XL,Green,Winter,4.0,Yes,Express,Yes,Yes,5,Credit Card,Bi-Weekly,
1745,24,Loafers,Male,Footwear,91.57,Los Angeles,M,Black,Summer,2.8,Yes,Free Shipping,No,No,3,Credit Card,Annually,
1746,49,Lipstick,Male,Beauty,99.98,Austin,S,Purple,Spring,3.4,No,Standard,Yes,Yes,2,Cash,Quarterly,
1747,26,Handbag,Male,Accessories,132.21,Los Angeles,M,Green,Summer,4.9,No,Next Day Air,No,No,2,Debit Card,Quarterly,
1748,28,T-Shirt,Female,Clothing,101.43,Miami,L,Brown,Winter,3.7,No,Standard,Yes,Yes,1,Debit Card,Monthly,
1749,49,Table Lamp,Female,Home,136.5,San Antonio,XL,Pink,Fall,3.5,No,Express,No,No,1,Digital Wallet,Quarterly,
1750,23,Headphones,Female,Electronics,266.38,Austin,L,Red,Fall,5.0,No,Standard,Yes,Yes,3,Bank Transfer,Bi-Weekly,
1751,52,Storage Box,Male,Home,89.28,Los Angeles,XS,Black,Fall,4.1,Yes,Standard,Yes,Yes,6,Credit Card,Monthly,
1752,49,Heels,Male,Footwear,195.68,Denver,L,White,Summer,4.8,Yes,Standard,No,No,4,Credit Card,Weekly,
1753,37,Hoodie,Female,Clothing,164.35,Miami,M,Green,Spring,5.0,No,Free Shipping,No,Yes,7,Credit Card,Monthly,
1754,38,Face Cream,Female,Beauty,100.83,San Diego,S,Brown,Summer,4.6,No,2-Day Shipping,No,Yes,7,Credit Card,Monthly,
1755,31,Jacket,Female,Clothing,28.34,Los Angeles,XXL,Green,Winter,4.0,Yes,Express,No,No,8,Cash,Bi-Weekly,
1756,25,Dress,Male,Clothing,97.32,Las Vegas,S,Yellow,Summer,3.2,Yes,2-Day Shipping,Yes,Yes,5,Digital Wallet,Weekly,
1757,33,Hat,Male,Accessories,158.74,Portland,M,Red,Winter,3.3,No,Express,Yes,Yes,5,Credit Card,Monthly,
1758,35,Mouse,Male,Electronics,198.94,Detroit,S,Navy,Winter,4.9,No,Standard,Yes,Yes,3,Credit Card,Annually,
1759,54,Face Wash,Female,Beauty,91.75,Austin,XS,Navy,Winter,3.8,Yes,2-Day Shipping,No,Yes,5,Digital Wallet,Weekly,
1760,32,Backpack,Female,Accessories,189.22,Jacksonville,XL,Yellow,Fall,3.5,No,2-Day Shipping,No,No,2,PayPal,Quarterly,
1761,32,Dress,Male,Clothing,54.69,Austin,XL,Purple,Summer,3.0,Yes,Express,No,No,3,Debit Card,Bi-Weekly,
1762,52,Coat,Male,Clothing,172.23,Dallas,L,Pink,Winter,4.3,No,Standard,No,No,3,Debit Card,Quarterly,
1763,58,Smartwatch,Male,Electronics,168.45,Seattle,M,Black,Summer,4.5,Yes,Standard,Yes,Yes,7,Debit Card,Quarterly,
1764,37,Pillow,Male,Home,169.89,Atlanta,M,Pink,Spring,3.6,Yes,Free Shipping,No,Yes,10,Credit Card,Weekly,
1765,31,Face Wash,Male,Beauty,60.13,Phoenix,M,Blue,Fall,4.2,Yes,Standard,Yes,Yes,6,Bank Transfer,Monthly,
1766,24,Face Cream,Female,Beauty,79.72,Seattle,XL,Red,Winter,4.8,Yes,Standard,No,No,3,Debit Card,Bi-Weekly,
1767,40,Belt,Female,Accessories,11.63,Houston,L,Black,Spring,4.3,Yes,Standard,No,No,3,Bank Transfer,Monthly,
1768,60,Backpack,Male,Accessories,149.54,Phoenix,M,Brown,Fall,3.6,Yes,Free Shipping,Yes,Yes,6,Credit Card,Weekly,
1769,40,Slippers,Female,Footwear,140.27,Jacksonville,L,Red,Summer,3.0,No,Standard,Yes,Yes,4,Debit Card,Monthly,
1770,52,Boots,Female,Footwear,147.28,Chicago,L,Pink,Summer,4.3,Yes,Next Day Air,No,No,4,Debit Card,Quarterly,
1771,33,T-Shirt,Male,Clothing,19.24,Detroit,L,Green,Fall,2.6,Yes,2-Day Shipping,Yes,Yes,3,Credit Card,Quarterly,
1772,18,Sandals,Non-Binary,Footwear,49.69,Los Angeles,L,Pink,Winter,2.5,Yes,Standard,No,No,7,Digital Wallet,Bi-Weekly,
1773,39,Keyboard,Female,Electronics,244.33,Jacksonville,M,Red,Winter,5.0,No,2-Day Shipping,No,No,1,Credit Card,Quarterly,
1774,41,Dress,Female,Clothing,123.77,San Antonio,XL,Red,Fall,4.1,No,Next Day Air,No,No,3,Credit Card,Quarterly,
1775,26,Smartwatch,Male,Electronics,260.17,San Antonio,M,Yellow,Winter,2.9,No,Standard,No,No,4,Credit Card,Monthly,
1776,30,Coat,Male,Clothing,159.21,Seattle,L,Purple,Fall,3.7,No,Free Shipping,No,No,4,Debit Card,Bi-Weekly,
1777,26,Watch,Female,Accessories,170.85,San Diego,M,Green,Fall,3.0,No,Standard,No,No,2,PayPal,Monthly,
1778,34,Boots,Female,Footwear,120.52,San Antonio,L,Gray,Winter,4.1,No,Next Day Air,Yes,Yes,2,Credit Card,Monthly,
1779,45,Mouse,Male,Electronics,330.86,Phoenix,L,Blue,Spring,4.1,No,Standard,No,No,1,Debit Card,Monthly,
1780,20,Watch,Female,Accessories,105.66,Las Vegas,XL,Pink,Summer,2.3,Yes,Standard,Yes,Yes,4,Credit Card,Quarterly,
1781,29,Headphones,Female,Electronics,390.92,Las Vegas,S,White,Winter,3.7,No,Standard,No,No,5,Credit Card,Annually,
1782,27,Loafers,Female,Footwear,119.32,Las Vegas,L,Brown,Fall,3.4,No,Standard,No,No,4,Debit Card,Monthly,
1783,28,Bedsheet,Female,Home,77.8,Seattle,M,Red,Fall,4.9,Yes,Standard,No,Yes,6,Cash,Monthly,
1784,26,Sweater,Female,Clothing,27.54,New York,L,Red,Spring,4.3,No,Standard,No,No,1,Cash,Monthly,
1785,37,Jeans,Male,Clothing,54.28,Miami,XL,Blue,Fall,2.5,No,Standard,No,No,4,Credit Card,Bi-Weekly,
1786,33,Slippers,Female,Footwear,148.89,Seattle,L,Navy,Spring,3.4,No,Standard,No,No,1,Debit Card,Weekly,
1787,49,Bluetooth Speaker,Male,Electronics,150.19,San Jose,S,Brown,Spring,4.4,No,Express,Yes,Yes,3,Credit Card,Monthly,
1788,19,Sneakers,Female,Footwear,65.99,Jacksonville,M,Pink,Summer,3.0,No,2-Day Shipping,No,No,4,PayPal,Monthly,
1789,39,Sandals,Female,Footwear,39.67,Las Vegas,L,Yellow,Spring,4.6,No,Standard,Yes,Yes,1,Debit Card,Quarterly,
1790,23,Storage Box,Male,Home,157.26,San Jose,XL,Pink,Fall,4.9,Yes,2-Day Shipping,No,No,4,Credit Card,Bi-Weekly,
1791,38,Perfume,Female,Beauty,99.7,San Antonio,L,Yellow,Fall,4.7,No,2-Day Shipping,Yes,Yes,3,Credit Card,Quarterly,
1792,18,Skirt,Female,Clothing,65.74,Atlanta,L,Brown,Summer,4.3,No,Standard,No,No,1,PayPal,Monthly,
1793,48,Jeans,Female,Clothing,94.04,Miami,M,Pink,Winter,2.8,No,2-Day Shipping,Yes,Yes,1,Cash,Monthly,
1794,50,Bedsheet,Female,Home,164.74,Boston,M,Red,Fall,4.1,No,Standard,No,No,3,Digital Wallet,Quarterly,
1795,39,Hoodie,Female,Clothing,148.04,Las Vegas,M,Green,Summer,4.2,No,Free Shipping,Yes,Yes,2,Digital Wallet,Monthly,
1796,67,Smartwatch,Female,Electronics,132.78,New York,S,Pink,Winter,3.1,Yes,Free Shipping,Yes,Yes,5,Digital Wallet,Monthly,
1797,51,Face Cream,Female,Beauty,76.51,Jacksonville,S,Black,Fall,4.0,Yes,Standard,Yes,Yes,5,PayPal,Annually,
1798,38,Hoodie,Female,Clothing,107.03,Atlanta,M,Green,Summer,5.0,No,Standard,Yes,Yes,0,PayPal,Monthly,
1799,29,Pillow,Female,Home,51.68,Los Angeles,M,Black,Winter,3.3,Yes,Free Shipping,No,No,2,Bank Transfer,Quarterly,
1800,33,Slippers,Female,Footwear,47.98,Miami,S,Yellow,Winter,4.1,No,Free Shipping,No,No,3,Debit Card,Quarterly,
1801,45,Lipstick,Female,Beauty,29.89,San Antonio,S,Red,Summer,3.1,No,2-Day Shipping,No,No,2,Cash,Quarterly,
1802,25,Backpack,Female,Accessories,232.15,Los Angeles,L,Red,Summer,3.8,No,Express,No,No,4,Credit Card,Annually,
1803,26,Perfume,Male,Beauty,31.02,Houston,S,Gray,Fall,4.4,No,Standard,No,No,3,Debit Card,Monthly,
1804,64,Bluetooth Speaker,Male,Electronics,212.02,Jacksonville,XL,Gray,Winter,3.0,Yes,2-Day Shipping,No,No,7,Debit Card,Monthly,
1805,44,Handbag,Male,Accessories,46.7,Houston,L,Blue,Summer,3.7,No,Express,No,No,2,Credit Card,Annually,
1806,45,Sweater,Female,Clothing,117.87,Las Vegas,S,Pink,Summer,5.0,No,2-Day Shipping,Yes,Yes,3,PayPal,Quarterly,
1807,56,Skirt,Male,Clothing,146.45,Atlanta,XL,Gray,Summer,3.4,No,Standard,No,No,2,Cash,Quarterly,
1808,32,Slippers,Female,Footwear,123.94,San Jose,S,Navy,Winter,4.0,No,Standard,No,Yes,3,Bank Transfer,Weekly,
1809,49,Boots,Female,Footwear,55.75,Boston,XS,Black,Winter,5.0,No,Express,Yes,Yes,2,PayPal,Monthly,
1810,43,Mouse,Female,Electronics,157.31,Los Angeles,XL,Brown,Spring,4.7,Yes,2-Day Shipping,Yes,Yes,4,Debit Card,Monthly,
1811,56,Storage Box,Male,Home,160.78,Los Angeles,XS,Green,Summer,3.1,No,2-Day Shipping,Yes,Yes,3,Credit Card,Quarterly,
1812,45,Sweater,Non-Binary,Clothing,176.16,Miami,XS,Purple,Summer,3.6,Yes,2-Day Shipping,Yes,Yes,5,Digital Wallet,Weekly,
1813,18,Sweater,Female,Clothing,41.18,Phoenix,M,Purple,Winter,4.9,Yes,Free Shipping,Yes,Yes,5,Digital Wallet,Monthly,
1814,53,Heels,Male,Footwear,55.76,San Diego,L,Black,Fall,3.5,Yes,2-Day Shipping,Yes,Yes,5,PayPal,Monthly,
1815,34,Skirt,Female,Clothing,53.36,Chicago,S,Navy,Winter,3.5,No,Standard,Yes,Yes,2,PayPal,Weekly,
1816,29,Skirt,Female,Clothing,98.64,San Jose,S,Black,Spring,2.7,Yes,Standard,No,Yes,5,Bank Transfer,Quarterly,
1817,27,Bluetooth Speaker,Female,Electronics,134.4,New York,M,Purple,Summer,2.7,No,Free Shipping,No,No,3,Credit Card,Quarterly,
1818,28,Sweater,Female,Clothing,44.82,Jacksonville,S,Gray,Fall,4.8,No,Express,Yes,Yes,5,Digital Wallet,Weekly,
1819,35,Power Bank,Male,Electronics,429.86,Phoenix,S,Blue,Winter,3.6,Yes,Standard,Yes,Yes,4,Digital Wallet,Quarterly,
1820,26,Sweater,Female,Clothing,20.09,Chicago,L,Purple,Summer,2.9,No,Express,Yes,Yes,4,Credit Card,Quarterly,
1821,36,Skirt,Female,Clothing,48.81,Atlanta,S,Navy,Summer,3.8,Yes,Standard,No,No,8,Cash,Bi-Weekly,
1822,40,Running Shoes,Female,Footwear,41.13,Jacksonville,M,Purple,Spring,3.5,No,Standard,Yes,Yes,1,Cash,Quarterly,
1823,35,Shorts,Female,Clothing,103.27,Phoenix,L,Brown,Fall,3.7,Yes,Free Shipping,No,No,6,Credit Card,Bi-Weekly,
1824,20,T-Shirt,Female,Clothing,105.02,Philadelphia,XXL,Black,Fall,4.1,No,Standard,No,No,4,PayPal,Monthly,
1825,24,Bluetooth Speaker,Male,Electronics,295.47,Chicago,M,Brown,Winter,3.3,No,Express,No,No,2,Credit Card,Monthly,
1826,18,Shorts,Male,Clothing,68.19,New York,S,Gray,Summer,3.4,Yes,Next Day Air,No,No,8,PayPal,Bi-Weekly,
1827,41,Shorts,Female,Clothing,164.59,New York,M,Purple,Summer,4.4,Yes,Free Shipping,No,No,7,Debit Card,Annually,
1828,64,Coat,Non-Binary,Clothing,38.98,Atlanta,XL,Red,Winter,4.4,No,Free Shipping,No,No,1,Credit Card,Monthly,
1829,28,Shampoo,Female,Beauty,88.3,San Jose,M,Pink,Fall,3.3,No,Free Shipping,Yes,Yes,0,Bank Transfer,Quarterly,
1830,47,Shorts,Male,Clothing,66.56,Atlanta,XS,White,Spring,3.5,Yes,Standard,Yes,Yes,7,Cash,Monthly,
1831,35,Dress,Male,Clothing,56.35,Atlanta,XL,Brown,Fall,3.9,No,2-Day Shipping,No,No,8,Credit Card,Quarterly,
1832,49,Sandals,Male,Footwear,200.43,New York,XL,Brown,Spring,3.5,Yes,Standard,Yes,Yes,7,Bank Transfer,Monthly,
1833,18,Shorts,Male,Clothing,149.33,Los Angeles,M,Gray,Summer,4.3,No,Free Shipping,Yes,Yes,3,PayPal,Monthly,
1834,23,Pillow,Female,Home,37.11,Phoenix,M,Red,Summer,4.9,No,Free Shipping,No,No,3,PayPal,Annually,
1835,54,Keyboard,Male,Electronics,316.07,Austin,M,Red,Winter,3.4,No,Standard,Yes,Yes,4,PayPal,Bi-Weekly,
1836,75,Watch,Female,Accessories,129.1,Boston,M,Green,Summer,3.3,No,2-Day Shipping,No,No,5,Debit Card,Monthly,
1837,41,Sandals,Female,Footwear,111.91,Austin,S,Green,Summer,2.9,Yes,Free Shipping,No,Yes,3,Bank Transfer,Monthly,
1838,35,Handbag,Female,Accessories,239.36,Austin,XL,Green,Fall,3.3,Yes,Next Day Air,No,No,8,Debit Card,Weekly,
1839,47,Shorts,Male,Clothing,107.93,Houston,S,Blue,Fall,3.4,No,2-Day Shipping,Yes,Yes,1,Digital Wallet,Bi-Weekly,
1840,32,Sweater,Female,Clothing,29.72,Austin,M,White,Summer,4.4,No,Standard,Yes,Yes,3,Cash,Quarterly,
1841,31,Sandals,Male,Footwear,215.86,Miami,XL,Purple,Spring,4.2,Yes,Next Day Air,No,No,3,Credit Card,Monthly,
1842,18,Sandals,Male,Footwear,103.5,Dallas,S,Yellow,Spring,3.7,Yes,2-Day Shipping,Yes,Yes,7,Bank Transfer,Quarterly,
1843,39,Loafers,Male,Footwear,190.25,Phoenix,XL,Purple,Summer,3.9,Yes,Free Shipping,Yes,Yes,3,Digital Wallet,Quarterly,
1844,37,Sneakers,Male,Footwear,92.06,Seattle,XS,Yellow,Winter,2.6,Yes,Standard,No,No,5,Digital Wallet,Monthly,
1845,39,Slippers,Female,Footwear,50.45,Seattle,L,Yellow,Winter,3.1,No,Free Shipping,No,No,6,Digital Wallet,Weekly,
1846,47,Jeans,Female,Clothing,173.77,Denver,XL,Brown,Winter,4.9,Yes,Standard,No,No,9,Digital Wallet,Monthly,
1847,35,Keyboard,Male,Electronics,53.18,Chicago,M,Gray,Spring,3.8,No,Next Day Air,No,No,2,Debit Card,Monthly,
1848,18,Perfume,Female,Beauty,106.69,San Antonio,L,Black,Summer,4.0,No,Free Shipping,Yes,Yes,2,Bank Transfer,Bi-Weekly,
1849,54,Phone Case,Female,Electronics,430.45,Dallas,S,Red,Fall,4.6,Yes,2-Day Shipping,No,No,6,Credit Card,Bi-Weekly,
1850,42,Dress,Female,Clothing,112.2,Boston,M,Pink,Winter,5.0,Yes,Free Shipping,Yes,Yes,4,Bank Transfer,Monthly,
1851,30,Mouse,Male,Electronics,163.61,Boston,S,Red,Fall,4.2,Yes,Standard,No,No,2,Debit Card,Quarterly,
1852,41,Skirt,Male,Clothing,79.73,Las Vegas,M,Green,Summer,4.6,No,2-Day Shipping,No,Yes,3,Digital Wallet,Monthly,
1853,58,Boots,Female,Footwear,68.38,Houston,L,Gray,Fall,3.8,No,2-Day Shipping,Yes,Yes,3,PayPal,Weekly,
1854,18,Running Shoes,Male,Footwear,50.71,Chicago,L,Purple,Winter,2.6,No,Standard,Yes,Yes,4,Cash,Annually,
1855,40,Bluetooth Speaker,Male,Electronics,36.47,Detroit,S,Blue,Summer,3.7,Yes,Standard,Yes,Yes,1,Digital Wallet,Monthly,
1856,40,Hat,Female,Accessories,29.6,San Antonio,L,Green,Winter,4.4,No,Standard,No,No,3,Credit Card,Monthly,
1857,32,Skirt,Male,Clothing,156.28,Detroit,M,Red,Fall,3.1,No,Standard,Yes,Yes,3,Bank Transfer,Annually,
1858,49,Coat,Male,Clothing,127.15,Boston,L,White,Summer,3.4,No,2-Day Shipping,No,No,2,Bank Transfer,Quarterly,
1859,29,Keyboard,Male,Electronics,181.23,Atlanta,M,Gray,Summer,3.4,Yes,2-Day Shipping,No,Yes,6,Debit Card,Quarterly,
1860,34,Jacket,Female,Clothing,104.85,Phoenix,S,Gray,Fall,4.7,No,Standard,Yes,Yes,0,Debit Card,Bi-Weekly,
1861,46,Loafers,Male,Footwear,172.05,Miami,M,Pink,Winter,2.1,Yes,Free Shipping,No,No,6,Credit Card,Weekly,
1862,39,Table Lamp,Male,Home,125.88,San Diego,M,Pink,Fall,3.1,No,Express,No,No,3,PayPal,Monthly,
1863,37,Skirt,Female,Clothing,94.37,Detroit,S,Black,Fall,4.3,No,2-Day Shipping,No,No,2,Bank Transfer,Monthly,
1864,47,Phone Case,Female,Electronics,336.9,Phoenix,S,Green,Spring,5.0,No,Standard,No,Yes,3,Cash,Quarterly,
1865,26,Heels,Female,Footwear,139.14,Miami,L,Yellow,Summer,3.5,No,Standard,No,Yes,2,PayPal,Quarterly,
1866,43,Power Bank,Male,Electronics,356.69,Detroit,M,Purple,Spring,5.0,No,Standard,No,No,0,Credit Card,Monthly,
1867,36,Running Shoes,Female,Footwear,128.56,Denver,L,Blue,Fall,3.4,Yes,Free Shipping,No,No,2,Debit Card,Quarterly,
1868,20,Smartwatch,Female,Electronics,426.18,Philadelphia,M,Brown,Winter,4.1,No,Standard,No,No,0,PayPal,Weekly,
1869,49,Shorts,Male,Clothing,123.92,Philadelphia,M,Blue,Fall,3.1,Yes,Standard,Yes,Yes,2,Debit Card,Bi-Weekly,
1870,43,Sweater,Female,Clothing,75.53,Dallas,M,Yellow,Winter,2.7,No,2-Day Shipping,No,No,1,Digital Wallet,Monthly,
1871,34,Belt,Female,Accessories,158.36,San Antonio,S,Pink,Summer,4.7,No,Next Day Air,No,No,1,Credit Card,Monthly,
1872,35,Jacket,Female,Clothing,81.92,San Jose,M,Brown,Winter,4.4,No,Free Shipping,No,No,2,Cash,Annually,
1873,42,Sweater,Male,Clothing,103.23,Portland,L,Yellow,Summer,3.4,Yes,Free Shipping,No,No,6,PayPal,Bi-Weekly,
1874,31,Dress,Female,Clothing,169.81,Denver,S,Blue,Winter,4.4,No,Free Shipping,Yes,Yes,2,Debit Card,Quarterly,
1875,43,Sandals,Female,Footwear,37.3,Jacksonville,M,Pink,Summer,2.4,Yes,Free Shipping,No,No,3,Debit Card,Quarterly,
1876,18,Jacket,Female,Clothing,47.92,San Jose,S,Green,Winter,2.4,No,2-Day Shipping,Yes,Yes,1,Cash,Quarterly,
1877,18,Boots,Male,Footwear,211.47,San Diego,M,White,Spring,2.9,No,Express,No,No,5,Debit Card,Weekly,
1878,45,Running Shoes,Male,Footwear,143.19,San Antonio,M,White,Winter,4.1,No,Standard,No,Yes,1,Debit Card,Quarterly,
1879,29,Hoodie,Female,Clothing,56.19,Austin,M,Gray,Winter,4.7,No,2-Day Shipping,Yes,Yes,2,Credit Card,Quarterly,
1880,42,Heels,Male,Footwear,64.52,Houston,S,Green,Spring,4.2,No,Free Shipping,Yes,Yes,2,Bank Transfer,Quarterly,
1881,18,Dress,Male,Clothing,126.53,Las Vegas,M,Green,Winter,3.4,No,Express,No,No,2,Credit Card,Monthly,
1882,48,Loafers,Female,Footwear,60.02,Boston,M,Yellow,Spring,3.2,Yes,2-Day Shipping,Yes,Yes,6,Digital Wallet,Weekly,
1883,36,Jacket,Male,Clothing,111.24,New York,XL,Gray,Summer,3.6,No,Free Shipping,No,No,1,Credit Card,Quarterly,
1884,21,Perfume,Female,Beauty,66.04,Phoenix,XS,Black,Summer,4.1,No,2-Day Shipping,Yes,Yes,4,Debit Card,Monthly,
1885,36,Coat,Non-Binary,Clothing,100.05,San Antonio,XL,Purple,Spring,4.0,Yes,Standard,No,No,5,Credit Card,Bi-Weekly,
1886,18,Scarf,Female,Accessories,190.46,Chicago,M,Gray,Spring,4.0,Yes,Standard,No,No,5,PayPal,Bi-Weekly,
1887,18,T-Shirt,Male,Clothing,135.42,Dallas,L,Red,Spring,3.1,Yes,2-Day Shipping,Yes,Yes,3,Debit Card,Monthly,
1888,41,T-Shirt,Male,Clothing,55.57,Las Vegas,XXL,Brown,Spring,4.0,No,Next Day Air,Yes,Yes,3,Debit Card,Quarterly,
1889,44,Mouse,Female,Electronics,72.23,Dallas,S,Green,Spring,4.6,No,2-Day Shipping,No,No,1,Credit Card,Quarterly,
1890,40,Skirt,Female,Clothing,149.28,San Jose,M,Purple,Summer,4.4,No,Standard,No,No,1,Credit Card,Weekly,
1891,58,Dress,Female,Clothing,46.61,Los Angeles,M,Pink,Winter,4.6,No,Express,Yes,Yes,1,PayPal,Quarterly,
1892,43,Jeans,Male,Clothing,49.67,San Jose,L,Navy,Spring,3.5,No,Express,No,No,5,Credit Card,Weekly,
1893,39,Jacket,Female,Clothing,23.8,Miami,M,Red,Fall,5.0,No,2-Day Shipping,No,No,3,PayPal,Monthly,
1894,18,Face Wash,Male,Beauty,115.85,Philadelphia,S,Green,Summer,4.6,Yes,Free Shipping,No,No,7,Credit Card,Monthly,
1895,38,Body Lotion,Female,Beauty,93.21,New York,M,Black,Summer,5.0,No,Standard,No,No,3,Cash,Quarterly,
1896,33,Loafers,Male,Footwear,29.32,Detroit,XL,Brown,Winter,3.9,No,Express,Yes,Yes,8,Bank Transfer,Weekly,
1897,46,Keyboard,Male,Electronics,214.56,Las Vegas,XL,Navy,Summer,3.7,No,2-Day Shipping,No,Yes,6,Bank Transfer,Bi-Weekly,
1898,22,Watch,Female,Accessories,70.07,Jacksonville,M,Blue,Fall,3.0,No,Standard,No,No,2,Debit Card,Monthly,
1899,43,Slippers,Male,Footwear,190.0,San Antonio,XL,Yellow,Fall,4.0,Yes,Standard,Yes,Yes,4,Debit Card,Annually,
1900,48,Sneakers,Male,Footwear,30.18,San Jose,M,Gray,Fall,4.1,No,Free Shipping,No,Yes,4,Digital Wallet,Quarterly,
1901,18,Phone Case,Female,Electronics,337.21,Jacksonville,L,Gray,Summer,2.8,No,Next Day Air,Yes,Yes,2,Debit Card,Bi-Weekly,
1902,46,Lipstick,Female,Beauty,90.3,Chicago,XL,Navy,Winter,3.5,Yes,Next Day Air,No,No,5,Debit Card,Bi-Weekly,
1903,28,Mouse,Female,Electronics,439.84,San Antonio,S,Gray,Fall,4.3,No,Next Day Air,No,No,6,Debit Card,Weekly,
1904,18,Shampoo,Male,Beauty,22.5,Boston,M,Black,Summer,4.5,No,Standard,No,No,4,Debit Card,Monthly,
1905,35,Sandals,Female,Footwear,209.74,San Jose,XL,Red,Spring,3.8,Yes,Next Day Air,Yes,Yes,2,PayPal,Monthly,
1906,18,Body Lotion,Male,Beauty,143.87,Dallas,M,Green,Fall,4.5,No,2-Day Shipping,Yes,Yes,2,Debit Card,Annually,
1907,27,Skirt,Male,Clothing,23.07,Jacksonville,M,Blue,Summer,2.6,Yes,Express,No,No,2,Digital Wallet,Quarterly,
1908,18,Belt,Female,Accessories,219.45,Denver,L,Red,Summer,2.2,No,Standard,No,No,1,PayPal,Bi-Weekly,
1909,40,Shampoo,Female,Beauty,142.25,Denver,XXL,Green,Summer,3.9,No,Standard,No,No,6,Credit Card,Monthly,
1910,38,Face Cream,Female,Beauty,118.52,Philadelphia,One Size,Navy,Fall,4.0,Yes,Standard,Yes,Yes,3,Debit Card,Monthly,
1911,55,Jacket,Female,Clothing,60.74,Seattle,M,Green,Summer,3.8,Yes,Standard,No,No,5,Credit Card,Monthly,
1912,61,Keyboard,Male,Electronics,239.25,Seattle,M,Purple,Spring,4.3,No,Standard,Yes,Yes,3,PayPal,Quarterly,
1913,31,Storage Box,Male,Home,157.45,Phoenix,S,Yellow,Summer,2.8,Yes,Free Shipping,No,Yes,3,PayPal,Annually,
1914,41,Mouse,Male,Electronics,197.42,Phoenix,XL,Pink,Winter,3.8,No,2-Day Shipping,Yes,Yes,6,Bank Transfer,Monthly,
1915,44,Sweater,Male,Clothing,62.01,Las Vegas,XL,Red,Winter,4.1,No,Free Shipping,Yes,Yes,4,Debit Card,Monthly,
1916,19,Phone Case,Female,Electronics,351.42,Miami,M,Black,Fall,3.8,Yes,2-Day Shipping,No,No,6,Digital Wallet,Monthly,
1917,58,Phone Case,Female,Electronics,273.64,Boston,M,Pink,Summer,4.2,No,Express,No,No,1,Credit Card,Monthly,
1918,42,Jeans,Female,Clothing,85.18,New York,L,Red,Summer,4.4,Yes,Standard,No,No,6,Credit Card,Bi-Weekly,
1919,36,Shorts,Male,Clothing,147.43,Miami,XS,Gray,Summer,5.0,No,Free Shipping,No,No,2,Bank Transfer,Quarterly,
1920,60,Bedsheet,Female,Home,100.31,Chicago,S,White,Spring,5.0,Yes,Standard,No,No,3,Debit Card,Monthly,
1921,56,Bluetooth Speaker,Female,Electronics,262.78,Atlanta,M,Green,Fall,3.9,Yes,Free Shipping,No,Yes,6,Cash,Bi-Weekly,
1922,29,Table Lamp,Female,Home,178.27,San Diego,XL,Blue,Winter,4.2,No,Standard,No,No,2,Debit Card,Bi-Weekly,
1923,26,Slippers,Female,Footwear,61.16,New York,M,Pink,Fall,4.6,No,Standard,No,No,2,PayPal,Weekly,
1924,35,Loafers,Female,Footwear,55.63,Philadelphia,L,White,Summer,4.0,Yes,Next Day Air,No,No,4,Bank Transfer,Annually,
1925,33,T-Shirt,Female,Clothing,78.05,Dallas,L,Purple,Spring,2.7,No,Standard,No,No,5,Credit Card,Monthly,
1926,37,Smartwatch,Male,Electronics,64.35,Philadelphia,XS,White,Summer,4.5,No,Standard,No,No,4,Debit Card,Weekly,
1927,28,Wallet,Male,Accessories,97.42,Atlanta,M,White,Winter,4.0,No,Standard,No,No,2,Debit Card,Monthly,
1928,43,Dress,Male,Clothing,124.93,Los Angeles,M,Black,Fall,4.6,No,Express,Yes,Yes,3,PayPal,Monthly,
1929,40,Skirt,Female,Clothing,151.83,Chicago,XS,Pink,Spring,3.3,No,Express,No,No,5,PayPal,Weekly,
1930,39,Shorts,Female,Clothing,174.04,Los Angeles,M,Yellow,Summer,3.3,No,Express,No,No,6,Credit Card,Monthly,
1931,51,Body Lotion,Non-Binary,Beauty,30.01,Houston,M,Gray,Winter,3.7,Yes,2-Day Shipping,Yes,Yes,4,Digital Wallet,Quarterly,
1932,41,Table Lamp,Male,Home,148.6,Chicago,L,Green,Fall,4.0,Yes,Standard,Yes,Yes,4,Digital Wallet,Monthly,
1933,38,T-Shirt,Male,Clothing,21.83,Dallas,XL,Yellow,Spring,5.0,Yes,Next Day Air,Yes,Yes,3,PayPal,Monthly,
1934,51,T-Shirt,Female,Clothing,52.27,Chicago,S,Black,Spring,1.9,No,Next Day Air,No,No,4,PayPal,Quarterly,
1935,36,Running Shoes,Male,Footwear,164.83,Austin,L,Red,Winter,3.1,No,Standard,No,No,4,Credit Card,Monthly,
1936,35,Bluetooth Speaker,Female,Electronics,181.12,Houston,M,Brown,Fall,4.0,No,Free Shipping,Yes,Yes,3,Credit Card,Weekly,
1937,18,Skirt,Female,Clothing,120.26,Austin,S,Green,Winter,4.3,No,Standard,No,No,3,Bank Transfer,Monthly,
1938,32,Lipstick,Male,Beauty,131.11,Boston,XS,Gray,Summer,4.9,No,Standard,No,No,2,Credit Card,Quarterly,
1939,45,Skirt,Female,Clothing,179.28,Jacksonville,S,Blue,Winter,4.5,Yes,Free Shipping,No,No,1,Cash,Annually,
1940,37,Heels,Female,Footwear,148.28,San Diego,XL,Purple,Fall,3.3,No,Free Shipping,Yes,Yes,8,Digital Wallet,Weekly,
1941,41,Lipstick,Male,Beauty,103.63,New York,XL,Black,Spring,4.2,No,Express,Yes,Yes,1,Credit Card,Monthly,
1942,42,Coat,Male,Clothing,16.42,Boston,S,Purple,Spring,2.3,Yes,Standard,No,No,4,Digital Wallet,Monthly,
1943,53,Perfume,Male,Beauty,118.04,Chicago,M,Pink,Summer,4.0,Yes,Free Shipping,No,No,5,Credit Card,Weekly,
1944,41,Wallet,Female,Accessories,222.55,Phoenix,L,Gray,Fall,3.5,No,Free Shipping,Yes,Yes,2,Bank Transfer,Quarterly,
1945,55,Coat,Male,Clothing,73.99,Los Angeles,L,White,Fall,2.7,Yes,Standard,No,No,6,PayPal,Monthly,
1946,25,Keyboard,Female,Electronics,174.82,New York,M,Black,Summer,3.2,No,Standard,No,No,2,Digital Wallet,Quarterly,
1947,20,Heels,Male,Footwear,105.11,San Antonio,XS,Green,Spring,5.0,No,Standard,Yes,Yes,0,Digital Wallet,Monthly,
1948,54,Sweater,Male,Clothing,149.08,Denver,S,Green,Fall,4.5,No,2-Day Shipping,No,No,2,Bank Transfer,Bi-Weekly,
1949,34,Pillow,Male,Home,53.92,San Diego,S,Black,Fall,2.2,No,2-Day Shipping,No,Yes,5,Credit Card,Quarterly,
1950,30,Coat,Male,Clothing,36.94,Dallas,XS,Black,Winter,3.5,No,Standard,Yes,Yes,2,Digital Wallet,Monthly,
1951,66,Backpack,Male,Accessories,139.97,Seattle,L,White,Summer,3.6,No,Express,No,No,2,Bank Transfer,Monthly,
1952,48,Curtain,Male,Home,90.51,Austin,XL,White,Fall,3.7,No,2-Day Shipping,Yes,Yes,5,Debit Card,Bi-Weekly,
1953,42,Cushion,Male,Home,132.18,Jacksonville,S,Pink,Fall,4.3,No,Free Shipping,No,No,3,Credit Card,Monthly,
1954,41,Handbag,Male,Accessories,205.29,San Antonio,S,Blue,Summer,5.0,Yes,Standard,No,No,5,Bank Transfer,Monthly,
1955,27,Jacket,Male,Clothing,114.7,Philadelphia,XS,Gray,Spring,3.4,Yes,2-Day Shipping,No,No,5,Debit Card,Weekly,
1956,45,Shampoo,Male,Beauty,107.76,New York,M,Yellow,Summer,4.0,Yes,Standard,Yes,Yes,3,Bank Transfer,Quarterly,
1957,56,Heels,Male,Footwear,166.9,Los Angeles,L,Red,Fall,4.7,Yes,Express,No,No,4,PayPal,Quarterly,
1958,19,Jeans,Male,Clothing,23.49,Chicago,M,Yellow,Summer,3.7,Yes,Express,Yes,Yes,7,Debit Card,Annually,
1959,35,Curtain,Female,Home,62.45,Phoenix,M,Black,Spring,4.5,No,2-Day Shipping,No,Yes,7,Digital Wallet,Monthly,
1960,47,Power Bank,Male,Electronics,187.83,New York,M,Navy,Fall,5.0,Yes,Standard,Yes,Yes,1,Credit Card,Monthly,
1961,55,Bluetooth Speaker,Female,Electronics,291.69,Houston,XXL,Blue,Fall,3.2,No,Free Shipping,No,No,7,Digital Wallet,Bi-Weekly,
1962,37,Hoodie,Female,Clothing,139.32,Los Angeles,S,Brown,Spring,3.8,Yes,2-Day Shipping,No,No,4,Debit Card,Monthly,
1963,45,Skirt,Female,Clothing,67.54,Jacksonville,M,Pink,Fall,4.0,Yes,Free Shipping,No,Yes,5,PayPal,Annually,
1964,31,Cushion,Male,Home,184.1,New York,M,Brown,Spring,4.1,Yes,2-Day Shipping,Yes,Yes,6,Credit Card,Bi-Weekly,
1965,37,Shorts,Male,Clothing,18.42,Boston,S,Gray,Summer,4.3,No,Free Shipping,No,No,6,Debit Card,Monthly,
1966,50,Running Shoes,Male,Footwear,130.73,Austin,XL,Green,Winter,3.3,Yes,Standard,Yes,Yes,3,Credit Card,Monthly,
1967,35,Storage Box,Male,Home,107.6,Dallas,M,Black,Spring,4.8,No,Express,No,Yes,8,Bank Transfer,Monthly,
1968,37,Bluetooth Speaker,Female,Electronics,113.3,Atlanta,L,Red,Fall,4.2,No,Next Day Air,No,No,1,Debit Card,Quarterly,
1969,41,Hat,Male,Accessories,112.7,Houston,S,Brown,Summer,4.1,Yes,2-Day Shipping,No,No,6,Credit Card,Quarterly,
1970,30,Wallet,Male,Accessories,166.61,Atlanta,M,Purple,Summer,4.4,Yes,Standard,No,No,3,Cash,Monthly,
1971,25,Pillow,Male,Home,44.89,New York,L,Brown,Spring,5.0,No,2-Day Shipping,No,No,1,PayPal,Quarterly,
1972,50,Shorts,Female,Clothing,170.2,Detroit,XL,Red,Spring,3.1,Yes,Standard,No,No,4,Debit Card,Monthly,
1973,31,Pillow,Female,Home,30.04,Boston,S,Blue,Fall,2.8,Yes,2-Day Shipping,No,No,6,Cash,Quarterly,
1974,31,Phone Case,Female,Electronics,330.26,Miami,S,Green,Fall,5.0,No,Standard,No,No,2,Credit Card,Quarterly,
1975,24,Bedsheet,Male,Home,127.02,San Jose,XL,Yellow,Fall,4.0,Yes,Express,Yes,Yes,3,Digital Wallet,Quarterly,
1976,47,Sunglasses,Female,Accessories,17.45,Portland,XS,Red,Winter,3.9,Yes,Standard,Yes,Yes,8,Debit Card,Weekly,
1977,54,Mouse,Female,Electronics,163.24,Chicago,XXL,Red,Winter,3.6,No,Free Shipping,No,No,4,Debit Card,Monthly,
1978,36,Wallet,Female,Accessories,214.08,New York,M,Blue,Spring,3.3,No,Standard,No,No,0,Credit Card,Bi-Weekly,
1979,42,Sunglasses,Female,Accessories,248.93,New York,XS,Pink,Summer,4.1,No,Standard,No,Yes,3,Digital Wallet,Monthly,
1980,26,Bluetooth Speaker,Male,Electronics,83.55,Denver,S,Brown,Spring,2.6,No,Free Shipping,No,Yes,6,PayPal,Monthly,
1981,29,Bluetooth Speaker,Male,Electronics,372.8,Seattle,S,Black,Winter,5.0,No,Standard,No,No,2,Credit Card,Weekly,
1982,33,Curtain,Female,Home,147.37,New York,XL,Green,Spring,3.6,No,Free Shipping,Yes,Yes,3,Bank Transfer,Monthly,
1983,48,Heels,Female,Footwear,164.91,Houston,M,Yellow,Fall,3.6,Yes,Standard,Yes,Yes,5,Digital Wallet,Monthly,
1984,25,Face Wash,Male,Beauty,89.91,Jacksonville,M,Navy,Winter,4.0,No,Standard,Yes,Yes,2,Debit Card,Monthly,
1985,40,Shorts,Male,Clothing,112.12,San Diego,XS,Black,Summer,3.8,No,Free Shipping,No,No,7,PayPal,Monthly,
1986,38,Jeans,Female,Clothing,64.16,Boston,M,Brown,Spring,3.6,Yes,Free Shipping,No,No,7,Debit Card,Monthly,
1987,18,Sneakers,Female,Footwear,96.83,San Jose,XL,Navy,Winter,3.7,Yes,Next Day Air,No,No,3,Credit Card,Monthly,
1988,27,Bedsheet,Female,Home,178.41,Dallas,L,Red,Fall,5.0,No,Free Shipping,Yes,Yes,2,Debit Card,Bi-Weekly,
1989,36,T-Shirt,Male,Clothing,164.76,San Jose,XS,Brown,Summer,3.3,No,Express,No,No,2,Cash,Monthly,
1990,42,T-Shirt,Female,Clothing,126.86,Boston,XXL,Gray,Spring,3.7,No,2-Day Shipping,No,No,6,Digital Wallet,Weekly,
1991,40,Shorts,Male,Clothing,77.03,Portland,L,Red,Fall,3.1,Yes,Next Day Air,Yes,Yes,4,Credit Card,Monthly,
1992,26,Slippers,Female,Footwear,96.8,Philadelphia,M,Gray,Spring,4.4,Yes,Standard,Yes,Yes,5,Bank Transfer,Quarterly,
1993,28,Jacket,Male,Clothing,114.64,San Diego,M,Yellow,Spring,3.1,Yes,2-Day Shipping,No,Yes,3,Credit Card,Monthly,
1994,36,Coat,Female,Clothing,82.97,Las Vegas,S,Red,Spring,3.7,Yes,Standard,No,No,3,Bank Transfer,Annually,
1995,42,Jacket,Female,Clothing,87.9,Dallas,One Size,Gray,Fall,3.7,No,Standard,Yes,Yes,2,Digital Wallet,Bi-Weekly,
1996,56,Keyboard,Female,Electronics,364.83,Denver,S,Navy,Fall,3.2,No,Next Day Air,Yes,Yes,2,Credit Card,Monthly,
1997,46,Phone Case,Female,Electronics,212.36,New York,XXL,Red,Fall,2.9,No,Standard,No,No,2,PayPal,Quarterly,
1998,33,Hoodie,Female,Clothing,104.65,Miami,M,Yellow,Summer,3.9,No,Standard,No,No,3,Credit Card,Monthly,
1999,36,Table Lamp,Male,Home,163.35,Jacksonville,L,Gray,Summer,3.3,Yes,2-Day Shipping,No,No,3,Credit Card,Quarterly,
2000,30,Jacket,Female,Clothing,146.12,Atlanta,L,Blue,Summer,3.7,No,Express,Yes,Yes,2,Bank Transfer,Monthly,
2001,39,Phone Case,Male,Electronics,180.13,Phoenix,L,Red,Summer,4.6,Yes,Standard,No,No,3,Debit Card,Monthly,
2002,50,Smartwatch,Female,Electronics,230.07,Phoenix,M,Purple,Fall,4.1,No,Express,No,No,5,Bank Transfer,Quarterly,
2003,43,Hoodie,Non-Binary,Clothing,31.64,Chicago,M,Brown,Winter,3.9,Yes,Standard,No,No,4,Cash,Monthly,
2004,29,Hat,Male,Accessories,216.16,Denver,L,Purple,Winter,3.1,No,Free Shipping,Yes,Yes,3,Debit Card,Monthly,
2005,55,Backpack,Female,Accessories,171.74,Detroit,M,Pink,Winter,3.8,No,Free Shipping,No,No,4,Cash,Monthly,
2006,44,Jeans,Female,Clothing,163.23,Philadelphia,XS,White,Winter,3.7,No,Express,No,No,2,Cash,Bi-Weekly,
2007,27,Lipstick,Male,Beauty,64.4,Los Angeles,L,Black,Summer,3.6,Yes,Standard,No,No,3,Credit Card,Annually,
2008,39,Body Lotion,Female,Beauty,116.23,San Diego,S,Blue,Winter,3.6,No,2-Day Shipping,No,No,3,PayPal,Bi-Weekly,
2009,33,Perfume,Female,Beauty,28.51,Portland,XS,Yellow,Spring,3.4,No,2-Day Shipping,Yes,Yes,3,Debit Card,Weekly,
2010,33,Shampoo,Male,Beauty,101.4,Phoenix,M,Gray,Spring,3.1,No,2-Day Shipping,No,No,1,Debit Card,Bi-Weekly,
2011,34,Coffee Mug,Female,Home,114.83,Portland,L,Purple,Winter,3.5,Yes,Free Shipping,Yes,Yes,3,PayPal,Quarterly,
2012,33,Dress,Male,Clothing,166.51,Boston,S,Navy,Spring,4.0,No,Standard,No,No,2,Digital Wallet,Monthly,
2013,26,Perfume,Male,Beauty,119.01,Miami,S,Red,Winter,3.9,No,Standard,No,No,4,Credit Card,Monthly,
2014,18,Sunglasses,Male,Accessories,164.27,Detroit,S,Gray,Spring,4.6,Yes,Standard,No,No,7,Digital Wallet,Bi-Weekly,
2015,58,Loafers,Female,Footwear,86.34,New York,S,Yellow,Summer,3.2,No,Standard,No,Yes,2,Digital Wallet,Monthly,
2016,22,Jeans,Female,Clothing,163.11,Dallas,M,Brown,Spring,3.3,No,Free Shipping,No,No,3,Debit Card,Monthly,
2017,34,Power Bank,Male,Electronics,372.35,Los Angeles,XL,Black,Winter,5.0,Yes,Free Shipping,No,No,8,Credit Card,Bi-Weekly,
2018,54,Smartwatch,Male,Electronics,114.05,Portland,M,Navy,Fall,3.2,Yes,Free Shipping,No,No,2,Credit Card,Quarterly,
2019,29,Hoodie,Female,Clothing,46.1,Philadelphia,S,Red,Fall,3.9,No,Express,Yes,Yes,4,Digital Wallet,Annually,
2020,20,Sandals,Male,Footwear,179.23,Atlanta,M,Gray,Spring,4.2,Yes,Express,No,Yes,5,Debit Card,Weekly,
2021,44,Jeans,Male,Clothing,49.21,Las Vegas,M,Gray,Spring,4.6,No,Standard,No,No,0,Credit Card,Weekly,
2022,36,Storage Box,Female,Home,70.01,Austin,M,Brown,Winter,4.1,No,2-Day Shipping,No,No,4,Credit Card,Bi-Weekly,
2023,42,Backpack,Female,Accessories,153.76,San Jose,XL,Brown,Summer,2.7,Yes,2-Day Shipping,Yes,Yes,4,Bank Transfer,Monthly,
2024,18,Heels,Female,Footwear,136.86,Denver,XL,White,Summer,3.5,Yes,Standard,Yes,Yes,4,PayPal,Monthly,
2025,18,Scarf,Male,Accessories,167.15,Dallas,M,Purple,Spring,2.0,Yes,2-Day Shipping,No,No,2,Credit Card,Monthly,
2026,43,Cushion,Female,Home,129.13,Atlanta,S,Navy,Winter,3.4,No,Express,Yes,Yes,0,Credit Card,Monthly,
2027,47,Sandals,Female,Footwear,49.64,Dallas,M,Pink,Fall,3.2,No,2-Day Shipping,Yes,Yes,5,Digital Wallet,Quarterly,
2028,33,Curtain,Female,Home,182.31,San Diego,M,Red,Spring,4.9,Yes,Standard,Yes,Yes,7,Debit Card,Quarterly,
2029,41,Loafers,Female,Footwear,77.94,Boston,M,Red,Summer,3.3,Yes,Next Day Air,No,No,6,PayPal,Bi-Weekly,
2030,42,Hoodie,Male,Clothing,81.76,Denver,L,Purple,Spring,3.5,No,Free Shipping,Yes,Yes,3,PayPal,Monthly,
2031,53,Coat,Male,Clothing,57.83,Seattle,L,Purple,Fall,3.2,Yes,Standard,Yes,Yes,6,Bank Transfer,Bi-Weekly,
2032,35,Headphones,Female,Electronics,312.56,Los Angeles,M,Brown,Summer,1.6,Yes,Free Shipping,No,No,3,Debit Card,Annually,
2033,25,Running Shoes,Male,Footwear,154.17,Austin,XXL,Blue,Fall,3.0,Yes,Standard,No,No,5,Credit Card,Monthly,
2034,39,Shorts,Male,Clothing,37.45,Denver,S,Navy,Spring,4.3,No,Free Shipping,No,No,3,Digital Wallet,Monthly,
2035,51,Watch,Non-Binary,Accessories,213.87,Dallas,L,Blue,Spring,4.4,Yes,Standard,Yes,Yes,4,Debit Card,Monthly,
2036,69,Shorts,Female,Clothing,17.43,Detroit,M,Pink,Winter,3.7,No,Free Shipping,Yes,Yes,3,Debit Card,Monthly,
2037,50,Loafers,Male,Footwear,43.49,Boston,XL,Yellow,Winter,2.9,Yes,Standard,Yes,Yes,3,Digital Wallet,Monthly,
2038,28,Skirt,Female,Clothing,149.64,Los Angeles,S,Red,Spring,3.7,Yes,Express,No,No,4,Debit Card,Quarterly,
2039,36,Lipstick,Male,Beauty,72.77,Miami,M,Gray,Fall,3.4,No,Standard,No,No,1,PayPal,Annually,
2040,40,Shorts,Male,Clothing,166.71,Boston,M,Navy,Fall,4.9,Yes,Standard,No,No,3,Bank Transfer,Monthly,
2041,47,Sweater,Female,Clothing,70.05,Austin,M,Yellow,Fall,4.1,No,Free Shipping,No,No,3,Debit Card,Monthly,
2042,18,Sandals,Male,Footwear,191.43,San Diego,XL,White,Fall,4.0,No,2-Day Shipping,No,No,5,Debit Card,Quarterly,
2043,35,Phone Case,Male,Electronics,24.01,New York,M,White,Winter,3.8,No,Express,No,Yes,3,Digital Wallet,Bi-Weekly,
2044,40,Bedsheet,Non-Binary,Home,43.23,Houston,L,Yellow,Winter,4.1,No,Free Shipping,Yes,Yes,5,PayPal,Monthly,
2045,44,Shampoo,Male,Beauty,105.06,Las Vegas,M,Brown,Fall,4.0,No,Express,Yes,Yes,2,Debit Card,Monthly,
2046,60,Coat,Female,Clothing,127.04,Philadelphia,L,Pink,Winter,3.7,Yes,Next Day Air,No,No,6,PayPal,Bi-Weekly,
2047,32,Shorts,Male,Clothing,134.76,Boston,M,Green,Spring,3.2,Yes,Free Shipping,No,No,6,Cash,Monthly,
2048,18,Perfume,Female,Beauty,16.76,San Antonio,S,Green,Spring,3.4,No,Standard,Yes,Yes,1,Credit Card,Monthly,
2049,43,Hat,Female,Accessories,31.23,Dallas,S,Red,Winter,4.0,No,Free Shipping,No,No,5,Bank Transfer,Bi-Weekly,
2050,62,Heels,Male,Footwear,83.4,Atlanta,S,Pink,Fall,4.1,Yes,Standard,Yes,Yes,6,Credit Card,Quarterly,
2051,18,Backpack,Female,Accessories,169.84,Philadelphia,S,Pink,Spring,4.3,Yes,Express,Yes,Yes,2,Credit Card,Weekly,
2052,49,Dress,Female,Clothing,115.96,Atlanta,XL,White,Winter,5.0,No,Standard,No,No,3,Credit Card,Quarterly,
2053,51,Coffee Mug,Female,Home,69.82,Boston,L,Gray,Winter,4.1,Yes,Free Shipping,Yes,Yes,3,Credit Card,Bi-Weekly,
2054,48,Jeans,Female,Clothing,129.99,Detroit,M,Purple,Summer,3.9,Yes,2-Day Shipping,Yes,Yes,8,Digital Wallet,Bi-Weekly,
2055,37,Wallet,Female,Accessories,193.31,Miami,L,Black,Fall,3.8,Yes,2-Day Shipping,No,No,2,PayPal,Quarterly,
2056,20,Sweater,Female,Clothing,60.27,Austin,L,Purple,Fall,3.8,No,Standard,No,Yes,3,Cash,Quarterly,
2057,37,Power Bank,Male,Electronics,407.06,Portland,S,Pink,Summer,3.5,No,Express,No,No,4,Credit Card,Quarterly,
2058,62,Wallet,Male,Accessories,67.2,San Jose,S,Yellow,Winter,4.1,Yes,2-Day Shipping,No,No,6,PayPal,Monthly,
2059,18,Sweater,Female,Clothing,89.82,Philadelphia,M,Pink,Fall,3.0,No,Standard,Yes,Yes,0,Debit Card,Annually,
2060,40,Handbag,Male,Accessories,185.5,Atlanta,XL,Navy,Summer,4.1,Yes,Standard,No,No,7,PayPal,Annually,
2061,36,Coat,Female,Clothing,161.44,Jacksonville,S,Brown,Winter,3.3,Yes,2-Day Shipping,Yes,Yes,12,Credit Card,Bi-Weekly,
2062,23,Shorts,Female,Clothing,139.83,Phoenix,S,White,Winter,3.4,No,Free Shipping,No,No,5,Debit Card,Monthly,
2063,25,Coat,Male,Clothing,157.71,Chicago,XXL,Blue,Summer,4.0,Yes,Free Shipping,Yes,Yes,2,PayPal,Bi-Weekly,
2064,37,Boots,Female,Footwear,70.28,Las Vegas,M,Navy,Spring,2.8,Yes,Express,No,No,5,Credit Card,Monthly,
2065,37,Lipstick,Male,Beauty,120.67,Austin,L,Purple,Fall,3.8,No,Free Shipping,No,No,2,Bank Transfer,Monthly,
2066,43,Hoodie,Male,Clothing,142.67,Atlanta,M,Black,Fall,4.3,Yes,2-Day Shipping,No,No,5,Debit Card,Quarterly,
2067,37,Sneakers,Male,Footwear,121.25,Austin,S,Navy,Fall,3.4,No,Next Day Air,Yes,Yes,2,Digital Wallet,Quarterly,
2068,35,Hoodie,Female,Clothing,39.94,Las Vegas,L,Blue,Fall,4.3,Yes,Standard,Yes,Yes,5,Digital Wallet,Bi-Weekly,
2069,35,Table Lamp,Female,Home,106.43,Denver,S,Navy,Spring,4.2,Yes,Standard,No,No,5,Debit Card,Bi-Weekly,
2070,30,Handbag,Female,Accessories,237.32,San Jose,M,Gray,Spring,4.4,No,Standard,No,No,3,Credit Card,Annually,
2071,30,Coat,Male,Clothing,36.12,New York,XL,Black,Summer,3.6,Yes,2-Day Shipping,No,No,4,PayPal,Monthly,
2072,26,Dress,Female,Clothing,45.64,Portland,L,Yellow,Fall,3.9,Yes,Standard,No,Yes,3,PayPal,Bi-Weekly,
2073,75,Shorts,Female,Clothing,117.69,Austin,M,Yellow,Spring,4.5,Yes,Next Day Air,Yes,Yes,6,PayPal,Quarterly,
2074,28,Skirt,Male,Clothing,68.56,Los Angeles,L,Red,Winter,3.2,No,Express,No,No,6,PayPal,Bi-Weekly,
2075,30,Dress,Female,Clothing,158.82,Denver,M,Brown,Spring,3.7,No,Express,No,No,1,PayPal,Quarterly,
2076,46,Watch,Female,Accessories,45.1,Phoenix,S,Yellow,Winter,3.8,No,Express,No,No,2,Debit Card,Monthly,
2077,36,Sandals,Male,Footwear,196.85,Detroit,S,Blue,Summer,4.4,No,Standard,Yes,Yes,3,Bank Transfer,Monthly,
2078,33,Running Shoes,Male,Footwear,165.22,San Antonio,L,Black,Fall,3.1,No,Standard,Yes,Yes,3,Cash,Bi-Weekly,
2079,43,Cushion,Male,Home,65.55,San Antonio,S,Black,Summer,3.9,Yes,2-Day Shipping,No,No,5,Bank Transfer,Bi-Weekly,
2080,26,Cushion,Male,Home,191.15,Austin,S,Brown,Winter,3.3,Yes,Next Day Air,No,No,8,Credit Card,Bi-Weekly,
2081,37,Power Bank,Female,Electronics,224.55,Portland,XXL,Red,Fall,2.7,Yes,2-Day Shipping,No,No,4,Credit Card,Monthly,
2082,18,Slippers,Female,Footwear,207.6,Portland,XL,Brown,Spring,3.0,No,Express,Yes,Yes,3,Credit Card,Quarterly,
2083,47,T-Shirt,Male,Clothing,168.23,Phoenix,M,Pink,Fall,4.1,Yes,Free Shipping,Yes,Yes,9,Credit Card,Bi-Weekly,
2084,36,Phone Case,Female,Electronics,20.79,Denver,S,Navy,Winter,3.2,No,Free Shipping,Yes,Yes,2,PayPal,Quarterly,
2085,50,Storage Box,Female,Home,140.84,Atlanta,M,Pink,Fall,2.9,Yes,Free Shipping,No,No,3,Credit Card,Monthly,
2086,28,Skirt,Male,Clothing,164.52,San Jose,M,Green,Winter,4.7,No,Standard,No,No,1,Credit Card,Quarterly,
2087,42,Power Bank,Female,Electronics,322.47,Phoenix,XL,Pink,Summer,1.9,No,Standard,No,No,4,PayPal,Quarterly,
2088,27,Coat,Non-Binary,Clothing,97.11,Phoenix,XXL,Navy,Winter,4.3,No,Standard,No,No,6,Digital Wallet,Bi-Weekly,
2089,61,Shorts,Female,Clothing,172.96,Las Vegas,XL,Purple,Fall,3.3,No,Free Shipping,No,No,2,PayPal,Quarterly,
2090,27,Power Bank,Male,Electronics,408.59,Atlanta,XL,Red,Winter,2.7,No,Free Shipping,No,Yes,2,Digital Wallet,Annually,
2091,40,Shorts,Male,Clothing,19.34,Detroit,M,Gray,Winter,3.3,Yes,Standard,No,No,9,Credit Card,Weekly,
2092,35,Belt,Male,Accessories,172.82,Seattle,M,Brown,Fall,3.5,No,Standard,Yes,Yes,4,Debit Card,Quarterly,
2093,45,Sunglasses,Female,Accessories,116.25,Houston,XL,Yellow,Winter,5.0,No,Next Day Air,Yes,Yes,3,Credit Card,Monthly,
2094,32,Sweater,Male,Clothing,114.11,Miami,XL,Green,Spring,5.0,No,Standard,No,No,3,Cash,Monthly,
2095,42,Sweater,Female,Clothing,49.86,Philadelphia,M,Navy,Summer,2.6,Yes,2-Day Shipping,Yes,Yes,6,Credit Card,Monthly,
2096,54,T-Shirt,Male,Clothing,147.33,Boston,M,White,Spring,4.3,No,Standard,Yes,Yes,5,Debit Card,Weekly,
2097,40,Cushion,Male,Home,143.03,Portland,S,Red,Fall,4.9,No,2-Day Shipping,Yes,Yes,2,Credit Card,Annually,
2098,30,Table Lamp,Male,Home,80.92,San Jose,L,Yellow,Summer,5.0,Yes,2-Day Shipping,No,No,5,Digital Wallet,Monthly,
2099,18,Shampoo,Male,Beauty,62.8,New York,M,White,Winter,4.8,No,Standard,No,No,6,PayPal,Bi-Weekly,
2100,47,Hat,Female,Accessories,233.6,New York,L,Green,Summer,5.0,No,Standard,No,No,3,Digital Wallet,Weekly,
2101,52,Body Lotion,Male,Beauty,119.6,San Diego,XL,Purple,Fall,4.4,No,Free Shipping,Yes,Yes,0,PayPal,Bi-Weekly,
2102,22,Hoodie,Female,Clothing,32.73,San Antonio,L,Green,Summer,4.3,Yes,2-Day Shipping,No,No,9,PayPal,Quarterly,
2103,27,Jeans,Female,Clothing,158.65,San Antonio,M,Yellow,Spring,4.0,Yes,Next Day Air,No,No,9,Credit Card,Annually,
2104,48,Sneakers,Male,Footwear,210.94,San Antonio,XS,Red,Winter,2.9,Yes,Standard,Yes,Yes,2,Credit Card,Monthly,
2105,25,Skirt,Female,Clothing,31.65,Chicago,XL,White,Spring,3.0,No,Free Shipping,No,No,3,PayPal,Monthly,
2106,38,Dress,Female,Clothing,43.98,Boston,L,Green,Winter,3.2,No,2-Day Shipping,No,No,7,Bank Transfer,Weekly,
2107,31,Dress,Female,Clothing,61.07,Austin,L,Gray,Fall,3.4,Yes,Free Shipping,No,Yes,5,Digital Wallet,Monthly,
2108,42,Loafers,Female,Footwear,44.25,Denver,S,Green,Winter,4.0,Yes,2-Day Shipping,No,Yes,11,Bank Transfer,Weekly,
2109,49,Jeans,Male,Clothing,122.9,Philadelphia,S,Brown,Summer,3.2,No,Express,No,Yes,4,Cash,Quarterly,
2110,38,Shorts,Female,Clothing,81.99,New York,L,Blue,Winter,4.5,No,Express,Yes,Yes,3,Credit Card,Quarterly,
2111,22,Sneakers,Male,Footwear,27.84,Detroit,S,Black,Spring,4.2,No,2-Day Shipping,No,Yes,3,Bank Transfer,Monthly,
2112,41,Bedsheet,Female,Home,43.66,Philadelphia,XXL,Green,Spring,4.0,No,Express,Yes,Yes,2,Debit Card,Quarterly,
2113,37,Lipstick,Female,Beauty,45.78,Houston,M,Brown,Fall,4.1,No,Standard,No,No,2,Digital Wallet,Weekly,
2114,51,Makeup Kit,Female,Beauty,134.03,Austin,L,Yellow,Winter,2.7,Yes,2-Day Shipping,Yes,Yes,6,Debit Card,Monthly,
2115,41,Hoodie,Female,Clothing,123.5,San Diego,S,Pink,Spring,2.8,No,Express,Yes,Yes,0,Bank Transfer,Monthly,
2116,55,Smartwatch,Female,Electronics,444.4,Phoenix,S,Brown,Spring,2.8,No,Free Shipping,No,No,3,Credit Card,Bi-Weekly,
2117,39,Curtain,Female,Home,86.55,San Jose,L,Purple,Spring,4.4,No,Free Shipping,No,No,5,Credit Card,Monthly,
2118,18,Wallet,Female,Accessories,229.83,San Antonio,M,Green,Winter,3.8,Yes,2-Day Shipping,No,No,3,Debit Card,Bi-Weekly,
2119,25,Smartwatch,Female,Electronics,82.15,Miami,L,Black,Winter,4.8,No,Standard,Yes,Yes,3,Bank Transfer,Quarterly,
2120,35,Pillow,Female,Home,183.29,San Jose,L,Brown,Fall,3.7,No,2-Day Shipping,Yes,Yes,3,Credit Card,Monthly,
2121,18,Hoodie,Female,Clothing,145.46,Seattle,M,Green,Spring,3.6,Yes,Next Day Air,Yes,Yes,1,Digital Wallet,Quarterly,
2122,23,Coat,Male,Clothing,25.73,Atlanta,S,White,Winter,3.8,No,Standard,Yes,Yes,2,Digital Wallet,Monthly,
2123,25,Body Lotion,Male,Beauty,112.54,Atlanta,M,Blue,Summer,4.4,Yes,Express,Yes,Yes,6,Credit Card,Quarterly,
2124,37,Handbag,Male,Accessories,214.51,Las Vegas,XS,Brown,Spring,3.8,Yes,Standard,Yes,Yes,4,Credit Card,Quarterly,
2125,33,Boots,Female,Footwear,73.69,Seattle,M,Purple,Fall,2.3,No,Free Shipping,Yes,Yes,2,Credit Card,Annually,
2126,49,Dress,Male,Clothing,163.05,Austin,L,Gray,Summer,4.0,No,Standard,No,Yes,2,Bank Transfer,Quarterly,
2127,39,Face Wash,Male,Beauty,120.26,Houston,XL,White,Spring,3.9,No,Express,No,No,3,PayPal,Annually,
2128,35,Scarf,Female,Accessories,200.83,Denver,M,Blue,Summer,4.7,Yes,2-Day Shipping,No,Yes,3,Digital Wallet,Quarterly,
2129,39,Wallet,Female,Accessories,184.92,New York,XL,Brown,Winter,3.7,Yes,Standard,Yes,Yes,7,Cash,Monthly,
2130,29,Dress,Female,Clothing,88.35,Phoenix,L,Gray,Summer,4.8,Yes,Standard,No,Yes,6,Credit Card,Monthly,
2131,59,Storage Box,Male,Home,134.73,Austin,L,Gray,Spring,4.3,No,2-Day Shipping,No,No,3,Debit Card,Monthly,
2132,45,Heels,Non-Binary,Footwear,82.7,Denver,S,Purple,Summer,2.9,No,2-Day Shipping,Yes,Yes,2,Credit Card,Quarterly,
2133,40,Dress,Female,Clothing,28.0,Philadelphia,XL,Navy,Spring,4.5,No,Free Shipping,Yes,Yes,1,Debit Card,Monthly,
2134,40,T-Shirt,Male,Clothing,129.34,San Diego,L,Brown,Winter,2.8,No,Express,No,No,5,Digital Wallet,Bi-Weekly,
2135,19,Curtain,Female,Home,155.7,Phoenix,L,Brown,Spring,4.8,No,Standard,No,No,3,Digital Wallet,Bi-Weekly,
2136,18,Jacket,Female,Clothing,123.41,Philadelphia,M,Purple,Fall,2.6,Yes,2-Day Shipping,Yes,Yes,6,Bank Transfer,Bi-Weekly,
2137,18,Storage Box,Male,Home,133.45,Boston,S,Brown,Fall,4.6,Yes,Express,Yes,Yes,5,Credit Card,Monthly,
2138,33,Power Bank,Female,Electronics,126.42,San Jose,L,Blue,Winter,4.0,Yes,Standard,No,No,5,PayPal,Bi-Weekly,
2139,37,Pillow,Male,Home,149.88,Los Angeles,S,Red,Winter,3.9,No,Standard,No,No,3,Credit Card,Monthly,
2140,20,Bluetooth Speaker,Male,Electronics,324.96,San Diego,XS,Black,Winter,3.4,Yes,Express,Yes,Yes,5,PayPal,Monthly,
2141,42,Curtain,Female,Home,79.45,Boston,L,Navy,Summer,3.7,Yes,Standard,Yes,Yes,5,Cash,Bi-Weekly,
2142,49,Table Lamp,Female,Home,37.75,Houston,One Size,Navy,Winter,3.5,No,Next Day Air,No,No,3,Credit Card,Weekly,
2143,41,Jacket,Male,Clothing,118.72,San Antonio,M,Brown,Winter,5.0,No,Standard,No,No,5,Debit Card,Quarterly,
2144,45,Sandals,Male,Footwear,93.03,Phoenix,L,Purple,Spring,3.6,No,Standard,Yes,Yes,5,Debit Card,Weekly,
2145,45,Cushion,Female,Home,133.06,Detroit,XL,Red,Winter,4.1,Yes,Standard,No,No,2,Debit Card,Bi-Weekly,
2146,49,Skirt,Female,Clothing,121.21,New York,L,Black,Winter,4.3,No,Standard,Yes,Yes,3,Cash,Annually,
2147,55,Jacket,Female,Clothing,44.7,Portland,XS,Navy,Fall,4.0,Yes,Next Day Air,Yes,Yes,8,PayPal,Monthly,
2148,46,Coat,Female,Clothing,101.24,Las Vegas,L,Navy,Spring,3.3,No,Express,Yes,Yes,2,Cash,Monthly,
2149,36,Lipstick,Male,Beauty,100.74,Miami,L,Black,Spring,4.2,No,Express,Yes,Yes,3,Credit Card,Monthly,
2150,44,Heels,Female,Footwear,213.04,New York,L,Green,Fall,3.7,Yes,Free Shipping,Yes,Yes,9,Digital Wallet,Monthly,
2151,40,Slippers,Male,Footwear,183.6,Phoenix,M,Pink,Spring,4.3,No,Free Shipping,No,Yes,2,PayPal,Monthly,
2152,44,Bedsheet,Female,Home,154.87,Las Vegas,M,Brown,Fall,4.2,No,Express,Yes,Yes,3,Cash,Quarterly,
2153,51,Hat,Male,Accessories,70.64,Phoenix,XL,Navy,Fall,2.3,Yes,2-Day Shipping,No,No,8,Bank Transfer,Bi-Weekly,
2154,59,Slippers,Male,Footwear,203.03,San Antonio,XL,Pink,Fall,4.3,Yes,Express,No,No,6,Credit Card,Monthly,
2155,40,Bedsheet,Male,Home,55.11,Jacksonville,M,Green,Spring,3.4,No,Free Shipping,No,Yes,5,Debit Card,Monthly,
2156,49,Wallet,Female,Accessories,175.16,San Jose,M,Purple,Spring,3.6,No,Free Shipping,No,No,3,Digital Wallet,Annually,
2157,29,Bedsheet,Female,Home,137.43,Las Vegas,S,Navy,Winter,2.7,Yes,Free Shipping,No,No,1,Debit Card,Monthly,
2158,33,Power Bank,Female,Electronics,224.82,Phoenix,S,Brown,Summer,5.0,No,Express,No,No,4,Credit Card,Monthly,
2159,42,Dress,Female,Clothing,21.49,Chicago,L,White,Summer,4.7,Yes,Next Day Air,No,No,1,Credit Card,Monthly,
2160,30,Heels,Female,Footwear,117.47,Miami,M,Green,Fall,3.7,No,2-Day Shipping,No,No,1,Credit Card,Weekly,
2161,33,Jacket,Male,Clothing,35.84,Atlanta,M,Green,Summer,5.0,No,Standard,Yes,Yes,0,Bank Transfer,Monthly,
2162,28,Pillow,Female,Home,88.76,Austin,L,Red,Fall,2.6,No,Express,Yes,Yes,3,PayPal,Monthly,
2163,18,Power Bank,Male,Electronics,426.03,Jacksonville,M,Navy,Summer,3.9,No,Standard,Yes,Yes,5,Digital Wallet,Bi-Weekly,
2164,48,Bedsheet,Female,Home,141.65,Dallas,L,Red,Summer,3.3,No,Free Shipping,Yes,Yes,2,Debit Card,Monthly,
2165,31,Table Lamp,Female,Home,65.66,Boston,L,Black,Summer,3.0,No,Standard,No,Yes,6,Debit Card,Weekly,
2166,18,Sunglasses,Female,Accessories,170.28,Detroit,M,Blue,Spring,3.8,No,Standard,Yes,Yes,10,PayPal,Monthly,
2167,42,Phone Case,Female,Electronics,298.5,Portland,M,Pink,Summer,4.2,No,Standard,Yes,Yes,6,Bank Transfer,Weekly,
2168,44,Handbag,Female,Accessories,184.67,Dallas,M,Black,Winter,4.4,Yes,Express,No,No,5,PayPal,Bi-Weekly,
2169,50,Curtain,Male,Home,49.74,Denver,M,Green,Fall,4.0,No,Standard,No,Yes,4,Credit Card,Bi-Weekly,
2170,34,Handbag,Male,Accessories,59.95,Phoenix,M,Black,Spring,3.2,Yes,Standard,Yes,Yes,4,Digital Wallet,Quarterly,
2171,26,Coat,Female,Clothing,113.0,Jacksonville,M,Gray,Spring,4.4,No,Free Shipping,No,No,4,Credit Card,Bi-Weekly,
2172,29,Skirt,Male,Clothing,62.36,Jacksonville,XXL,Red,Summer,3.3,Yes,2-Day Shipping,Yes,Yes,8,PayPal,Bi-Weekly,
2173,31,Heels,Female,Footwear,82.93,Boston,XL,Green,Fall,3.2,No,Standard,No,No,2,Digital Wallet,Quarterly,
2174,22,Face Wash,Male,Beauty,102.89,Dallas,M,Navy,Spring,2.8,No,Express,No,No,3,PayPal,Weekly,
2175,40,T-Shirt,Male,Clothing,147.99,Chicago,M,Gray,Winter,4.3,Yes,Express,No,No,6,Credit Card,Monthly,
2176,31,Jeans,Male,Clothing,67.5,Houston,S,Brown,Spring,3.5,No,2-Day Shipping,No,No,5,Digital Wallet,Weekly,
2177,37,Slippers,Female,Footwear,113.37,Las Vegas,L,Pink,Summer,2.2,No,Free Shipping,No,No,4,Debit Card,Monthly,
2178,57,Cushion,Female,Home,87.92,San Jose,XS,Pink,Summer,3.7,No,2-Day Shipping,Yes,Yes,2,Digital Wallet,Monthly,
2179,55,Handbag,Female,Accessories,150.35,Boston,M,Yellow,Winter,3.2,No,Standard,No,No,3,Bank Transfer,Monthly,
2180,24,Keyboard,Male,Electronics,337.78,New York,S,Green,Fall,2.9,No,2-Day Shipping,No,No,5,Credit Card,Monthly,
2181,41,Hoodie,Male,Clothing,164.89,Portland,L,Blue,Spring,4.4,No,Free Shipping,Yes,Yes,0,PayPal,Quarterly,
2182,59,Loafers,Male,Footwear,205.66,San Jose,XL,Yellow,Spring,3.5,No,Standard,Yes,Yes,3,Bank Transfer,Monthly,
2183,42,Hoodie,Female,Clothing,15.89,Las Vegas,M,Purple,Winter,3.0,Yes,Next Day Air,Yes,Yes,2,Debit Card,Monthly,
2184,27,Shorts,Male,Clothing,61.8,San Antonio,XL,Purple,Summer,3.8,No,Standard,Yes,Yes,6,Bank Transfer,Monthly,
2185,29,Table Lamp,Male,Home,97.09,Boston,L,Black,Fall,3.5,Yes,Standard,No,No,4,PayPal,Monthly,
2186,24,Jeans,Female,Clothing,19.0,Austin,M,White,Winter,3.3,No,Next Day Air,No,No,5,Credit Card,Weekly,
2187,37,Perfume,Male,Beauty,19.03,Austin,XL,White,Summer,4.1,Yes,Free Shipping,Yes,Yes,8,Bank Transfer,Monthly,
2188,32,T-Shirt,Male,Clothing,76.61,San Antonio,XS,Green,Fall,3.7,Yes,Free Shipping,No,No,6,Debit Card,Monthly,
2189,33,Perfume,Female,Beauty,136.9,New York,S,Yellow,Summer,3.5,No,Free Shipping,Yes,Yes,3,Credit Card,Monthly,
2190,49,Hoodie,Female,Clothing,63.02,Jacksonville,L,Black,Winter,2.0,No,Standard,No,No,2,Digital Wallet,Quarterly,
2191,45,Jacket,Female,Clothing,164.08,New York,L,Black,Spring,2.6,No,Free Shipping,Yes,Yes,5,Credit Card,Bi-Weekly,
2192,44,Sweater,Male,Clothing,131.33,New York,XL,Brown,Spring,3.5,Yes,Free Shipping,Yes,Yes,7,Digital Wallet,Bi-Weekly,
2193,26,Coat,Female,Clothing,73.35,San Diego,S,Gray,Fall,4.5,Yes,Standard,No,No,5,Cash,Monthly,
2194,18,Phone Case,Female,Electronics,229.07,Austin,S,Black,Fall,2.9,Yes,2-Day Shipping,Yes,Yes,6,Cash,Monthly,
2195,38,Scarf,Non-Binary,Accessories,55.35,Chicago,S,White,Summer,4.5,Yes,Standard,No,No,9,Debit Card,Bi-Weekly,
2196,56,Coat,Male,Clothing,44.91,Atlanta,S,Brown,Spring,4.1,Yes,Standard,No,No,6,Digital Wallet,Monthly,
2197,38,Heels,Male,Footwear,199.89,Denver,M,White,Spring,2.9,No,Free Shipping,No,Yes,3,Bank Transfer,Bi-Weekly,
2198,24,Coat,Female,Clothing,138.35,New York,M,Black,Fall,3.3,Yes,Standard,No,No,6,Bank Transfer,Bi-Weekly,
2199,29,Watch,Male,Accessories,93.16,Jacksonville,M,White,Winter,4.4,No,Standard,No,No,4,Digital Wallet,Monthly,
2200,43,Bedsheet,Male,Home,25.57,New York,XXL,Purple,Fall,3.4,No,Standard,No,No,5,Debit Card,Monthly,
2201,39,Smartwatch,Female,Electronics,334.39,San Diego,XL,Yellow,Spring,3.6,No,Standard,Yes,Yes,4,Debit Card,Weekly,
2202,18,Jeans,Female,Clothing,47.73,Houston,S,Navy,Spring,4.0,No,2-Day Shipping,No,Yes,0,Credit Card,Weekly,
2203,36,Wallet,Male,Accessories,134.15,Philadelphia,S,Brown,Summer,3.6,No,Express,No,No,4,Credit Card,Monthly,
2204,69,Slippers,Male,Footwear,185.54,Houston,XL,Yellow,Spring,4.3,Yes,Next Day Air,Yes,Yes,6,Credit Card,Monthly,
2205,46,Hoodie,Female,Clothing,144.99,San Jose,S,Pink,Fall,1.9,Yes,Standard,Yes,Yes,5,Debit Card,Quarterly,
2206,23,Jeans,Male,Clothing,146.97,Phoenix,L,Green,Spring,4.5,No,Standard,No,No,3,Bank Transfer,Weekly,
2207,44,Sandals,Male,Footwear,174.17,San Antonio,S,White,Fall,4.6,Yes,Free Shipping,No,No,5,Digital Wallet,Bi-Weekly,
2208,27,Skirt,Male,Clothing,118.25,San Antonio,M,Brown,Summer,4.4,No,Express,Yes,Yes,1,Credit Card,Monthly,
2209,37,Power Bank,Male,Electronics,222.37,Dallas,S,Navy,Summer,2.8,Yes,Free Shipping,No,Yes,5,Bank Transfer,Annually,
2210,47,Scarf,Female,Accessories,126.83,Seattle,S,Red,Winter,5.0,Yes,Standard,No,No,2,Credit Card,Bi-Weekly,
2211,52,Shampoo,Female,Beauty,85.98,Austin,XL,Blue,Summer,3.9,No,2-Day Shipping,No,No,3,Debit Card,Quarterly,
2212,37,Skirt,Female,Clothing,64.65,Portland,S,Red,Fall,3.5,Yes,Free Shipping,No,Yes,3,Cash,Monthly,
2213,46,Running Shoes,Male,Footwear,98.97,Las Vegas,S,Green,Winter,4.2,Yes,Free Shipping,No,No,6,Credit Card,Monthly,
2214,38,Phone Case,Male,Electronics,151.34,Seattle,L,Pink,Fall,3.9,No,Free Shipping,No,Yes,1,Credit Card,Bi-Weekly,
2215,39,Perfume,Male,Beauty,50.81,Atlanta,L,Brown,Fall,3.7,No,Next Day Air,Yes,Yes,3,Digital Wallet,Bi-Weekly,
2216,48,Jeans,Female,Clothing,116.34,Atlanta,M,Black,Spring,3.4,Yes,Express,No,No,5,Credit Card,Bi-Weekly,
2217,44,Jeans,Female,Clothing,157.77,Miami,XS,Navy,Winter,3.7,Yes,Standard,Yes,Yes,5,Digital Wallet,Weekly,
2218,30,Headphones,Male,Electronics,208.76,Denver,L,Black,Winter,3.3,Yes,Express,No,No,3,Bank Transfer,Quarterly,
2219,35,Dress,Male,Clothing,30.44,Philadelphia,M,Brown,Summer,4.0,No,Standard,No,No,4,Debit Card,Monthly,
2220,18,Body Lotion,Male,Beauty,122.59,Portland,L,Yellow,Fall,3.9,No,Free Shipping,Yes,Yes,2,Credit Card,Quarterly,
2221,43,Face Wash,Male,Beauty,97.24,Portland,S,Green,Winter,3.1,No,Standard,Yes,Yes,6,Digital Wallet,Bi-Weekly,
2222,42,Body Lotion,Female,Beauty,77.92,San Antonio,L,White,Fall,3.3,No,2-Day Shipping,No,Yes,3,Digital Wallet,Monthly,
2223,50,Phone Case,Non-Binary,Electronics,201.02,Portland,S,White,Spring,3.5,No,Free Shipping,Yes,Yes,8,Bank Transfer,Monthly,
2224,47,Sandals,Female,Footwear,88.06,Philadelphia,XL,Blue,Summer,4.9,Yes,Standard,Yes,Yes,1,Credit Card,Monthly,
2225,29,Sneakers,Male,Footwear,135.73,Houston,XL,Gray,Spring,4.5,Yes,Standard,No,No,0,Cash,Monthly,
2226,35,Coat,Male,Clothing,47.71,Chicago,M,Gray,Summer,3.3,No,2-Day Shipping,No,No,4,Bank Transfer,Quarterly,
2227,37,Keyboard,Female,Electronics,267.16,Los Angeles,XL,Green,Summer,4.4,Yes,Express,No,No,2,Credit Card,Monthly,
2228,38,Skirt,Male,Clothing,146.46,Portland,M,Black,Summer,3.0,No,2-Day Shipping,No,No,3,Credit Card,Monthly,
2229,29,Sweater,Female,Clothing,15.24,Portland,L,Brown,Summer,3.3,No,Free Shipping,No,No,2,PayPal,Annually,
2230,36,Sneakers,Female,Footwear,73.7,Portland,L,Yellow,Spring,4.5,No,Express,No,No,2,Digital Wallet,Monthly,
2231,47,Perfume,Female,Beauty,52.07,Dallas,M,Green,Spring,4.1,No,Free Shipping,No,No,1,Digital Wallet,Bi-Weekly,
2232,41,Mouse,Male,Electronics,272.72,San Diego,One Size,Yellow,Winter,3.6,No,Free Shipping,No,Yes,4,Credit Card,Quarterly,
2233,33,Watch,Male,Accessories,56.56,Philadelphia,M,Pink,Summer,3.7,No,Standard,No,No,2,Digital Wallet,Monthly,
2234,57,Sweater,Female,Clothing,38.44,Los Angeles,XL,Blue,Fall,3.9,No,Express,No,No,2,Debit Card,Monthly,
2235,47,Bedsheet,Female,Home,99.14,San Diego,M,Green,Fall,3.7,No,Free Shipping,Yes,Yes,5,Cash,Monthly,
2236,36,Bluetooth Speaker,Male,Electronics,111.25,Miami,M,White,Spring,5.0,No,Free Shipping,No,Yes,1,Bank Transfer,Monthly,
2237,39,Sweater,Male,Clothing,60.05,Austin,L,Gray,Fall,5.0,Yes,Standard,No,No,2,Debit Card,Quarterly,
2238,41,Hoodie,Female,Clothing,172.41,New York,XS,Green,Spring,4.1,No,Standard,No,No,2,Debit Card,Monthly,
2239,63,Sweater,Female,Clothing,25.29,Philadelphia,M,Green,Summer,3.6,Yes,Standard,Yes,Yes,6,Credit Card,Bi-Weekly,
2240,41,Hoodie,Male,Clothing,55.31,Boston,M,Purple,Fall,3.6,No,Standard,No,Yes,2,Bank Transfer,Monthly,
2241,33,Skirt,Female,Clothing,168.26,San Jose,M,Gray,Fall,2.9,Yes,Standard,Yes,Yes,6,Digital Wallet,Quarterly,
2242,36,Phone Case,Male,Electronics,386.79,Seattle,XXL,White,Winter,4.6,Yes,Express,No,No,5,Debit Card,Monthly,
2243,36,Face Cream,Female,Beauty,137.87,Jacksonville,XL,Gray,Fall,3.2,Yes,Free Shipping,No,No,4,Debit Card,Monthly,
2244,39,Jeans,Male,Clothing,118.81,Detroit,S,Pink,Spring,3.8,Yes,2-Day Shipping,No,No,4,Debit Card,Monthly,
2245,32,Coat,Female,Clothing,169.2,Boston,M,Gray,Fall,4.7,No,Next Day Air,No,No,6,Digital Wallet,Weekly,
2246,18,Headphones,Female,Electronics,67.62,Dallas,L,Purple,Fall,3.8,Yes,2-Day Shipping,No,Yes,3,Bank Transfer,Monthly,
2247,27,Wallet,Female,Accessories,52.65,Austin,XL,Pink,Summer,3.0,No,Free Shipping,No,No,0,Debit Card,Monthly,
2248,46,Sandals,Male,Footwear,71.54,Chicago,XS,Green,Winter,3.9,No,Express,No,No,1,Bank Transfer,Monthly,
2249,42,Face Wash,Female,Beauty,19.07,Philadelphia,L,Green,Spring,3.2,No,Next Day Air,Yes,Yes,2,Debit Card,Annually,
2250,47,Bluetooth Speaker,Male,Electronics,373.12,San Diego,M,White,Summer,3.2,No,Standard,No,Yes,2,Debit Card,Monthly,
2251,38,Sneakers,Female,Footwear,163.25,Houston,M,Blue,Fall,3.4,No,Free Shipping,Yes,Yes,2,PayPal,Quarterly,
2252,29,Heels,Male,Footwear,51.45,Detroit,M,Brown,Summer,4.2,Yes,2-Day Shipping,Yes,Yes,5,Credit Card,Quarterly,
2253,32,Heels,Male,Footwear,82.22,Dallas,M,Black,Summer,5.0,No,Standard,No,Yes,2,Debit Card,Quarterly,
2254,53,Sneakers,Female,Footwear,85.34,San Jose,XS,Yellow,Spring,1.7,Yes,Next Day Air,Yes,Yes,4,Debit Card,Monthly,
2255,39,Slippers,Male,Footwear,157.7,Atlanta,S,Brown,Summer,3.3,No,2-Day Shipping,No,Yes,2,Debit Card,Quarterly,
2256,46,Phone Case,Female,Electronics,300.47,Denver,XS,Purple,Spring,4.6,Yes,Standard,No,No,7,Digital Wallet,Bi-Weekly,
2257,52,Curtain,Female,Home,160.08,Atlanta,L,Pink,Fall,4.7,Yes,Standard,No,No,1,PayPal,Quarterly,
2258,28,Wallet,Male,Accessories,132.83,Boston,L,Blue,Summer,3.5,No,Free Shipping,No,No,8,Digital Wallet,Monthly,
2259,44,Makeup Kit,Male,Beauty,87.08,San Antonio,M,Navy,Winter,4.3,No,Free Shipping,No,Yes,3,Digital Wallet,Quarterly,
2260,46,Skirt,Female,Clothing,92.85,Dallas,M,Purple,Fall,4.4,No,Free Shipping,No,No,1,Credit Card,Quarterly,
2261,33,Running Shoes,Female,Footwear,145.96,Portland,XL,Gray,Fall,3.7,Yes,Express,No,No,8,Credit Card,Weekly,
2262,39,T-Shirt,Female,Clothing,21.69,Houston,S,Green,Winter,2.2,No,Standard,Yes,Yes,4,Credit Card,Monthly,
2263,41,Skirt,Female,Clothing,64.3,San Diego,M,Gray,Spring,3.1,Yes,Standard,Yes,Yes,5,PayPal,Weekly,
2264,40,Hoodie,Female,Clothing,104.75,Atlanta,S,Navy,Winter,3.3,Yes,2-Day Shipping,No,No,3,Debit Card,Monthly,
2265,31,Bluetooth Speaker,Male,Electronics,382.75,Portland,L,Black,Winter,4.3,No,Standard,No,No,4,Debit Card,Monthly,
2266,47,Storage Box,Male,Home,17.55,Austin,XXL,Black,Winter,3.1,No,Next Day Air,Yes,Yes,4,Credit Card,Monthly,
2267,25,Shorts,Female,Clothing,41.05,Detroit,L,Brown,Winter,4.8,No,Standard,Yes,Yes,2,Credit Card,Monthly,
2268,55,Shorts,Female,Clothing,77.1,Boston,L,Purple,Spring,3.9,No,2-Day Shipping,Yes,Yes,1,Digital Wallet,Annually,
2269,48,Dress,Female,Clothing,162.5,Seattle,M,White,Winter,4.7,No,2-Day Shipping,No,No,1,Cash,Annually,
2270,18,Coffee Mug,Male,Home,51.82,Seattle,M,Red,Summer,3.7,Yes,Standard,No,No,4,Debit Card,Monthly,
2271,25,Skirt,Female,Clothing,174.62,San Antonio,One Size,Purple,Winter,4.3,Yes,Standard,No,No,2,Cash,Quarterly,
2272,41,Curtain,Female,Home,108.51,Seattle,XL,Purple,Winter,3.1,No,2-Day Shipping,No,No,2,Digital Wallet,Bi-Weekly,
2273,44,Sneakers,Male,Footwear,213.19,Houston,XL,Black,Fall,3.6,Yes,Standard,No,No,1,Digital Wallet,Monthly,
2274,51,Storage Box,Female,Home,139.77,New York,XL,Pink,Fall,3.6,No,Standard,Yes,Yes,4,Credit Card,Bi-Weekly,
2275,24,Pillow,Female,Home,132.12,Phoenix,L,Pink,Fall,3.7,Yes,Next Day Air,No,Yes,5,Credit Card,Weekly,
2276,35,Sweater,Female,Clothing,131.12,Denver,M,Purple,Fall,4.2,No,Next Day Air,Yes,Yes,2,Debit Card,Monthly,
2277,40,Heels,Female,Footwear,58.77,Phoenix,L,Yellow,Summer,3.7,No,2-Day Shipping,No,No,3,Credit Card,Bi-Weekly,
2278,37,Coffee Mug,Male,Home,73.84,Dallas,XL,Brown,Spring,4.6,No,2-Day Shipping,No,No,1,Bank Transfer,Bi-Weekly,
2279,29,T-Shirt,Female,Clothing,172.86,Chicago,XL,Gray,Summer,3.8,No,Express,Yes,Yes,1,Debit Card,Quarterly,
2280,40,Face Cream,Female,Beauty,124.13,New York,XL,Black,Summer,4.0,No,Standard,No,No,3,Debit Card,Bi-Weekly,
2281,30,Face Wash,Female,Beauty,137.07,Atlanta,L,White,Spring,4.2,Yes,Standard,No,Yes,4,Bank Transfer,Monthly,
2282,44,Shorts,Female,Clothing,147.33,Detroit,M,Green,Winter,4.5,No,Standard,Yes,Yes,6,Cash,Quarterly,
2283,28,Dress,Female,Clothing,80.48,San Antonio,XS,White,Summer,4.4,No,Express,Yes,Yes,3,Bank Transfer,Monthly,
2284,29,Running Shoes,Male,Footwear,110.08,Los Angeles,M,Black,Fall,5.0,No,Free Shipping,No,No,1,Bank Transfer,Monthly,
2285,26,Table Lamp,Female,Home,104.41,Philadelphia,S,Pink,Winter,4.8,Yes,Express,Yes,Yes,1,Debit Card,Monthly,
2286,45,Loafers,Female,Footwear,55.73,Austin,XS,Yellow,Summer,3.8,No,2-Day Shipping,No,Yes,2,Bank Transfer,Monthly,
2287,43,Sweater,Female,Clothing,179.03,Houston,M,Yellow,Fall,4.5,Yes,Free Shipping,No,No,8,Cash,Bi-Weekly,
2288,55,Jeans,Female,Clothing,56.87,Los Angeles,M,Red,Fall,3.0,No,Standard,No,No,1,Credit Card,Bi-Weekly,
2289,57,Dress,Male,Clothing,54.53,Seattle,M,Yellow,Fall,2.6,Yes,Standard,Yes,Yes,5,Cash,Monthly,
2290,18,Cushion,Non-Binary,Home,185.62,San Diego,XXL,Green,Fall,4.3,Yes,Standard,No,No,5,Debit Card,Bi-Weekly,
2291,40,Table Lamp,Male,Home,75.7,Phoenix,L,Yellow,Spring,2.8,No,Standard,Yes,Yes,2,Credit Card,Annually,
2292,29,Bluetooth Speaker,Male,Electronics,406.47,Phoenix,XXL,Brown,Fall,4.2,No,Next Day Air,Yes,Yes,2,Cash,Monthly,
2293,47,Sunglasses,Female,Accessories,239.12,Phoenix,S,Pink,Summer,2.7,No,Standard,Yes,Yes,4,Bank Transfer,Monthly,
2294,32,T-Shirt,Male,Clothing,38.71,Detroit,M,Black,Spring,2.7,No,Standard,No,Yes,3,Bank Transfer,Quarterly,
2295,38,Jeans,Male,Clothing,106.16,New York,M,Black,Spring,3.9,No,Standard,Yes,Yes,5,Credit Card,Quarterly,
2296,40,Skirt,Female,Clothing,136.72,Boston,XL,Blue,Summer,4.1,No,Next Day Air,No,No,6,Bank Transfer,Monthly,
2297,43,Wallet,Male,Accessories,119.39,Dallas,S,Gray,Fall,2.9,Yes,Standard,Yes,Yes,7,PayPal,Monthly,
2298,18,Sunglasses,Female,Accessories,175.51,New York,M,Navy,Winter,4.4,No,Free Shipping,No,No,4,Debit Card,Quarterly,
2299,32,Sneakers,Non-Binary,Footwear,166.23,Seattle,XL,Brown,Fall,3.8,No,Free Shipping,No,No,3,Digital Wallet,Quarterly,
2300,32,Sunglasses,Female,Accessories,129.65,Miami,L,Gray,Spring,3.8,No,Free Shipping,Yes,Yes,2,PayPal,Quarterly,
2301,31,Wallet,Female,Accessories,163.47,Los Angeles,L,Brown,Summer,4.4,Yes,Standard,No,No,5,PayPal,Quarterly,
2302,35,Boots,Female,Footwear,202.41,Atlanta,M,Blue,Fall,4.0,Yes,Standard,Yes,Yes,5,Digital Wallet,Quarterly,
2303,18,Watch,Female,Accessories,249.12,Denver,M,Navy,Summer,3.1,No,Free Shipping,Yes,Yes,5,Bank Transfer,Bi-Weekly,
2304,34,Sunglasses,Female,Accessories,11.94,Dallas,M,Brown,Summer,2.5,Yes,2-Day Shipping,No,Yes,11,PayPal,Monthly,
2305,19,Lipstick,Female,Beauty,26.01,San Jose,XL,Brown,Fall,3.9,Yes,Free Shipping,No,No,1,Bank Transfer,Monthly,
2306,24,Skirt,Female,Clothing,40.07,Austin,S,Blue,Spring,3.0,Yes,Free Shipping,No,No,4,PayPal,Monthly,
2307,42,Jacket,Female,Clothing,118.51,San Jose,XS,Green,Fall,4.3,Yes,Standard,No,No,4,Credit Card,Monthly,
2308,52,Jeans,Male,Clothing,48.75,Portland,S,White,Winter,2.6,Yes,Free Shipping,No,No,5,PayPal,Annually,
2309,43,Sunglasses,Male,Accessories,139.33,San Antonio,L,Purple,Spring,3.5,Yes,Free Shipping,Yes,Yes,1,PayPal,Quarterly,
2310,41,Sneakers,Female,Footwear,200.79,Atlanta,M,Black,Summer,4.4,No,Standard,No,No,1,Credit Card,Quarterly,
2311,50,Power Bank,Female,Electronics,194.3,San Antonio,M,Purple,Summer,3.9,No,Express,No,Yes,3,Credit Card,Quarterly,
2312,47,Makeup Kit,Female,Beauty,9.17,Atlanta,S,Black,Winter,3.7,Yes,Express,No,No,2,PayPal,Monthly,
2313,37,Sneakers,Male,Footwear,144.57,Boston,S,White,Winter,2.5,No,Express,No,No,4,Credit Card,Monthly,
2314,23,Table Lamp,Male,Home,90.92,Phoenix,S,Green,Spring,4.0,No,Standard,No,No,3,Debit Card,Bi-Weekly,
2315,18,Sandals,Female,Footwear,37.37,Philadelphia,L,Navy,Winter,3.9,No,Next Day Air,Yes,Yes,6,Credit Card,Weekly,
2316,54,Sweater,Female,Clothing,90.66,Philadelphia,L,Blue,Winter,4.2,Yes,Free Shipping,No,No,3,Bank Transfer,Quarterly,
2317,25,Sandals,Female,Footwear,66.23,Las Vegas,S,Yellow,Spring,3.8,Yes,Next Day Air,No,No,1,Debit Card,Quarterly,
2318,34,Heels,Male,Footwear,166.54,San Jose,L,Blue,Spring,3.8,Yes,Standard,No,No,3,Credit Card,Monthly,
2319,36,Lipstick,Female,Beauty,39.31,Boston,S,Yellow,Winter,2.9,Yes,2-Day Shipping,Yes,Yes,2,Bank Transfer,Monthly,
2320,44,Jacket,Female,Clothing,39.81,Denver,L,Navy,Spring,5.0,No,2-Day Shipping,Yes,Yes,1,Bank Transfer,Annually,
2321,44,Shampoo,Female,Beauty,141.08,Seattle,M,Pink,Winter,3.9,Yes,Free Shipping,No,No,8,Bank Transfer,Monthly,
2322,25,Power Bank,Male,Electronics,117.01,New York,XL,Yellow,Fall,4.6,No,Next Day Air,No,No,2,Credit Card,Annually,
2323,52,Lipstick,Female,Beauty,83.74,New York,XL,Green,Spring,4.0,No,Standard,No,No,1,Credit Card,Annually,
2324,37,Body Lotion,Female,Beauty,66.5,New York,S,Red,Fall,2.6,No,Next Day Air,No,No,7,Debit Card,Weekly,
2325,22,Pillow,Male,Home,103.06,Miami,L,White,Spring,3.8,Yes,Free Shipping,Yes,Yes,7,Debit Card,Bi-Weekly,
2326,42,Wallet,Male,Accessories,77.49,San Jose,M,White,Spring,3.1,No,2-Day Shipping,No,No,5,PayPal,Weekly,
2327,44,Handbag,Male,Accessories,236.21,Denver,S,Red,Winter,3.6,Yes,Free Shipping,No,No,6,Cash,Monthly,
2328,51,Mouse,Male,Electronics,34.23,Atlanta,L,Black,Winter,3.5,No,Standard,Yes,Yes,0,PayPal,Monthly,
2329,25,Bluetooth Speaker,Male,Electronics,162.71,Philadelphia,XS,Black,Spring,2.8,No,Standard,No,No,1,Bank Transfer,Monthly,
2330,42,Hoodie,Female,Clothing,28.85,Philadelphia,L,Black,Winter,3.9,Yes,2-Day Shipping,No,No,6,Debit Card,Monthly,
2331,36,Handbag,Female,Accessories,18.9,San Jose,XL,Purple,Spring,2.9,No,Express,Yes,Yes,3,PayPal,Quarterly,
2332,33,Coat,Female,Clothing,94.19,Phoenix,S,Green,Spring,4.8,No,Standard,No,No,2,PayPal,Quarterly,
2333,54,Scarf,Female,Accessories,233.76,Philadelphia,XXL,Navy,Spring,3.2,No,Free Shipping,Yes,Yes,2,Credit Card,Monthly,
2334,51,Jacket,Male,Clothing,16.09,Miami,XL,Yellow,Winter,2.3,No,Standard,No,No,4,Digital Wallet,Monthly,
2335,48,Running Shoes,Male,Footwear,115.21,Jacksonville,L,Red,Winter,3.4,Yes,Standard,No,No,5,Credit Card,Weekly,
2336,33,Handbag,Female,Accessories,180.35,Atlanta,L,Blue,Spring,3.6,No,Standard,No,No,4,PayPal,Quarterly,
2337,25,Scarf,Female,Accessories,90.17,Atlanta,L,Purple,Fall,3.5,No,Free Shipping,No,No,3,Credit Card,Quarterly,
2338,35,Sweater,Female,Clothing,59.04,Houston,S,Brown,Winter,3.8,Yes,Standard,No,No,4,Debit Card,Bi-Weekly,
2339,31,Dress,Male,Clothing,47.07,Atlanta,M,Brown,Spring,2.8,No,2-Day Shipping,No,No,1,Credit Card,Quarterly,
2340,52,Table Lamp,Female,Home,52.97,Denver,L,Yellow,Spring,3.2,No,Free Shipping,Yes,Yes,1,Credit Card,Quarterly,
2341,62,Sweater,Female,Clothing,144.42,San Diego,One Size,Red,Winter,4.4,No,Express,Yes,Yes,2,Cash,Monthly,
2342,42,Coffee Mug,Female,Home,107.98,Philadelphia,L,Purple,Winter,3.0,No,Standard,No,No,4,Credit Card,Quarterly,
2343,49,Hoodie,Female,Clothing,137.95,Jacksonville,M,Pink,Winter,3.5,Yes,Free Shipping,Yes,Yes,6,Credit Card,Bi-Weekly,
2344,19,Boots,Female,Footwear,213.39,San Antonio,XL,Navy,Spring,3.3,No,Standard,No,No,3,Digital Wallet,Monthly,
2345,21,Storage Box,Male,Home,162.68,Chicago,M,Purple,Summer,4.6,Yes,Standard,Yes,Yes,6,Bank Transfer,Weekly,
2346,30,Skirt,Male,Clothing,47.65,Austin,L,Yellow,Fall,3.9,No,2-Day Shipping,No,No,2,Credit Card,Quarterly,
2347,31,Sneakers,Male,Footwear,110.53,Jacksonville,S,White,Winter,2.7,No,Standard,Yes,Yes,6,Digital Wallet,Bi-Weekly,
2348,34,Makeup Kit,Male,Beauty,63.39,Boston,One Size,Navy,Fall,3.4,Yes,Free Shipping,Yes,Yes,5,Debit Card,Quarterly,
2349,35,Curtain,Male,Home,122.02,Dallas,S,Pink,Winter,3.2,No,Standard,No,No,2,Credit Card,Quarterly,
2350,38,Power Bank,Female,Electronics,225.8,Atlanta,L,Blue,Spring,3.9,No,Free Shipping,Yes,Yes,3,Debit Card,Monthly,
2351,31,Sandals,Female,Footwear,73.98,Las Vegas,M,Purple,Summer,4.4,No,Standard,No,Yes,5,Cash,Bi-Weekly,
2352,39,Sweater,Female,Clothing,132.43,San Diego,XXL,Pink,Summer,4.0,No,Next Day Air,Yes,Yes,3,Bank Transfer,Monthly,
2353,21,Scarf,Female,Accessories,54.25,Seattle,L,Blue,Summer,4.1,Yes,Free Shipping,Yes,Yes,5,Credit Card,Weekly,
2354,48,Pillow,Male,Home,88.97,Jacksonville,M,Blue,Fall,3.4,No,Standard,Yes,Yes,2,PayPal,Bi-Weekly,
2355,18,Curtain,Male,Home,179.99,San Diego,L,Brown,Winter,2.6,No,Free Shipping,No,No,3,Credit Card,Annually,
2356,22,Pillow,Male,Home,188.01,Boston,L,White,Winter,4.2,No,Free Shipping,No,No,3,Debit Card,Monthly,
2357,40,Coat,Male,Clothing,105.5,San Diego,L,Yellow,Fall,3.9,No,Standard,No,No,4,Digital Wallet,Monthly,
2358,42,Pillow,Non-Binary,Home,95.12,Dallas,L,Purple,Fall,3.9,No,Standard,Yes,Yes,2,Cash,Monthly,
2359,72,Curtain,Male,Home,53.63,San Antonio,XXL,Black,Fall,3.5,No,Express,No,No,3,Debit Card,Monthly,
2360,40,Keyboard,Female,Electronics,92.65,Jacksonville,L,White,Winter,3.4,Yes,Standard,Yes,Yes,4,Credit Card,Monthly,
2361,21,Face Cream,Female,Beauty,15.04,Denver,S,Navy,Winter,4.3,No,Standard,No,No,4,Debit Card,Quarterly,
2362,18,Body Lotion,Male,Beauty,122.61,Atlanta,M,White,Fall,4.1,No,Free Shipping,Yes,Yes,1,Debit Card,Bi-Weekly,
2363,30,Hoodie,Female,Clothing,77.01,Jacksonville,M,Black,Fall,4.5,No,Standard,Yes,Yes,4,Debit Card,Weekly,
2364,38,Sandals,Female,Footwear,132.98,Dallas,L,Green,Winter,5.0,No,Standard,No,Yes,5,Digital Wallet,Quarterly,
2365,19,Keyboard,Female,Electronics,355.73,Austin,M,Blue,Winter,4.1,No,Next Day Air,No,No,3,Credit Card,Quarterly,
2366,40,Keyboard,Female,Electronics,346.98,San Diego,XL,Gray,Summer,4.2,No,Standard,Yes,Yes,2,Debit Card,Weekly,
2367,46,Coat,Male,Clothing,36.14,Portland,M,Gray,Summer,3.9,No,Free Shipping,Yes,Yes,3,Credit Card,Quarterly,
2368,29,T-Shirt,Female,Clothing,62.45,Houston,S,Navy,Summer,4.9,Yes,Standard,No,Yes,5,Debit Card,Weekly,
2369,41,Jacket,Male,Clothing,130.85,San Diego,S,Green,Fall,3.8,No,Free Shipping,Yes,Yes,4,Credit Card,Weekly,
2370,63,Jacket,Male,Clothing,110.68,San Antonio,M,Gray,Fall,5.0,No,Free Shipping,No,No,1,Credit Card,Quarterly,
2371,35,Bedsheet,Male,Home,11.59,San Jose,M,Green,Spring,3.6,Yes,2-Day Shipping,No,No,9,Credit Card,Bi-Weekly,
2372,30,Heels,Female,Footwear,204.03,Las Vegas,S,Green,Winter,5.0,Yes,Free Shipping,Yes,Yes,3,Debit Card,Monthly,
2373,46,T-Shirt,Female,Clothing,118.75,Denver,M,Blue,Fall,4.5,No,Free Shipping,Yes,Yes,5,Debit Card,Monthly,
2374,39,Curtain,Female,Home,170.78,Miami,L,Red,Fall,4.9,No,Standard,Yes,Yes,3,Debit Card,Monthly,
2375,41,Dress,Male,Clothing,48.73,Dallas,XL,Black,Winter,4.0,No,Free Shipping,Yes,Yes,1,Cash,Monthly,
2376,28,Sweater,Male,Clothing,138.92,Portland,S,Red,Fall,4.5,Yes,Standard,No,No,5,Digital Wallet,Weekly,
2377,23,Phone Case,Female,Electronics,207.31,Denver,S,Brown,Fall,3.2,No,Standard,Yes,Yes,2,Credit Card,Quarterly,
2378,31,Boots,Male,Footwear,186.68,San Antonio,XXL,Red,Winter,4.4,Yes,Standard,Yes,Yes,2,Bank Transfer,Weekly,
2379,46,Lipstick,Female,Beauty,134.0,Dallas,S,Green,Fall,2.9,No,Express,Yes,Yes,3,Digital Wallet,Monthly,
2380,28,Cushion,Female,Home,41.0,Philadelphia,M,Red,Summer,3.5,Yes,Standard,Yes,Yes,3,Bank Transfer,Monthly,
2381,32,Table Lamp,Male,Home,149.87,Austin,S,Red,Summer,3.9,No,Express,Yes,Yes,3,Bank Transfer,Monthly,
2382,45,Coat,Female,Clothing,131.41,Detroit,S,Green,Spring,5.0,No,Standard,Yes,Yes,2,Credit Card,Monthly,
2383,39,Slippers,Female,Footwear,189.72,Detroit,S,White,Summer,4.4,No,Standard,Yes,Yes,1,Cash,Quarterly,
2384,39,Heels,Female,Footwear,131.52,San Jose,M,Green,Spring,3.5,Yes,Express,Yes,Yes,4,Credit Card,Monthly,
2385,48,Phone Case,Male,Electronics,351.77,Detroit,L,Black,Spring,5.0,No,Free Shipping,Yes,Yes,4,Debit Card,Weekly,
2386,26,Boots,Female,Footwear,68.46,Houston,L,Black,Spring,2.7,No,Free Shipping,Yes,Yes,1,Cash,Monthly,
2387,44,Coat,Male,Clothing,92.5,Jacksonville,S,Black,Fall,5.0,No,Standard,No,No,4,Debit Card,Monthly,
2388,53,Heels,Female,Footwear,46.02,Detroit,M,Green,Spring,3.3,Yes,2-Day Shipping,No,Yes,5,Credit Card,Monthly,
2389,45,Face Wash,Female,Beauty,66.99,Seattle,M,Navy,Spring,4.0,No,2-Day Shipping,No,No,3,Digital Wallet,Monthly,
2390,45,Jeans,Female,Clothing,69.53,Miami,M,Red,Fall,3.8,Yes,Standard,No,Yes,4,PayPal,Monthly,
2391,29,Phone Case,Female,Electronics,128.61,Las Vegas,L,Navy,Spring,3.7,No,Standard,No,No,2,Cash,Quarterly,
2392,58,Shorts,Male,Clothing,69.72,Miami,L,White,Spring,4.3,No,Standard,Yes,Yes,5,PayPal,Monthly,
2393,37,Bedsheet,Female,Home,38.87,Chicago,XL,Brown,Fall,3.7,No,Standard,No,No,4,PayPal,Bi-Weekly,
2394,28,Shampoo,Female,Beauty,70.31,Philadelphia,L,Pink,Fall,5.0,No,Next Day Air,Yes,Yes,1,Cash,Quarterly,
2395,42,Shampoo,Female,Beauty,19.89,Boston,M,Purple,Spring,4.9,No,Standard,No,No,2,Credit Card,Weekly,
2396,40,Jacket,Male,Clothing,74.29,Seattle,L,Gray,Winter,3.9,No,Free Shipping,No,No,3,Bank Transfer,Monthly,
2397,46,Face Wash,Male,Beauty,57.7,Los Angeles,XS,Black,Summer,4.5,Yes,Free Shipping,No,No,6,Credit Card,Monthly,
2398,25,Cushion,Female,Home,172.15,Austin,S,Pink,Winter,3.8,No,Standard,No,No,1,PayPal,Monthly,
2399,44,Wallet,Female,Accessories,155.97,Seattle,L,Blue,Winter,3.4,No,2-Day Shipping,Yes,Yes,4,Credit Card,Annually,
2400,40,Jeans,Male,Clothing,143.54,Miami,M,Black,Summer,3.2,No,Next Day Air,Yes,Yes,4,Bank Transfer,Monthly,
2401,51,Skirt,Male,Clothing,20.55,Los Angeles,M,Blue,Winter,3.4,No,Free Shipping,No,No,4,PayPal,Bi-Weekly,
2402,26,Scarf,Male,Accessories,214.48,Portland,L,Navy,Spring,4.2,No,Standard,No,Yes,1,Credit Card,Quarterly,
2403,53,Heels,Male,Footwear,153.06,Houston,L,White,Summer,3.9,No,Free Shipping,No,No,2,Debit Card,Quarterly,
2404,39,Sneakers,Female,Footwear,74.1,Portland,M,Gray,Summer,2.5,Yes,Free Shipping,No,Yes,7,Credit Card,Monthly,
2405,42,Slippers,Male,Footwear,169.5,Atlanta,M,Green,Winter,3.8,No,Standard,No,No,3,Digital Wallet,Quarterly,
2406,36,Coat,Male,Clothing,138.41,Boston,M,Brown,Summer,4.9,Yes,Express,No,No,8,Credit Card,Weekly,
2407,18,Hoodie,Male,Clothing,83.44,San Antonio,M,White,Winter,5.0,No,Free Shipping,No,No,1,Bank Transfer,Bi-Weekly,
2408,19,Face Cream,Female,Beauty,61.37,Phoenix,XL,Green,Fall,3.9,No,2-Day Shipping,No,No,6,PayPal,Monthly,
2409,36,Skirt,Male,Clothing,70.98,Boston,XL,Blue,Fall,2.7,No,2-Day Shipping,Yes,Yes,1,Bank Transfer,Annually,
2410,26,T-Shirt,Male,Clothing,104.93,Portland,XXL,White,Summer,3.9,No,Standard,Yes,Yes,4,Cash,Monthly,
2411,27,Sunglasses,Female,Accessories,210.7,Atlanta,S,Blue,Fall,5.0,Yes,Standard,Yes,Yes,4,Debit Card,Monthly,
2412,38,Shampoo,Male,Beauty,107.62,Austin,L,Blue,Fall,4.4,No,Express,No,No,2,Bank Transfer,Monthly,
2413,32,Coffee Mug,Female,Home,76.24,Boston,L,White,Winter,3.1,Yes,Express,No,Yes,2,Debit Card,Monthly,
2414,32,Hat,Female,Accessories,165.44,New York,L,White,Summer,3.2,Yes,Standard,Yes,Yes,4,Bank Transfer,Quarterly,
2415,47,Makeup Kit,Female,Beauty,57.8,Houston,L,Gray,Spring,3.6,No,Free Shipping,Yes,Yes,5,Credit Card,Quarterly,
2416,44,Coat,Female,Clothing,67.61,New York,S,Pink,Winter,5.0,No,Standard,No,No,7,PayPal,Monthly,
2417,53,Coffee Mug,Male,Home,60.74,Denver,XXL,Red,Fall,3.5,Yes,Standard,Yes,Yes,3,PayPal,Quarterly,
2418,34,Skirt,Female,Clothing,165.06,San Antonio,M,Brown,Spring,2.9,Yes,Standard,Yes,Yes,3,Credit Card,Quarterly,
2419,26,Backpack,Female,Accessories,190.72,Houston,L,Green,Winter,2.9,No,Free Shipping,Yes,Yes,1,Credit Card,Weekly,
2420,25,Smartwatch,Male,Electronics,446.38,Atlanta,XS,Blue,Summer,3.9,Yes,2-Day Shipping,No,No,3,Credit Card,Weekly,
2421,58,Backpack,Female,Accessories,192.89,San Diego,M,Purple,Spring,4.5,Yes,Standard,Yes,Yes,5,Credit Card,Monthly,
2422,43,Pillow,Male,Home,104.07,Philadelphia,S,Black,Spring,3.9,No,Standard,No,No,1,Debit Card,Monthly,
2423,43,Heels,Female,Footwear,46.26,New York,M,Brown,Spring,5.0,Yes,Express,No,No,3,Cash,Quarterly,
2424,41,T-Shirt,Female,Clothing,96.24,Atlanta,L,Green,Spring,4.4,No,Standard,Yes,Yes,5,PayPal,Bi-Weekly,
2425,58,Wallet,Male,Accessories,17.23,Austin,M,Red,Fall,4.0,Yes,Standard,No,No,2,PayPal,Bi-Weekly,
2426,45,Lipstick,Female,Beauty,87.59,Jacksonville,XL,White,Summer,3.9,No,Standard,No,No,1,Credit Card,Quarterly,
2427,18,Keyboard,Female,Electronics,39.59,San Diego,M,Green,Winter,3.6,No,Free Shipping,No,No,4,Credit Card,Monthly,
2428,42,Slippers,Female,Footwear,146.7,Boston,L,Brown,Spring,4.3,No,2-Day Shipping,No,No,2,Digital Wallet,Monthly,
2429,26,Body Lotion,Male,Beauty,50.69,Houston,XS,Green,Spring,3.2,Yes,2-Day Shipping,No,No,3,Bank Transfer,Monthly,
2430,18,Coat,Male,Clothing,25.39,Chicago,L,Purple,Summer,4.1,Yes,Free Shipping,No,No,3,Debit Card,Quarterly,
2431,36,Sneakers,Female,Footwear,174.32,Phoenix,M,Purple,Spring,1.9,Yes,2-Day Shipping,No,No,7,PayPal,Bi-Weekly,
2432,65,T-Shirt,Female,Clothing,31.11,Austin,L,Pink,Summer,3.4,Yes,Standard,Yes,Yes,11,PayPal,Monthly,
2433,19,Sandals,Male,Footwear,124.34,Philadelphia,L,Black,Winter,4.0,Yes,Express,Yes,Yes,8,PayPal,Quarterly,
2434,33,Backpack,Female,Accessories,208.8,Denver,M,Black,Summer,3.6,Yes,2-Day Shipping,No,No,7,Digital Wallet,Quarterly,
2435,21,Lipstick,Female,Beauty,123.8,Houston,L,Navy,Fall,3.8,No,Standard,Yes,Yes,0,Digital Wallet,Monthly,
2436,25,Scarf,Female,Accessories,246.5,Philadelphia,S,Blue,Fall,3.4,No,Standard,No,Yes,0,Bank Transfer,Monthly,
2437,37,Running Shoes,Female,Footwear,165.66,Las Vegas,L,Gray,Fall,3.9,No,Express,No,No,5,Credit Card,Annually,
2438,30,Wallet,Female,Accessories,218.63,San Jose,S,Yellow,Summer,4.5,No,Standard,No,No,1,Bank Transfer,Annually,
2439,37,Running Shoes,Male,Footwear,58.44,San Jose,M,Green,Fall,4.9,Yes,Express,No,No,2,Cash,Annually,
2440,27,Heels,Female,Footwear,69.16,Portland,L,Purple,Spring,2.0,No,Free Shipping,No,No,1,Bank Transfer,Annually,
2441,29,Smartwatch,Male,Electronics,47.31,Chicago,M,Gray,Fall,4.7,No,Standard,No,No,4,Debit Card,Quarterly,
2442,33,Jacket,Male,Clothing,157.46,Detroit,L,White,Fall,3.6,No,2-Day Shipping,No,No,1,Digital Wallet,Monthly,
2443,34,Slippers,Male,Footwear,181.17,Las Vegas,S,White,Summer,3.3,No,Free Shipping,Yes,Yes,4,Debit Card,Quarterly,
2444,20,Keyboard,Female,Electronics,320.07,Boston,L,Gray,Summer,4.3,No,2-Day Shipping,No,No,0,PayPal,Quarterly,
2445,33,Face Cream,Male,Beauty,107.35,Las Vegas,M,Pink,Winter,4.1,No,Standard,Yes,Yes,4,Debit Card,Monthly,
2446,46,Headphones,Female,Electronics,164.37,Boston,M,Green,Summer,2.6,No,Express,Yes,Yes,1,Credit Card,Monthly,
2447,55,Shorts,Male,Clothing,144.59,San Diego,L,Pink,Winter,4.3,No,Next Day Air,No,No,3,Bank Transfer,Quarterly,
2448,31,Sunglasses,Female,Accessories,237.96,San Jose,L,Purple,Summer,3.7,No,Standard,Yes,Yes,3,Digital Wallet,Monthly,
2449,39,Lipstick,Female,Beauty,133.64,San Jose,XS,Gray,Fall,3.7,No,Free Shipping,No,No,2,Credit Card,Monthly,
2450,27,Jeans,Female,Clothing,85.69,Las Vegas,M,Blue,Summer,4.3,No,2-Day Shipping,Yes,Yes,4,Credit Card,Weekly,
2451,18,Lipstick,Male,Beauty,77.08,Denver,M,Blue,Spring,1.4,Yes,2-Day Shipping,No,No,4,Debit Card,Monthly,
2452,50,Body Lotion,Female,Beauty,84.29,San Jose,One Size,Green,Summer,4.0,No,2-Day Shipping,No,No,4,Credit Card,Bi-Weekly,
2453,24,Bluetooth Speaker,Male,Electronics,349.63,San Jose,S,Blue,Summer,3.4,Yes,Standard,No,No,8,Credit Card,Bi-Weekly,
2454,27,Sandals,Male,Footwear,179.27,Portland,M,Black,Fall,1.8,No,2-Day Shipping,No,No,3,Digital Wallet,Annually,
2455,59,Coffee Mug,Male,Home,174.53,San Diego,M,Navy,Summer,3.3,No,Free Shipping,Yes,Yes,1,Debit Card,Quarterly,
2456,41,Smartwatch,Male,Electronics,176.28,Seattle,M,Brown,Fall,3.7,No,Standard,No,No,4,Cash,Monthly,
2457,38,Backpack,Male,Accessories,147.7,Phoenix,M,Green,Winter,2.4,Yes,Standard,No,Yes,5,Digital Wallet,Monthly,
2458,45,Shorts,Male,Clothing,149.26,Denver,XS,Blue,Summer,3.2,No,Free Shipping,No,Yes,2,Debit Card,Monthly,
2459,34,Keyboard,Male,Electronics,385.52,Miami,M,Black,Spring,3.7,No,Express,Yes,Yes,3,Debit Card,Bi-Weekly,
2460,35,Smartwatch,Female,Electronics,354.03,New York,XS,Brown,Summer,4.3,Yes,Free Shipping,No,No,5,Credit Card,Monthly,
2461,52,Shorts,Female,Clothing,111.14,Phoenix,L,Navy,Fall,3.0,Yes,2-Day Shipping,No,No,5,Debit Card,Weekly,
2462,35,Sweater,Male,Clothing,78.93,Los Angeles,XS,Blue,Summer,2.7,No,Standard,Yes,Yes,1,Debit Card,Monthly,
2463,36,Shorts,Female,Clothing,26.39,Philadelphia,M,Black,Spring,2.6,Yes,Standard,No,No,5,Bank Transfer,Bi-Weekly,
2464,34,Heels,Female,Footwear,197.09,Denver,L,Yellow,Fall,4.5,Yes,Free Shipping,Yes,Yes,6,Credit Card,Monthly,
2465,18,Heels,Male,Footwear,47.15,New York,M,Pink,Summer,2.9,Yes,Standard,No,No,5,PayPal,Bi-Weekly,
2466,23,Coat,Female,Clothing,54.45,San Diego,XS,Blue,Fall,4.2,No,Standard,Yes,Yes,3,Debit Card,Annually,
2467,48,Jacket,Female,Clothing,177.95,Dallas,L,Navy,Fall,3.9,No,Standard,Yes,Yes,1,Cash,Monthly,
2468,36,Handbag,Female,Accessories,191.34,Denver,M,White,Fall,4.4,Yes,Standard,No,No,4,Credit Card,Quarterly,
2469,60,Shorts,Female,Clothing,101.93,San Diego,XL,Green,Spring,2.9,No,2-Day Shipping,Yes,Yes,2,Credit Card,Bi-Weekly,
2470,27,Heels,Female,Footwear,57.8,Chicago,S,Yellow,Summer,2.3,No,Standard,No,No,2,Digital Wallet,Quarterly,
2471,28,Heels,Male,Footwear,69.78,Los Angeles,L,Green,Spring,3.7,No,Standard,Yes,Yes,5,Cash,Bi-Weekly,
2472,32,Body Lotion,Female,Beauty,9.74,Jacksonville,S,Gray,Winter,3.2,Yes,Standard,Yes,Yes,5,Credit Card,Monthly,
2473,42,Boots,Female,Footwear,112.98,Jacksonville,M,Red,Winter,3.4,No,Free Shipping,No,No,3,Cash,Quarterly,
2474,28,Dress,Male,Clothing,52.8,San Antonio,S,Green,Fall,2.5,Yes,2-Day Shipping,No,Yes,6,Credit Card,Weekly,
2475,27,Body Lotion,Male,Beauty,64.24,Austin,M,Brown,Fall,4.7,Yes,Standard,No,Yes,2,Digital Wallet,Monthly,
2476,32,Coat,Female,Clothing,51.81,Houston,M,Yellow,Summer,3.7,Yes,Standard,No,No,3,Debit Card,Monthly,
2477,37,Body Lotion,Male,Beauty,75.21,Dallas,M,Purple,Spring,3.0,No,Standard,No,No,1,Bank Transfer,Bi-Weekly,
2478,26,Pillow,Male,Home,127.29,Detroit,XXL,Purple,Summer,3.4,Yes,Standard,No,No,7,Debit Card,Monthly,
2479,26,Power Bank,Male,Electronics,285.61,San Antonio,L,Navy,Summer,3.7,Yes,2-Day Shipping,No,No,5,PayPal,Monthly,
2480,33,Mouse,Male,Electronics,354.58,Houston,XS,Gray,Summer,4.8,No,Express,Yes,Yes,5,Credit Card,Monthly,
2481,32,Slippers,Male,Footwear,190.45,San Diego,XL,Red,Summer,5.0,No,Free Shipping,Yes,Yes,2,Credit Card,Quarterly,
2482,54,Skirt,Male,Clothing,134.89,San Diego,S,Blue,Winter,3.3,Yes,Free Shipping,No,No,7,PayPal,Monthly,
2483,37,Table Lamp,Female,Home,63.13,Chicago,S,Pink,Spring,2.4,No,2-Day Shipping,No,Yes,1,Cash,Weekly,
2484,41,Skirt,Male,Clothing,113.27,New York,S,Red,Summer,3.9,No,Next Day Air,Yes,Yes,4,PayPal,Quarterly,
2485,32,T-Shirt,Female,Clothing,177.65,Chicago,S,Yellow,Fall,5.0,No,Standard,No,No,4,Credit Card,Annually,
2486,42,Hoodie,Male,Clothing,129.72,Detroit,XL,White,Spring,4.5,No,Free Shipping,Yes,Yes,3,Cash,Quarterly,
2487,27,Dress,Male,Clothing,104.32,Atlanta,M,Purple,Winter,4.0,No,Next Day Air,No,Yes,2,Digital Wallet,Bi-Weekly,
2488,29,Loafers,Male,Footwear,99.39,Philadelphia,M,Yellow,Summer,3.7,No,Standard,Yes,Yes,6,Credit Card,Quarterly,
2489,32,Hoodie,Male,Clothing,47.16,San Antonio,M,Green,Spring,2.7,Yes,Free Shipping,No,No,7,Debit Card,Annually,
2490,43,Sandals,Female,Footwear,142.04,Portland,M,Red,Summer,2.4,No,2-Day Shipping,Yes,Yes,4,Credit Card,Monthly,
2491,51,Skirt,Female,Clothing,17.62,San Antonio,M,Pink,Winter,3.3,Yes,2-Day Shipping,No,No,4,Credit Card,Monthly,
2492,36,Jacket,Male,Clothing,123.96,Miami,L,Blue,Spring,4.4,No,Free Shipping,Yes,Yes,0,Debit Card,Quarterly,
2493,41,Mouse,Female,Electronics,20.05,Philadelphia,L,Gray,Fall,4.6,No,Free Shipping,No,Yes,2,Cash,Quarterly,
2494,30,Loafers,Male,Footwear,164.17,Boston,M,Gray,Fall,3.5,No,Free Shipping,No,Yes,2,Debit Card,Monthly,
2495,29,Handbag,Female,Accessories,132.25,Portland,M,Blue,Fall,3.8,Yes,Express,No,No,7,Debit Card,Bi-Weekly,
2496,46,Lipstick,Female,Beauty,102.56,Boston,M,Red,Spring,3.6,Yes,Free Shipping,Yes,Yes,7,Credit Card,Weekly,
2497,51,Slippers,Female,Footwear,148.54,Jacksonville,XL,Black,Spring,3.6,No,Standard,No,Yes,1,Credit Card,Bi-Weekly,
2498,48,Hoodie,Male,Clothing,158.23,Miami,S,Red,Spring,3.9,No,2-Day Shipping,Yes,Yes,4,Bank Transfer,Monthly,
2499,29,Jeans,Female,Clothing,53.29,San Diego,XL,Purple,Spring,4.6,No,2-Day Shipping,No,No,4,Debit Card,Quarterly,
2500,33,Belt,Male,Accessories,167.2,Jacksonville,M,White,Fall,3.8,No,Standard,Yes,Yes,4,PayPal,Quarterly,
2501,44,Bluetooth Speaker,Male,Electronics,275.89,Detroit,M,Brown,Winter,1.9,No,Next Day Air,No,No,6,Credit Card,Bi-Weekly,
2502,42,Curtain,Female,Home,60.35,Houston,XL,Navy,Summer,3.8,No,Express,No,No,2,Bank Transfer,Quarterly,
2503,20,Belt,Male,Accessories,123.09,Phoenix,M,Yellow,Winter,5.0,No,Free Shipping,Yes,Yes,0,Bank Transfer,Quarterly,
2504,47,Storage Box,Female,Home,91.33,Phoenix,L,Purple,Spring,3.1,No,2-Day Shipping,Yes,Yes,3,Credit Card,Bi-Weekly,
2505,25,Jacket,Male,Clothing,155.63,Las Vegas,XL,Purple,Spring,3.8,No,2-Day Shipping,No,No,4,Digital Wallet,Monthly,
2506,37,Power Bank,Female,Electronics,20.14,San Diego,M,Pink,Fall,5.0,Yes,Express,Yes,Yes,4,Digital Wallet,Weekly,
2507,28,Belt,Female,Accessories,168.6,San Jose,XS,White,Summer,2.7,No,Express,No,No,1,Credit Card,Monthly,
2508,37,Coat,Male,Clothing,27.02,Phoenix,L,Purple,Spring,4.7,Yes,Standard,No,No,5,Bank Transfer,Quarterly,
2509,50,Face Wash,Female,Beauty,91.37,Jacksonville,M,Navy,Fall,3.2,No,Standard,No,No,2,Bank Transfer,Quarterly,
2510,36,Heels,Female,Footwear,85.71,Los Angeles,M,Black,Winter,5.0,Yes,Free Shipping,No,No,4,Bank Transfer,Quarterly,
2511,25,T-Shirt,Female,Clothing,71.24,New York,S,White,Winter,4.3,No,Standard,No,No,3,Digital Wallet,Quarterly,
2512,51,Table Lamp,Female,Home,129.36,Los Angeles,M,White,Summer,3.9,Yes,Express,Yes,Yes,4,Credit Card,Quarterly,
2513,29,T-Shirt,Male,Clothing,55.1,Dallas,XL,White,Summer,4.3,Yes,Express,No,No,4,Credit Card,Bi-Weekly,
2514,22,Skirt,Male,Clothing,116.32,Los Angeles,M,Brown,Spring,3.4,Yes,Express,Yes,Yes,6,Digital Wallet,Monthly,
2515,43,Pillow,Female,Home,183.36,Austin,M,Blue,Fall,3.1,Yes,Free Shipping,Yes,Yes,4,Debit Card,Bi-Weekly,
2516,38,Face Cream,Male,Beauty,113.27,Jacksonville,M,Brown,Summer,3.4,No,Free Shipping,Yes,Yes,3,Credit Card,Monthly,
2517,18,Jeans,Female,Clothing,61.56,Detroit,S,Green,Winter,4.0,No,Free Shipping,No,Yes,6,Debit Card,Quarterly,
2518,48,Sweater,Male,Clothing,44.38,Philadelphia,L,Gray,Summer,2.0,Yes,2-Day Shipping,Yes,Yes,3,Debit Card,Monthly,
2519,18,Hoodie,Female,Clothing,20.51,Atlanta,XL,Navy,Summer,4.7,No,Standard,No,No,5,Bank Transfer,Bi-Weekly,
2520,69,T-Shirt,Male,Clothing,163.01,Denver,XL,Gray,Summer,3.7,Yes,2-Day Shipping,Yes,Yes,6,Debit Card,Monthly,
2521,43,Phone Case,Female,Electronics,381.3,Denver,L,Green,Spring,4.6,Yes,2-Day Shipping,No,No,4,Cash,Monthly,
2522,39,Dress,Male,Clothing,99.54,Portland,M,White,Fall,3.2,No,Free Shipping,No,No,0,Debit Card,Quarterly,
2523,38,Scarf,Female,Accessories,151.89,Philadelphia,S,Blue,Spring,3.2,No,Next Day Air,Yes,Yes,7,Cash,Bi-Weekly,
2524,65,Shampoo,Male,Beauty,108.18,Denver,L,Black,Fall,4.0,Yes,Express,Yes,Yes,5,Debit Card,Monthly,
2525,21,Lipstick,Male,Beauty,125.17,Las Vegas,XS,Blue,Winter,5.0,No,Standard,Yes,Yes,3,PayPal,Monthly,
2526,57,Boots,Female,Footwear,133.66,Jacksonville,S,Yellow,Summer,4.8,No,Standard,Yes,Yes,1,PayPal,Weekly,
2527,51,T-Shirt,Female,Clothing,23.36,Houston,L,Pink,Fall,3.7,No,2-Day Shipping,Yes,Yes,5,Credit Card,Bi-Weekly,
2528,18,Mouse,Male,Electronics,189.25,Portland,L,Yellow,Spring,2.8,No,Express,Yes,Yes,1,Digital Wallet,Quarterly,
2529,19,Storage Box,Male,Home,97.89,Los Angeles,L,White,Spring,4.8,Yes,Free Shipping,No,No,2,Cash,Quarterly,
2530,43,Face Cream,Male,Beauty,23.02,Jacksonville,XXL,Yellow,Summer,4.0,No,Next Day Air,No,No,2,Cash,Quarterly,
2531,37,T-Shirt,Female,Clothing,55.63,Jacksonville,M,Pink,Spring,5.0,Yes,Standard,No,No,5,Cash,Bi-Weekly,
2532,20,Curtain,Female,Home,53.72,Jacksonville,XXL,Gray,Spring,3.1,No,2-Day Shipping,No,No,3,Debit Card,Bi-Weekly,
2533,59,Shorts,Male,Clothing,91.15,Houston,S,Brown,Fall,2.6,No,Standard,No,No,2,Debit Card,Monthly,
2534,18,Running Shoes,Female,Footwear,192.83,New York,L,Yellow,Fall,3.5,Yes,Free Shipping,Yes,Yes,3,Digital Wallet,Bi-Weekly,
2535,46,Hoodie,Male,Clothing,125.18,Philadelphia,L,Purple,Summer,3.0,No,Standard,No,Yes,0,Debit Card,Monthly,
2536,44,Coat,Male,Clothing,154.85,Chicago,M,Pink,Winter,4.1,No,2-Day Shipping,No,No,4,Credit Card,Monthly,
2537,37,Shampoo,Male,Beauty,26.67,New York,M,Yellow,Winter,3.7,Yes,Express,No,No,4,Bank Transfer,Monthly,
2538,42,Slippers,Non-Binary,Footwear,168.57,Austin,M,Navy,Fall,3.8,Yes,Standard,No,No,3,Debit Card,Monthly,
2539,52,Boots,Female,Footwear,129.17,San Jose,S,Gray,Winter,3.8,No,2-Day Shipping,No,No,4,Debit Card,Annually,
2540,57,Running Shoes,Male,Footwear,41.21,Atlanta,XL,Navy,Fall,4.8,Yes,Standard,No,No,7,PayPal,Monthly,
2541,18,Makeup Kit,Female,Beauty,52.31,Austin,M,Gray,Summer,4.2,No,Standard,No,No,5,Debit Card,Monthly,
2542,42,Storage Box,Female,Home,136.17,Denver,L,Yellow,Winter,4.0,No,Standard,No,No,1,Digital Wallet,Quarterly,
2543,23,Table Lamp,Female,Home,165.98,Philadelphia,S,Purple,Winter,2.5,No,Free Shipping,No,No,4,Debit Card,Monthly,
2544,61,Dress,Female,Clothing,87.24,Atlanta,L,Pink,Summer,4.2,No,Standard,No,No,4,Digital Wallet,Annually,
2545,51,Phone Case,Female,Electronics,27.3,Chicago,S,Pink,Spring,4.9,No,Express,Yes,Yes,1,Debit Card,Monthly,
2546,75,Jeans,Male,Clothing,92.27,Denver,M,Green,Fall,4.4,No,Express,No,No,1,Credit Card,Weekly,
2547,41,Dress,Female,Clothing,151.38,Las Vegas,M,Blue,Winter,4.7,No,Standard,Yes,Yes,5,Debit Card,Quarterly,
2548,28,Watch,Male,Accessories,182.94,San Antonio,M,Yellow,Spring,3.0,No,Standard,Yes,Yes,4,Cash,Monthly,
2549,30,Sunglasses,Male,Accessories,104.59,Denver,L,Red,Fall,3.7,No,Free Shipping,No,No,4,Credit Card,Monthly,
2550,52,Sandals,Male,Footwear,158.23,Portland,S,Red,Fall,2.2,No,2-Day Shipping,No,No,2,Credit Card,Bi-Weekly,
2551,20,Loafers,Non-Binary,Footwear,143.46,Houston,M,Purple,Winter,2.9,No,Standard,No,No,1,PayPal,Monthly,
2552,44,Storage Box,Female,Home,105.25,New York,L,Gray,Winter,3.7,No,Express,Yes,Yes,6,Cash,Monthly,
2553,18,Power Bank,Male,Electronics,423.09,Dallas,XXL,White,Summer,4.2,Yes,Next Day Air,Yes,Yes,9,Debit Card,Quarterly,
2554,28,Curtain,Male,Home,195.96,San Antonio,XL,Green,Fall,3.9,Yes,Free Shipping,No,Yes,4,Credit Card,Monthly,
2555,24,Jacket,Male,Clothing,81.1,Jacksonville,M,Green,Winter,3.6,Yes,Express,No,Yes,6,Debit Card,Weekly,
2556,45,Phone Case,Male,Electronics,73.54,Jacksonville,S,White,Spring,3.0,No,Free Shipping,No,No,2,Credit Card,Bi-Weekly,
2557,18,Hat,Male,Accessories,176.61,Boston,M,Blue,Fall,3.4,Yes,2-Day Shipping,Yes,Yes,7,Digital Wallet,Monthly,
2558,38,Slippers,Female,Footwear,155.76,San Antonio,L,Yellow,Summer,3.9,Yes,Standard,No,No,8,Debit Card,Quarterly,
2559,22,Curtain,Male,Home,77.55,Detroit,XL,Gray,Winter,3.1,No,Express,Yes,Yes,4,Debit Card,Quarterly,
2560,38,Sunglasses,Non-Binary,Accessories,217.64,Portland,M,White,Fall,4.3,No,2-Day Shipping,Yes,Yes,2,Credit Card,Quarterly,
2561,24,Dress,Female,Clothing,105.43,Miami,L,Green,Spring,3.2,No,Express,No,No,5,Debit Card,Weekly,
2562,57,Face Cream,Female,Beauty,17.88,Los Angeles,L,White,Summer,3.1,Yes,Free Shipping,No,No,5,Digital Wallet,Monthly,
2563,49,Coat,Female,Clothing,53.9,Philadelphia,M,Brown,Winter,3.0,No,2-Day Shipping,Yes,Yes,5,PayPal,Monthly,
2564,25,Perfume,Female,Beauty,14.74,Philadelphia,M,Gray,Summer,4.2,No,Free Shipping,No,No,4,Bank Transfer,Monthly,
2565,33,Shorts,Female,Clothing,45.82,Seattle,S,Green,Summer,4.1,Yes,Standard,Yes,Yes,2,Debit Card,Monthly,
2566,36,Hat,Male,Accessories,136.45,Boston,S,Green,Winter,4.6,No,Standard,No,No,5,Bank Transfer,Weekly,
2567,31,Jeans,Male,Clothing,115.05,Houston,L,White,Summer,3.7,Yes,2-Day Shipping,Yes,Yes,5,Debit Card,Bi-Weekly,
2568,24,Loafers,Female,Footwear,88.5,New York,S,Yellow,Spring,4.2,Yes,2-Day Shipping,No,Yes,10,Digital Wallet,Bi-Weekly,
2569,40,Sunglasses,Male,Accessories,182.74,Atlanta,L,Green,Fall,4.3,No,Standard,Yes,Yes,3,Credit Card,Quarterly,
2570,23,T-Shirt,Male,Clothing,81.15,Jacksonville,XS,Red,Spring,3.5,No,Next Day Air,No,No,3,Credit Card,Quarterly,
2571,27,Dress,Male,Clothing,42.8,Miami,S,Red,Spring,3.4,No,Standard,No,No,2,Debit Card,Weekly,
2572,51,T-Shirt,Male,Clothing,31.9,New York,L,Gray,Spring,2.6,No,2-Day Shipping,No,Yes,1,Digital Wallet,Bi-Weekly,
2573,50,Bedsheet,Female,Home,84.62,Atlanta,XL,Blue,Winter,3.7,Yes,Next Day Air,Yes,Yes,7,Bank Transfer,Weekly,
2574,26,Face Cream,Male,Beauty,115.83,San Antonio,XXL,Purple,Winter,4.7,Yes,Standard,Yes,Yes,3,Credit Card,Monthly,
2575,48,Dress,Female,Clothing,120.49,Detroit,M,Brown,Summer,2.8,Yes,Free Shipping,No,No,4,Cash,Monthly,
2576,34,Bedsheet,Female,Home,91.07,Austin,M,Brown,Winter,5.0,No,Standard,Yes,Yes,3,Bank Transfer,Annually,
2577,40,Handbag,Male,Accessories,226.69,Jacksonville,S,Black,Winter,3.8,Yes,Standard,No,No,9,Cash,Monthly,
2578,29,Dress,Male,Clothing,106.56,Denver,L,Green,Spring,4.0,No,Standard,Yes,Yes,2,PayPal,Bi-Weekly,
2579,44,Power Bank,Male,Electronics,112.96,Seattle,M,Blue,Winter,2.2,No,Standard,Yes,Yes,7,Credit Card,Bi-Weekly,
2580,36,T-Shirt,Female,Clothing,158.31,Detroit,M,Pink,Fall,3.9,No,2-Day Shipping,No,No,3,Debit Card,Monthly,
2581,48,Coat,Male,Clothing,86.7,Phoenix,M,Black,Summer,3.4,Yes,Next Day Air,No,Yes,5,Credit Card,Bi-Weekly,
2582,33,Hat,Non-Binary,Accessories,87.58,Phoenix,M,Yellow,Winter,2.6,No,Standard,No,No,2,PayPal,Monthly,
2583,37,Running Shoes,Female,Footwear,88.5,Detroit,S,Navy,Winter,4.0,No,Express,Yes,Yes,3,Credit Card,Quarterly,
2584,61,Coat,Female,Clothing,178.3,Los Angeles,XL,Gray,Winter,3.0,Yes,Free Shipping,No,No,7,Credit Card,Quarterly,
2585,33,Shorts,Male,Clothing,44.38,Las Vegas,L,Green,Fall,3.2,Yes,Express,Yes,Yes,3,Credit Card,Bi-Weekly,
2586,30,Pillow,Female,Home,188.58,Denver,L,Yellow,Summer,4.2,No,Next Day Air,No,No,9,Debit Card,Monthly,
2587,35,Headphones,Female,Electronics,407.26,Las Vegas,L,Blue,Winter,3.9,Yes,Free Shipping,Yes,Yes,8,Bank Transfer,Quarterly,
2588,45,Face Cream,Male,Beauty,42.44,Phoenix,XL,Green,Winter,5.0,Yes,Standard,No,No,4,Debit Card,Bi-Weekly,
2589,51,Belt,Male,Accessories,246.13,Boston,XXL,White,Spring,2.7,No,Standard,No,No,5,Bank Transfer,Bi-Weekly,
2590,41,Shorts,Female,Clothing,72.96,Philadelphia,M,Navy,Winter,4.3,No,Standard,Yes,Yes,5,Debit Card,Quarterly,
2591,45,Wallet,Female,Accessories,151.37,Miami,L,Navy,Fall,3.7,Yes,Express,Yes,Yes,5,Debit Card,Monthly,
2592,60,Table Lamp,Female,Home,32.14,Houston,M,Navy,Winter,3.1,No,Next Day Air,No,No,1,Credit Card,Bi-Weekly,
2593,29,Cushion,Male,Home,85.56,Miami,L,Green,Summer,3.7,No,2-Day Shipping,Yes,Yes,0,Credit Card,Monthly,
2594,70,Watch,Female,Accessories,137.12,Philadelphia,L,Green,Spring,4.4,No,Standard,No,No,3,Credit Card,Annually,
2595,46,Hoodie,Male,Clothing,75.61,Las Vegas,M,Brown,Spring,3.8,Yes,Free Shipping,No,No,5,Credit Card,Bi-Weekly,
2596,39,Belt,Female,Accessories,156.31,Phoenix,L,Red,Spring,2.5,Yes,Standard,No,No,5,PayPal,Monthly,
2597,26,Storage Box,Male,Home,35.34,Los Angeles,XXL,Green,Winter,3.1,No,Free Shipping,No,No,3,Digital Wallet,Monthly,
2598,42,Keyboard,Non-Binary,Electronics,272.85,Phoenix,XXL,Yellow,Winter,5.0,No,Next Day Air,No,Yes,2,PayPal,Monthly,
2599,28,T-Shirt,Male,Clothing,142.85,Boston,XL,Black,Winter,2.7,No,Express,No,Yes,3,Digital Wallet,Quarterly,
2600,43,Dress,Male,Clothing,154.18,Philadelphia,M,Purple,Spring,5.0,Yes,Next Day Air,No,No,4,Debit Card,Annually,
2601,41,T-Shirt,Male,Clothing,144.04,Chicago,S,Red,Fall,4.6,Yes,Free Shipping,No,No,3,Digital Wallet,Annually,
2602,19,Hoodie,Female,Clothing,135.59,Miami,L,Pink,Spring,4.4,Yes,Standard,No,No,10,Debit Card,Annually,
2603,54,Heels,Male,Footwear,172.33,Philadelphia,S,Green,Spring,4.5,No,Express,Yes,Yes,0,Digital Wallet,Monthly,
2604,48,Wallet,Female,Accessories,169.77,Houston,L,Black,Spring,3.6,No,Express,No,Yes,4,Cash,Monthly,
2605,33,Scarf,Male,Accessories,36.74,Chicago,XL,Red,Summer,2.5,No,Standard,No,No,5,Credit Card,Monthly,
2606,60,Lipstick,Female,Beauty,70.01,Seattle,L,Blue,Spring,5.0,Yes,2-Day Shipping,Yes,Yes,5,PayPal,Quarterly,
2607,53,Hat,Female,Accessories,14.31,Austin,XXL,Black,Winter,4.5,Yes,Free Shipping,Yes,Yes,6,Credit Card,Monthly,
2608,36,Coat,Female,Clothing,103.72,Jacksonville,L,Red,Summer,3.1,No,Standard,Yes,Yes,7,Debit Card,Weekly,
2609,69,Dress,Male,Clothing,59.89,Houston,L,Yellow,Winter,3.8,Yes,Express,No,No,4,Debit Card,Monthly,
2610,42,Keyboard,Female,Electronics,278.66,Dallas,M,Red,Spring,4.8,Yes,Express,Yes,Yes,5,Credit Card,Weekly,
2611,47,Phone Case,Female,Electronics,343.19,Chicago,XL,Purple,Fall,3.2,Yes,Standard,No,Yes,2,Bank Transfer,Monthly,
2612,30,Body Lotion,Male,Beauty,71.05,Atlanta,S,Black,Summer,3.3,Yes,Standard,No,Yes,3,Cash,Quarterly,
2613,31,Pillow,Female,Home,123.49,Seattle,S,Brown,Spring,3.4,Yes,Free Shipping,No,No,5,Credit Card,Monthly,
2614,29,Boots,Female,Footwear,73.79,New York,L,Black,Spring,5.0,No,Free Shipping,Yes,Yes,3,Credit Card,Annually,
2615,68,Jeans,Female,Clothing,37.51,Detroit,XS,Gray,Summer,3.4,No,Standard,No,Yes,4,Credit Card,Quarterly,
2616,52,Running Shoes,Male,Footwear,196.75,Detroit,L,White,Spring,4.6,Yes,Standard,Yes,Yes,3,Digital Wallet,Annually,
2617,46,Skirt,Female,Clothing,132.59,New York,L,Navy,Summer,4.4,Yes,Standard,No,No,2,PayPal,Quarterly,
2618,47,Bedsheet,Male,Home,64.27,Austin,XL,Brown,Fall,2.9,Yes,Standard,No,Yes,6,Digital Wallet,Monthly,
2619,38,Cushion,Male,Home,181.1,Las Vegas,M,Red,Winter,3.4,Yes,Free Shipping,Yes,Yes,8,Credit Card,Bi-Weekly,
2620,44,Bluetooth Speaker,Female,Electronics,231.1,Dallas,S,Brown,Winter,3.6,No,Free Shipping,No,No,0,Debit Card,Annually,
2621,56,Power Bank,Male,Electronics,374.45,San Diego,M,Black,Spring,4.6,No,Standard,No,No,5,PayPal,Weekly,
2622,33,Smartwatch,Female,Electronics,374.77,Detroit,S,Blue,Summer,4.0,No,Next Day Air,No,No,4,Debit Card,Annually,
2623,24,Sneakers,Male,Footwear,93.83,Houston,M,Green,Fall,3.6,Yes,Free Shipping,No,No,2,Cash,Monthly,
2624,31,Scarf,Female,Accessories,237.38,Austin,M,Purple,Summer,4.2,Yes,Express,No,No,3,PayPal,Quarterly,
2625,26,T-Shirt,Female,Clothing,109.61,Seattle,L,Purple,Fall,5.0,No,2-Day Shipping,Yes,Yes,5,PayPal,Quarterly,
2626,34,Bluetooth Speaker,Female,Electronics,425.44,San Jose,L,Brown,Summer,3.2,No,2-Day Shipping,Yes,Yes,3,Cash,Monthly,
2627,21,Watch,Female,Accessories,226.72,Philadelphia,L,Blue,Fall,3.9,No,2-Day Shipping,No,Yes,2,Digital Wallet,Bi-Weekly,
2628,49,Sweater,Male,Clothing,168.35,Atlanta,L,Purple,Fall,4.2,No,Standard,No,No,0,Debit Card,Monthly,
2629,43,Face Cream,Female,Beauty,148.97,Atlanta,XS,Green,Spring,4.6,Yes,Free Shipping,No,No,5,Credit Card,Monthly,
2630,40,T-Shirt,Male,Clothing,141.36,New York,S,Green,Summer,3.4,Yes,Next Day Air,No,No,7,PayPal,Monthly,
2631,35,Sandals,Female,Footwear,93.29,Austin,M,Yellow,Winter,4.1,No,2-Day Shipping,No,No,3,Debit Card,Annually,
2632,43,Shorts,Female,Clothing,99.11,Philadelphia,M,Purple,Spring,3.6,No,2-Day Shipping,Yes,Yes,2,Bank Transfer,Quarterly,
2633,36,Dress,Male,Clothing,62.3,San Diego,M,Pink,Spring,2.7,No,Next Day Air,No,No,4,Bank Transfer,Monthly,
2634,44,Makeup Kit,Male,Beauty,104.75,New York,L,Red,Summer,4.0,No,2-Day Shipping,No,No,6,Bank Transfer,Bi-Weekly,
2635,53,Sweater,Female,Clothing,31.76,San Diego,M,Yellow,Winter,3.9,No,Express,Yes,Yes,2,Debit Card,Weekly,
2636,57,Running Shoes,Male,Footwear,28.19,Austin,S,Blue,Spring,3.6,Yes,2-Day Shipping,No,No,1,Credit Card,Annually,
2637,35,Jacket,Male,Clothing,70.67,Dallas,L,Green,Summer,3.0,No,Standard,Yes,Yes,6,Credit Card,Bi-Weekly,
2638,53,Smartwatch,Female,Electronics,334.55,Miami,XS,Gray,Spring,3.4,No,Free Shipping,Yes,Yes,1,Digital Wallet,Monthly,
2639,30,Loafers,Male,Footwear,176.2,Phoenix,S,White,Fall,5.0,No,Standard,No,Yes,3,Bank Transfer,Monthly,
2640,31,Sweater,Male,Clothing,37.6,Jacksonville,L,Brown,Spring,3.7,Yes,Free Shipping,Yes,Yes,2,Bank Transfer,Monthly,
2641,28,Perfume,Male,Beauty,37.68,Atlanta,M,Red,Winter,3.5,No,Express,No,No,1,Debit Card,Bi-Weekly,
2642,42,Shorts,Female,Clothing,148.52,Atlanta,XL,Brown,Fall,3.4,No,Next Day Air,No,No,2,Bank Transfer,Quarterly,
2643,28,Running Shoes,Male,Footwear,105.77,Miami,XS,Blue,Winter,3.0,No,Standard,No,No,3,Credit Card,Monthly,
2644,33,Perfume,Male,Beauty,30.92,Miami,M,Green,Fall,3.1,Yes,Express,Yes,Yes,5,Debit Card,Weekly,
2645,20,Running Shoes,Female,Footwear,180.28,Detroit,S,Yellow,Spring,3.7,Yes,2-Day Shipping,No,No,4,Debit Card,Quarterly,
2646,42,Heels,Female,Footwear,174.95,Las Vegas,M,White,Winter,3.6,Yes,Standard,No,No,3,Credit Card,Monthly,
2647,38,Perfume,Female,Beauty,128.46,Miami,XS,Blue,Spring,4.2,No,2-Day Shipping,No,No,3,Debit Card,Quarterly,
2648,50,Bluetooth Speaker,Male,Electronics,106.64,Portland,S,Black,Winter,4.5,Yes,Next Day Air,Yes,Yes,5,Digital Wallet,Quarterly,
2649,33,Jacket,Female,Clothing,176.1,Chicago,XS,Green,Fall,4.6,No,Standard,No,No,1,Credit Card,Monthly,
2650,49,Shampoo,Female,Beauty,46.81,Dallas,XL,Black,Spring,2.0,No,2-Day Shipping,Yes,Yes,1,Bank Transfer,Monthly,
2651,33,Face Cream,Male,Beauty,101.59,Los Angeles,S,Red,Winter,4.3,Yes,Standard,No,No,2,Credit Card,Weekly,
2652,18,Shorts,Female,Clothing,102.83,Atlanta,XL,Yellow,Winter,5.0,No,Free Shipping,No,No,4,Cash,Annually,
2653,58,Slippers,Female,Footwear,168.01,Detroit,L,Blue,Fall,4.1,No,Express,No,No,3,PayPal,Monthly,
2654,43,Mouse,Female,Electronics,237.91,Denver,L,Blue,Spring,3.9,No,Next Day Air,No,No,3,Credit Card,Quarterly,
2655,38,Power Bank,Male,Electronics,257.58,San Diego,L,Black,Fall,5.0,Yes,Free Shipping,No,No,0,Debit Card,Weekly,
2656,18,Face Wash,Female,Beauty,147.19,Miami,L,Purple,Summer,3.4,No,Standard,Yes,Yes,2,Digital Wallet,Monthly,
2657,34,Body Lotion,Male,Beauty,26.49,Las Vegas,XL,Yellow,Fall,4.6,No,Free Shipping,No,No,2,Digital Wallet,Quarterly,
2658,38,Running Shoes,Male,Footwear,57.31,Seattle,XXL,White,Summer,3.3,Yes,Express,No,No,4,Credit Card,Weekly,
2659,27,Lipstick,Female,Beauty,125.51,Detroit,L,Black,Spring,3.9,No,2-Day Shipping,No,Yes,2,Credit Card,Monthly,
2660,48,Belt,Male,Accessories,49.55,San Diego,M,White,Summer,3.4,No,Free Shipping,No,Yes,4,Credit Card,Quarterly,
2661,33,Shorts,Male,Clothing,153.39,Los Angeles,L,Blue,Winter,5.0,Yes,Free Shipping,Yes,Yes,6,PayPal,Bi-Weekly,
2662,38,Sneakers,Male,Footwear,200.13,Dallas,XL,Yellow,Summer,3.9,No,Next Day Air,No,No,3,Credit Card,Bi-Weekly,
2663,35,Coat,Male,Clothing,139.54,Houston,XL,Brown,Summer,2.9,No,Standard,No,No,3,Cash,Monthly,
2664,41,Coat,Male,Clothing,60.51,Boston,XL,Navy,Winter,3.9,No,Express,Yes,Yes,2,Bank Transfer,Weekly,
2665,27,Table Lamp,Female,Home,114.37,Detroit,S,Yellow,Spring,4.3,No,Express,No,No,7,Digital Wallet,Monthly,
2666,29,Curtain,Female,Home,16.56,Los Angeles,S,Pink,Fall,2.9,No,Standard,Yes,Yes,1,Credit Card,Monthly,
2667,27,Phone Case,Female,Electronics,118.62,Chicago,M,White,Fall,3.1,No,Standard,No,No,2,Debit Card,Bi-Weekly,
2668,28,Wallet,Male,Accessories,148.1,Houston,XXL,Pink,Spring,3.7,No,Standard,Yes,Yes,5,Cash,Weekly,
2669,21,Shampoo,Male,Beauty,39.91,Los Angeles,XL,Pink,Winter,4.0,Yes,Next Day Air,No,No,0,Credit Card,Monthly,
2670,42,Phone Case,Female,Electronics,275.45,San Diego,S,Black,Summer,2.8,Yes,Free Shipping,No,No,5,PayPal,Monthly,
2671,39,Bedsheet,Female,Home,193.83,Atlanta,XXL,Gray,Summer,4.2,No,Standard,No,No,1,Debit Card,Quarterly,
2672,29,Headphones,Male,Electronics,173.36,Jacksonville,L,Green,Summer,4.8,Yes,Standard,Yes,Yes,10,PayPal,Monthly,
2673,42,Cushion,Non-Binary,Home,148.72,Atlanta,S,Pink,Winter,5.0,Yes,2-Day Shipping,No,No,4,Credit Card,Monthly,
2674,26,Hoodie,Male,Clothing,164.46,Houston,M,Black,Fall,3.0,No,Standard,Yes,Yes,4,Digital Wallet,Quarterly,
2675,41,Slippers,Male,Footwear,151.07,Los Angeles,L,Yellow,Spring,3.6,Yes,Standard,Yes,Yes,4,Cash,Quarterly,
2676,39,Jacket,Male,Clothing,27.88,Philadelphia,M,Pink,Summer,4.4,No,Standard,No,No,2,Debit Card,Bi-Weekly,
2677,37,Shorts,Female,Clothing,155.11,Atlanta,M,Purple,Fall,4.0,Yes,Free Shipping,Yes,Yes,3,PayPal,Monthly,
2678,40,Loafers,Non-Binary,Footwear,109.76,Detroit,L,Navy,Summer,3.0,No,2-Day Shipping,No,Yes,2,Credit Card,Monthly,
2679,48,Jacket,Female,Clothing,148.89,Seattle,M,Green,Fall,1.8,No,Standard,No,No,2,Credit Card,Weekly,
2680,37,Sweater,Female,Clothing,108.2,Boston,S,Blue,Spring,3.9,No,Free Shipping,No,No,2,Bank Transfer,Bi-Weekly,
2681,29,Handbag,Male,Accessories,195.13,Miami,S,Red,Spring,3.8,Yes,Standard,Yes,Yes,1,Debit Card,Quarterly,
2682,53,Sandals,Female,Footwear,105.66,Chicago,M,White,Spring,4.1,Yes,Free Shipping,No,No,9,Digital Wallet,Monthly,
2683,30,Sweater,Male,Clothing,33.23,San Diego,M,Gray,Winter,5.0,No,Express,Yes,Yes,1,Credit Card,Monthly,
2684,53,T-Shirt,Male,Clothing,132.06,Phoenix,M,Pink,Summer,3.3,No,Next Day Air,No,No,2,Debit Card,Weekly,
2685,21,Cushion,Male,Home,19.09,San Jose,L,Green,Fall,3.2,Yes,Express,No,No,3,Debit Card,Monthly,
2686,30,Table Lamp,Female,Home,97.29,Los Angeles,M,Purple,Spring,3.6,No,2-Day Shipping,No,No,5,PayPal,Monthly,
2687,21,Shampoo,Female,Beauty,10.71,Philadelphia,L,Black,Fall,2.5,No,Next Day Air,Yes,Yes,2,Credit Card,Monthly,
2688,45,Handbag,Male,Accessories,163.93,Miami,L,Brown,Spring,3.5,No,Standard,No,No,2,PayPal,Bi-Weekly,
2689,48,Face Cream,Male,Beauty,94.34,Miami,XL,Pink,Fall,4.0,Yes,Express,Yes,Yes,10,Credit Card,Weekly,
2690,66,Phone Case,Male,Electronics,270.15,San Antonio,M,White,Summer,3.1,Yes,Express,Yes,Yes,3,Debit Card,Monthly,
2691,64,Skirt,Male,Clothing,43.85,Austin,L,Red,Fall,4.8,Yes,Express,Yes,Yes,4,Credit Card,Quarterly,
2692,41,Hoodie,Male,Clothing,50.22,Detroit,M,Red,Fall,2.9,No,Standard,No,Yes,3,Debit Card,Monthly,
2693,36,Curtain,Male,Home,95.49,Austin,L,Green,Winter,3.8,No,Free Shipping,Yes,Yes,5,Debit Card,Bi-Weekly,
2694,37,Jacket,Female,Clothing,172.32,Los Angeles,S,White,Winter,3.8,No,2-Day Shipping,Yes,Yes,2,Digital Wallet,Quarterly,
2695,36,Backpack,Male,Accessories,61.47,Jacksonville,L,Gray,Winter,4.7,Yes,Standard,Yes,Yes,9,Cash,Quarterly,
2696,31,Wallet,Female,Accessories,165.08,Dallas,S,Gray,Spring,3.5,No,2-Day Shipping,Yes,Yes,2,PayPal,Quarterly,
2697,41,Skirt,Female,Clothing,55.48,Phoenix,L,Black,Spring,2.9,Yes,Express,No,No,3,Cash,Monthly,
2698,47,Sandals,Female,Footwear,216.96,Seattle,L,Brown,Winter,3.7,No,2-Day Shipping,No,No,1,Cash,Monthly,
2699,18,Jeans,Male,Clothing,105.95,San Jose,L,Red,Summer,3.7,Yes,Standard,No,No,2,Debit Card,Monthly,
2700,39,Hoodie,Male,Clothing,70.32,Philadelphia,M,Brown,Spring,4.5,No,Express,Yes,Yes,3,Digital Wallet,Monthly,
2701,24,Handbag,Male,Accessories,90.74,San Antonio,L,Gray,Spring,3.6,Yes,Next Day Air,Yes,Yes,9,Digital Wallet,Bi-Weekly,
2702,36,Backpack,Female,Accessories,224.97,San Jose,M,Gray,Summer,2.8,Yes,Standard,Yes,Yes,4,Debit Card,Monthly,
2703,29,Lipstick,Male,Beauty,89.44,Philadelphia,L,Brown,Winter,5.0,No,Standard,No,Yes,0,Digital Wallet,Quarterly,
2704,41,Jacket,Female,Clothing,21.88,Chicago,S,Black,Spring,4.5,No,2-Day Shipping,Yes,Yes,5,PayPal,Monthly,
2705,45,Heels,Male,Footwear,122.89,San Antonio,S,Brown,Winter,4.6,Yes,Free Shipping,No,No,6,Debit Card,Quarterly,
2706,36,Face Wash,Male,Beauty,113.14,Detroit,XXL,White,Spring,3.7,No,Free Shipping,No,No,1,Credit Card,Quarterly,
2707,38,Scarf,Female,Accessories,211.65,San Jose,XL,Purple,Summer,3.6,No,Standard,No,No,1,Digital Wallet,Quarterly,
2708,30,Jeans,Female,Clothing,88.24,Seattle,M,Purple,Spring,5.0,No,Standard,Yes,Yes,2,Credit Card,Bi-Weekly,
2709,34,T-Shirt,Female,Clothing,139.69,Detroit,M,Navy,Summer,2.8,No,Standard,No,No,2,PayPal,Monthly,
2710,39,Dress,Female,Clothing,170.38,Los Angeles,S,Gray,Winter,3.6,No,2-Day Shipping,Yes,Yes,3,Debit Card,Monthly,
2711,58,Dress,Male,Clothing,125.0,Phoenix,L,Gray,Summer,3.3,No,Standard,Yes,Yes,4,Credit Card,Quarterly,
2712,18,Table Lamp,Female,Home,35.89,Austin,M,White,Winter,5.0,Yes,Next Day Air,No,Yes,5,PayPal,Quarterly,
2713,44,Slippers,Female,Footwear,150.01,Detroit,L,White,Summer,4.1,Yes,2-Day Shipping,No,No,0,Credit Card,Quarterly,
2714,26,Handbag,Female,Accessories,147.63,Portland,L,Yellow,Summer,2.7,No,Standard,Yes,Yes,3,Credit Card,Quarterly,
2715,43,Pillow,Female,Home,126.59,Denver,XL,Red,Fall,3.2,Yes,Express,No,No,4,Bank Transfer,Annually,
2716,41,Mouse,Male,Electronics,169.33,Dallas,M,Pink,Spring,2.6,No,Standard,No,No,2,Credit Card,Bi-Weekly,
2717,52,Watch,Female,Accessories,189.54,Houston,L,Yellow,Summer,3.2,No,2-Day Shipping,Yes,Yes,0,Debit Card,Quarterly,
2718,33,Jacket,Female,Clothing,15.81,Austin,XS,Purple,Summer,2.6,No,2-Day Shipping,No,No,0,Debit Card,Quarterly,
2719,26,Sandals,Female,Footwear,161.13,Houston,XL,White,Winter,4.0,Yes,Express,No,Yes,4,Credit Card,Quarterly,
2720,31,Face Wash,Male,Beauty,10.17,Los Angeles,L,Gray,Spring,3.7,No,2-Day Shipping,Yes,Yes,2,Credit Card,Monthly,
2721,18,Curtain,Non-Binary,Home,182.75,San Jose,XS,Navy,Summer,3.6,Yes,Next Day Air,No,No,4,Debit Card,Monthly,
2722,47,Pillow,Female,Home,110.87,Las Vegas,M,Gray,Summer,5.0,Yes,Standard,Yes,Yes,3,Credit Card,Weekly,
2723,36,Cushion,Female,Home,62.1,San Jose,S,Pink,Spring,4.0,Yes,Standard,No,No,2,Credit Card,Monthly,
2724,37,Hat,Female,Accessories,147.94,Las Vegas,XXL,White,Winter,4.0,No,Next Day Air,No,No,1,PayPal,Weekly,
2725,24,Dress,Female,Clothing,44.94,Miami,L,Yellow,Spring,3.5,Yes,Free Shipping,No,No,10,Credit Card,Weekly,
2726,21,Boots,Female,Footwear,177.33,Seattle,XL,Brown,Fall,4.1,Yes,Express,No,No,3,Bank Transfer,Monthly,
2727,46,Heels,Male,Footwear,34.12,San Diego,M,White,Fall,2.8,No,2-Day Shipping,Yes,Yes,4,Cash,Quarterly,
2728,26,Belt,Female,Accessories,12.39,Jacksonville,XL,Gray,Winter,5.0,No,Standard,No,No,2,Credit Card,Weekly,
2729,51,Curtain,Female,Home,115.24,Atlanta,M,Purple,Winter,2.8,No,Free Shipping,No,No,3,PayPal,Quarterly,
2730,18,Loafers,Female,Footwear,197.51,Detroit,L,Black,Summer,5.0,Yes,Standard,No,No,7,Cash,Monthly,
2731,57,Shorts,Female,Clothing,104.32,Dallas,XL,Red,Winter,3.4,No,2-Day Shipping,No,No,0,Bank Transfer,Quarterly,
2732,44,Wallet,Female,Accessories,48.4,Jacksonville,XL,Gray,Summer,3.6,No,Standard,Yes,Yes,5,Cash,Monthly,
2733,51,Loafers,Female,Footwear,189.57,Atlanta,M,Pink,Fall,3.2,Yes,Standard,No,No,2,Digital Wallet,Bi-Weekly,
2734,36,Face Cream,Female,Beauty,67.38,New York,L,Purple,Summer,3.2,Yes,2-Day Shipping,No,No,5,PayPal,Weekly,
2735,20,Sneakers,Female,Footwear,201.54,Denver,M,Brown,Spring,4.5,Yes,Free Shipping,No,No,5,Credit Card,Monthly,
2736,38,Bluetooth Speaker,Female,Electronics,216.19,Chicago,S,Yellow,Spring,4.3,No,2-Day Shipping,No,No,3,Debit Card,Quarterly,
2737,41,Shorts,Male,Clothing,42.11,Philadelphia,L,Blue,Summer,5.0,Yes,Express,No,No,6,PayPal,Monthly,
2738,36,Sweater,Male,Clothing,116.86,Los Angeles,L,Green,Spring,3.6,No,Free Shipping,No,No,3,Credit Card,Bi-Weekly,
2739,42,Scarf,Female,Accessories,156.62,Denver,XS,Blue,Summer,3.8,No,Express,No,No,3,Bank Transfer,Monthly,
2740,28,Coffee Mug,Female,Home,99.08,Phoenix,XL,Navy,Spring,3.8,Yes,2-Day Shipping,No,No,6,Debit Card,Monthly,
2741,21,Boots,Female,Footwear,117.25,Boston,M,Purple,Fall,4.0,No,Next Day Air,Yes,Yes,5,Debit Card,Monthly,
2742,43,Scarf,Male,Accessories,141.29,Atlanta,M,Navy,Fall,4.2,No,Standard,No,No,2,Bank Transfer,Quarterly,
2743,42,Face Cream,Female,Beauty,99.19,San Diego,M,Brown,Spring,3.5,No,Express,No,No,1,Cash,Monthly,
2744,31,Sandals,Male,Footwear,127.17,Detroit,L,Purple,Spring,2.6,No,Next Day Air,No,No,2,Bank Transfer,Monthly,
2745,33,T-Shirt,Male,Clothing,50.17,Dallas,S,Navy,Spring,4.3,Yes,Standard,No,No,5,Digital Wallet,Monthly,
2746,35,Keyboard,Female,Electronics,370.36,Boston,M,Yellow,Winter,3.5,No,2-Day Shipping,Yes,Yes,1,PayPal,Bi-Weekly,
2747,41,Mouse,Female,Electronics,35.36,Portland,M,Purple,Summer,3.5,No,Express,No,No,4,PayPal,Quarterly,
2748,51,Face Cream,Female,Beauty,70.13,Houston,L,Purple,Winter,3.6,No,Standard,Yes,Yes,2,Credit Card,Monthly,
2749,39,Bluetooth Speaker,Male,Electronics,295.66,Dallas,XL,White,Summer,3.7,No,Express,No,No,8,Digital Wallet,Monthly,
2750,34,Jacket,Non-Binary,Clothing,62.64,New York,M,Brown,Summer,2.8,Yes,Free Shipping,No,No,3,Credit Card,Quarterly,
2751,55,Coffee Mug,Male,Home,66.17,Boston,S,Red,Fall,3.9,Yes,Standard,No,No,7,Cash,Monthly,
2752,23,Sandals,Female,Footwear,129.96,Los Angeles,L,White,Spring,3.8,No,Standard,No,Yes,4,Credit Card,Monthly,
2753,18,Jacket,Male,Clothing,30.56,Atlanta,L,Black,Summer,5.0,Yes,Next Day Air,No,Yes,4,Digital Wallet,Quarterly,
2754,36,Dress,Male,Clothing,15.11,Miami,M,Red,Spring,3.8,No,Standard,No,No,1,Debit Card,Bi-Weekly,
2755,31,Dress,Female,Clothing,60.73,Los Angeles,XXL,Green,Summer,4.4,No,2-Day Shipping,No,No,6,Credit Card,Quarterly,
2756,18,Slippers,Female,Footwear,129.44,Atlanta,XS,Brown,Winter,5.0,Yes,Free Shipping,No,Yes,4,Bank Transfer,Monthly,
2757,27,Heels,Male,Footwear,134.2,Atlanta,M,Blue,Fall,4.5,Yes,Standard,Yes,Yes,8,PayPal,Weekly,
2758,28,Bedsheet,Male,Home,96.62,Jacksonville,S,Yellow,Fall,3.2,Yes,Free Shipping,No,No,9,Credit Card,Weekly,
2759,23,Dress,Male,Clothing,82.47,Atlanta,M,White,Summer,2.7,No,Express,No,No,1,Debit Card,Bi-Weekly,
2760,41,Curtain,Male,Home,33.92,Jacksonville,L,Navy,Fall,2.5,Yes,Standard,No,No,4,Credit Card,Monthly,
2761,31,Wallet,Female,Accessories,127.88,Las Vegas,S,Black,Summer,4.5,No,Next Day Air,No,No,4,Bank Transfer,Quarterly,
2762,42,Makeup Kit,Male,Beauty,105.87,San Diego,M,Red,Winter,4.6,Yes,Free Shipping,No,No,8,Credit Card,Monthly,
2763,32,T-Shirt,Female,Clothing,164.03,Denver,S,Gray,Summer,4.4,Yes,Standard,No,No,5,Bank Transfer,Bi-Weekly,
2764,32,Jeans,Male,Clothing,108.25,New York,L,Red,Fall,2.9,Yes,Next Day Air,Yes,Yes,11,Bank Transfer,Bi-Weekly,
2765,21,Sandals,Female,Footwear,192.49,Jacksonville,M,Yellow,Fall,2.2,Yes,2-Day Shipping,Yes,Yes,6,Debit Card,Annually,
2766,40,Cushion,Female,Home,149.24,Austin,XL,Blue,Summer,3.3,No,Standard,No,No,0,Credit Card,Annually,
2767,41,Mouse,Female,Electronics,237.95,Denver,M,White,Spring,4.0,No,Standard,No,No,3,PayPal,Quarterly,
2768,24,Power Bank,Female,Electronics,405.55,Phoenix,L,Brown,Spring,5.0,No,Standard,No,No,5,Debit Card,Bi-Weekly,
2769,35,Perfume,Female,Beauty,41.6,Houston,XXL,Yellow,Summer,2.8,No,Standard,No,Yes,6,Credit Card,Bi-Weekly,
2770,31,Smartwatch,Male,Electronics,78.59,San Diego,M,White,Fall,4.3,Yes,Standard,Yes,Yes,5,Bank Transfer,Weekly,
2771,27,Sneakers,Male,Footwear,94.99,Philadelphia,XL,Black,Winter,3.4,No,Standard,No,Yes,1,Credit Card,Bi-Weekly,
2772,41,Phone Case,Male,Electronics,245.36,San Antonio,XS,Pink,Fall,3.1,No,Free Shipping,No,No,1,PayPal,Bi-Weekly,
2773,50,Loafers,Female,Footwear,128.98,Portland,L,Pink,Fall,2.6,No,Standard,No,No,2,PayPal,Monthly,
2774,36,Dress,Female,Clothing,145.58,Jacksonville,L,Blue,Summer,4.2,No,2-Day Shipping,No,No,3,PayPal,Quarterly,
2775,52,Shorts,Female,Clothing,102.76,Austin,M,Pink,Summer,3.1,No,Express,No,No,1,Digital Wallet,Quarterly,
2776,39,Hoodie,Female,Clothing,109.57,Chicago,L,Blue,Fall,3.5,No,Express,Yes,Yes,4,Cash,Monthly,
2777,52,Makeup Kit,Male,Beauty,131.43,Detroit,M,Yellow,Winter,3.9,No,2-Day Shipping,No,No,4,Debit Card,Quarterly,
2778,51,Headphones,Female,Electronics,145.22,Las Vegas,M,Navy,Spring,4.9,Yes,Next Day Air,No,No,7,Credit Card,Monthly,
2779,42,Coat,Female,Clothing,72.0,Jacksonville,M,Navy,Summer,3.8,Yes,Free Shipping,No,No,6,Bank Transfer,Monthly,
2780,18,Face Cream,Female,Beauty,91.11,Detroit,XL,Green,Summer,1.9,Yes,Free Shipping,No,No,5,Bank Transfer,Monthly,
2781,47,Hoodie,Female,Clothing,90.65,Houston,L,Red,Winter,3.1,No,2-Day Shipping,No,No,3,Bank Transfer,Monthly,
2782,41,Bedsheet,Female,Home,22.43,Las Vegas,XL,White,Fall,5.0,No,2-Day Shipping,Yes,Yes,2,Digital Wallet,Quarterly,
2783,43,Hoodie,Non-Binary,Clothing,93.57,San Diego,L,Blue,Spring,4.1,No,Free Shipping,No,No,1,Credit Card,Bi-Weekly,
2784,51,Backpack,Female,Accessories,14.65,Atlanta,M,Black,Winter,3.7,Yes,Standard,Yes,Yes,3,Credit Card,Weekly,
2785,57,Bedsheet,Female,Home,39.73,Miami,L,Yellow,Summer,4.9,Yes,Standard,No,No,6,PayPal,Bi-Weekly,
2786,47,Mouse,Female,Electronics,191.86,Las Vegas,S,Blue,Fall,4.1,No,Express,No,No,3,PayPal,Quarterly,
2787,38,Bedsheet,Male,Home,173.78,Dallas,L,Black,Summer,4.3,No,Free Shipping,Yes,Yes,1,PayPal,Quarterly,
2788,57,Smartwatch,Male,Electronics,415.09,Dallas,M,Navy,Winter,4.3,Yes,Express,No,No,6,PayPal,Quarterly,
2789,31,Sandals,Male,Footwear,31.72,Philadelphia,L,Black,Fall,3.9,No,Next Day Air,No,Yes,4,Cash,Annually,
2790,40,Jacket,Female,Clothing,129.53,Phoenix,S,Purple,Fall,4.2,Yes,Standard,No,No,6,Credit Card,Monthly,
2791,39,Sandals,Female,Footwear,214.21,San Diego,XL,Black,Fall,3.9,Yes,Standard,No,Yes,7,Credit Card,Bi-Weekly,
2792,28,Scarf,Male,Accessories,68.38,Miami,M,White,Summer,2.9,No,Free Shipping,No,No,9,Digital Wallet,Monthly,
2793,40,Coat,Female,Clothing,51.21,Chicago,L,Pink,Spring,4.2,No,Standard,No,No,2,Credit Card,Monthly,
2794,40,Cushion,Female,Home,118.87,Houston,M,Pink,Spring,4.7,No,2-Day Shipping,Yes,Yes,2,Debit Card,Quarterly,
2795,36,Boots,Male,Footwear,188.43,San Jose,L,Gray,Summer,4.3,No,2-Day Shipping,No,No,5,PayPal,Weekly,
2796,36,Hoodie,Female,Clothing,155.48,Portland,M,Yellow,Spring,4.7,Yes,Standard,Yes,Yes,7,Credit Card,Bi-Weekly,
2797,25,Lipstick,Female,Beauty,137.04,Las Vegas,S,Red,Fall,4.0,No,2-Day Shipping,No,No,2,PayPal,Monthly,
2798,24,Dress,Female,Clothing,49.65,Philadelphia,XS,Purple,Summer,3.8,Yes,Standard,No,No,3,Bank Transfer,Monthly,
2799,31,Coat,Female,Clothing,157.79,San Antonio,L,Pink,Winter,3.5,No,2-Day Shipping,No,No,2,Credit Card,Monthly,
2800,42,Running Shoes,Female,Footwear,63.21,Miami,M,Brown,Summer,4.4,No,Standard,No,No,4,Cash,Monthly,
2801,49,Dress,Male,Clothing,178.16,Los Angeles,XL,Navy,Spring,4.6,No,Free Shipping,No,No,4,Debit Card,Monthly,
2802,51,Loafers,Male,Footwear,100.84,Jacksonville,S,Navy,Fall,5.0,No,Next Day Air,No,Yes,1,Debit Card,Bi-Weekly,
2803,43,Keyboard,Male,Electronics,336.91,Phoenix,S,Gray,Winter,4.0,Yes,Standard,No,No,5,Debit Card,Annually,
2804,56,Hat,Male,Accessories,122.94,Phoenix,M,Gray,Winter,3.1,Yes,2-Day Shipping,No,No,5,Digital Wallet,Bi-Weekly,
2805,31,Bedsheet,Male,Home,144.85,Dallas,M,Green,Spring,4.2,Yes,2-Day Shipping,No,No,4,Cash,Weekly,
2806,42,Running Shoes,Female,Footwear,179.74,Philadelphia,S,Brown,Summer,4.2,Yes,Express,No,No,13,Credit Card,Quarterly,
2807,31,Loafers,Female,Footwear,105.7,San Jose,M,Brown,Summer,3.2,Yes,Standard,No,No,4,Bank Transfer,Monthly,
2808,28,Shorts,Female,Clothing,38.17,San Jose,M,Navy,Fall,3.4,Yes,Standard,Yes,Yes,2,Cash,Quarterly,
2809,38,Cushion,Female,Home,79.84,New York,One Size,Green,Winter,4.2,No,Free Shipping,Yes,Yes,4,Debit Card,Quarterly,
2810,34,Loafers,Female,Footwear,187.81,Atlanta,L,Purple,Fall,3.3,No,Free Shipping,No,No,3,Cash,Monthly,
2811,45,Sunglasses,Male,Accessories,80.09,Chicago,M,Brown,Winter,3.2,No,Standard,Yes,Yes,2,Debit Card,Bi-Weekly,
2812,35,Hoodie,Non-Binary,Clothing,22.46,Atlanta,L,Green,Summer,2.8,No,Standard,No,Yes,1,Credit Card,Monthly,
2813,41,Bedsheet,Female,Home,134.72,New York,S,Black,Spring,2.8,No,Express,No,No,2,Cash,Weekly,
2814,35,Coat,Female,Clothing,146.94,Chicago,XL,Yellow,Spring,3.0,No,2-Day Shipping,No,Yes,3,Debit Card,Monthly,
2815,48,Wallet,Male,Accessories,110.29,New York,XL,Purple,Spring,3.8,No,Free Shipping,No,Yes,1,Debit Card,Monthly,
2816,44,T-Shirt,Male,Clothing,17.23,Miami,One Size,Red,Summer,4.5,Yes,Standard,Yes,Yes,6,Digital Wallet,Monthly,
2817,32,Shorts,Male,Clothing,117.84,San Antonio,M,Pink,Winter,3.3,No,Free Shipping,No,No,3,Credit Card,Monthly,
2818,34,Phone Case,Male,Electronics,244.15,Dallas,L,Navy,Fall,3.9,No,Free Shipping,Yes,Yes,3,Credit Card,Monthly,
2819,56,Running Shoes,Male,Footwear,201.3,Jacksonville,M,Black,Spring,2.1,No,Standard,No,No,2,Debit Card,Monthly,
2820,39,Handbag,Female,Accessories,165.68,Jacksonville,S,Green,Summer,3.2,No,Express,Yes,Yes,4,Credit Card,Monthly,
2821,58,Dress,Female,Clothing,79.62,San Antonio,S,Black,Winter,4.6,No,Express,No,Yes,2,Debit Card,Monthly,
2822,21,Wallet,Male,Accessories,220.42,Chicago,S,Navy,Fall,3.3,Yes,Standard,No,No,5,Digital Wallet,Bi-Weekly,
2823,39,Shampoo,Male,Beauty,118.0,Houston,XXL,Green,Spring,5.0,No,Next Day Air,No,No,2,Debit Card,Monthly,
2824,23,Bedsheet,Male,Home,156.51,Denver,XL,Gray,Winter,3.7,Yes,Free Shipping,No,No,6,Credit Card,Monthly,
2825,38,Headphones,Female,Electronics,133.17,Dallas,XS,Yellow,Winter,3.7,Yes,Express,No,No,8,Digital Wallet,Monthly,
2826,38,Coffee Mug,Female,Home,167.13,New York,M,Blue,Summer,2.6,No,Express,No,No,1,Cash,Quarterly,
2827,55,Cushion,Female,Home,191.64,Austin,L,Purple,Summer,2.5,Yes,Standard,Yes,Yes,2,Bank Transfer,Monthly,
2828,59,Hat,Female,Accessories,166.83,Detroit,XS,White,Summer,3.4,No,Standard,No,No,1,Credit Card,Monthly,
2829,31,Coat,Male,Clothing,121.68,San Jose,M,Navy,Winter,3.9,Yes,Standard,No,No,4,PayPal,Quarterly,
2830,43,Hoodie,Male,Clothing,176.92,Philadelphia,XS,Black,Winter,3.0,Yes,Express,Yes,Yes,5,Credit Card,Monthly,
2831,29,Sunglasses,Female,Accessories,103.49,Dallas,M,Green,Summer,4.0,Yes,Free Shipping,Yes,Yes,5,PayPal,Monthly,
2832,18,Sneakers,Male,Footwear,152.51,San Diego,XS,White,Fall,3.6,Yes,Standard,No,No,8,PayPal,Bi-Weekly,
2833,37,Phone Case,Male,Electronics,312.34,Dallas,XL,Green,Fall,4.1,Yes,Standard,No,No,3,Credit Card,Monthly,
2834,44,Body Lotion,Male,Beauty,78.74,Chicago,M,Navy,Summer,3.3,No,2-Day Shipping,No,No,2,Digital Wallet,Monthly,
2835,56,Headphones,Female,Electronics,63.57,Jacksonville,One Size,Brown,Winter,4.1,No,Express,No,No,4,Credit Card,Quarterly,
2836,53,Skirt,Male,Clothing,136.4,San Diego,XL,Gray,Fall,3.7,No,2-Day Shipping,No,No,2,Credit Card,Quarterly,
2837,49,Handbag,Female,Accessories,41.27,Austin,M,Blue,Winter,4.0,Yes,Express,No,No,3,PayPal,Bi-Weekly,
2838,34,Heels,Female,Footwear,181.86,Houston,M,Purple,Spring,3.3,No,Express,Yes,Yes,1,PayPal,Quarterly,
2839,18,Belt,Female,Accessories,21.44,Phoenix,M,Green,Winter,3.4,No,Standard,Yes,Yes,3,Digital Wallet,Bi-Weekly,
2840,18,Hat,Male,Accessories,18.09,Houston,XL,Purple,Fall,3.6,No,Express,No,No,4,Bank Transfer,Quarterly,
2841,55,Belt,Male,Accessories,204.2,Jacksonville,S,Black,Spring,3.9,Yes,Standard,No,No,6,Debit Card,Weekly,
2842,39,Perfume,Female,Beauty,141.41,Detroit,XL,Navy,Summer,2.8,No,Standard,No,No,1,Bank Transfer,Bi-Weekly,
2843,38,Hat,Female,Accessories,145.9,Dallas,XS,Blue,Summer,3.8,Yes,Standard,No,No,4,Digital Wallet,Monthly,
2844,35,Running Shoes,Female,Footwear,127.29,Portland,XL,Green,Winter,4.8,No,Express,No,No,2,Debit Card,Quarterly,
2845,54,Skirt,Male,Clothing,145.72,Chicago,XL,Pink,Summer,4.4,No,Standard,Yes,Yes,3,Credit Card,Annually,
2846,59,Coat,Female,Clothing,58.18,Houston,M,Navy,Winter,4.4,No,Free Shipping,No,No,4,Credit Card,Quarterly,
2847,28,Sunglasses,Male,Accessories,30.5,Miami,M,White,Winter,4.0,Yes,Standard,Yes,Yes,5,Credit Card,Quarterly,
2848,37,Belt,Male,Accessories,212.71,Dallas,M,Brown,Fall,3.1,No,2-Day Shipping,No,No,3,PayPal,Quarterly,
2849,52,Skirt,Male,Clothing,164.99,Philadelphia,XXL,Gray,Winter,3.5,Yes,2-Day Shipping,Yes,Yes,2,Credit Card,Monthly,
2850,32,Jacket,Male,Clothing,150.4,Jacksonville,M,Navy,Spring,3.3,Yes,2-Day Shipping,No,Yes,3,Bank Transfer,Monthly,
2851,61,Shorts,Male,Clothing,114.35,San Diego,M,Pink,Spring,3.3,Yes,Standard,Yes,Yes,7,Bank Transfer,Annually,
2852,28,Pillow,Female,Home,101.23,Miami,L,Red,Fall,2.6,Yes,2-Day Shipping,Yes,Yes,3,Bank Transfer,Monthly,
2853,32,Shorts,Female,Clothing,23.45,Jacksonville,M,White,Winter,4.4,Yes,Standard,Yes,Yes,6,Credit Card,Weekly,
2854,44,Sandals,Male,Footwear,185.2,Austin,M,Yellow,Winter,4.1,No,Next Day Air,Yes,Yes,1,Credit Card,Annually,
2855,61,Hat,Female,Accessories,237.82,Austin,S,Yellow,Fall,3.4,No,Next Day Air,Yes,Yes,0,Credit Card,Monthly,
2856,32,Perfume,Male,Beauty,149.87,Houston,M,Yellow,Summer,4.9,No,Free Shipping,No,Yes,0,Bank Transfer,Bi-Weekly,
2857,39,Bluetooth Speaker,Female,Electronics,245.03,San Diego,L,Gray,Winter,4.5,Yes,Standard,No,No,7,Debit Card,Bi-Weekly,
2858,19,Wallet,Female,Accessories,242.39,Las Vegas,L,Navy,Winter,4.6,No,Free Shipping,No,No,4,Debit Card,Quarterly,
2859,36,Coffee Mug,Female,Home,119.67,Phoenix,M,White,Summer,4.2,Yes,Next Day Air,No,No,7,Cash,Monthly,
2860,33,Dress,Male,Clothing,151.96,San Antonio,XS,White,Spring,3.6,No,Next Day Air,Yes,Yes,3,Debit Card,Monthly,
2861,21,Coat,Female,Clothing,47.79,Denver,L,Black,Winter,3.9,Yes,Free Shipping,No,No,6,Cash,Bi-Weekly,
2862,32,Boots,Female,Footwear,122.54,Los Angeles,XL,Green,Fall,4.1,Yes,Express,Yes,Yes,5,Credit Card,Monthly,
2863,47,Sweater,Female,Clothing,119.71,San Diego,M,Purple,Winter,4.1,Yes,Standard,Yes,Yes,9,PayPal,Bi-Weekly,
2864,53,Sunglasses,Female,Accessories,81.66,Los Angeles,XXL,Brown,Fall,4.7,Yes,Standard,No,No,4,PayPal,Bi-Weekly,
2865,29,Shorts,Female,Clothing,133.99,New York,S,Purple,Spring,2.8,No,Next Day Air,No,No,1,Cash,Weekly,
2866,50,T-Shirt,Female,Clothing,65.71,Dallas,XL,Navy,Summer,5.0,Yes,Free Shipping,No,No,5,PayPal,Quarterly,
2867,36,Phone Case,Male,Electronics,263.55,Boston,M,Black,Spring,2.8,No,Next Day Air,No,Yes,2,Credit Card,Monthly,
2868,25,Table Lamp,Male,Home,57.54,Dallas,M,White,Spring,3.2,No,Standard,Yes,Yes,3,Credit Card,Monthly,
2869,27,Shorts,Female,Clothing,68.71,Atlanta,L,Brown,Winter,3.3,No,2-Day Shipping,No,No,4,Digital Wallet,Weekly,
2870,28,Face Wash,Male,Beauty,18.94,Atlanta,M,Navy,Summer,3.2,No,Next Day Air,No,No,1,Digital Wallet,Monthly,
2871,33,Hat,Female,Accessories,127.45,San Jose,XL,Black,Spring,4.2,No,Express,Yes,Yes,1,Credit Card,Monthly,
2872,41,Face Cream,Non-Binary,Beauty,143.91,Miami,XL,Green,Fall,3.2,No,Express,Yes,Yes,2,Cash,Monthly,
2873,42,Hoodie,Male,Clothing,86.32,Seattle,XS,Purple,Summer,3.3,No,Standard,Yes,Yes,1,Digital Wallet,Monthly,
2874,30,Sunglasses,Male,Accessories,226.46,Miami,XL,Yellow,Fall,2.8,No,2-Day Shipping,Yes,Yes,4,Debit Card,Bi-Weekly,
2875,36,Dress,Female,Clothing,105.27,San Diego,M,Red,Summer,3.5,Yes,Standard,Yes,Yes,6,Cash,Bi-Weekly,
2876,18,Shorts,Male,Clothing,90.76,Dallas,M,Green,Summer,4.0,No,Standard,Yes,Yes,2,Digital Wallet,Monthly,
2877,47,Sandals,Female,Footwear,103.54,San Antonio,M,Purple,Fall,3.1,No,2-Day Shipping,No,No,5,Debit Card,Monthly,
2878,49,T-Shirt,Male,Clothing,160.47,Jacksonville,XXL,Red,Winter,3.3,No,Express,Yes,Yes,3,Digital Wallet,Quarterly,
2879,35,Sneakers,Male,Footwear,194.8,Portland,XS,Gray,Summer,3.7,Yes,2-Day Shipping,Yes,Yes,3,Bank Transfer,Quarterly,
2880,35,Dress,Non-Binary,Clothing,142.01,Chicago,M,Green,Winter,3.4,Yes,Next Day Air,No,Yes,4,Bank Transfer,Monthly,
2881,33,Bedsheet,Male,Home,18.37,Houston,M,Yellow,Summer,3.8,No,Express,No,No,1,Credit Card,Quarterly,
2882,28,Shorts,Female,Clothing,40.37,Las Vegas,L,Navy,Fall,3.7,Yes,2-Day Shipping,No,No,3,Credit Card,Quarterly,
2883,50,Hoodie,Male,Clothing,154.44,Detroit,XL,Blue,Spring,4.1,No,Free Shipping,Yes,Yes,3,PayPal,Quarterly,
2884,20,Handbag,Male,Accessories,62.36,Chicago,XS,Purple,Fall,5.0,Yes,Standard,Yes,Yes,3,Debit Card,Annually,
2885,38,Sunglasses,Female,Accessories,60.93,Dallas,M,Brown,Summer,2.3,Yes,Express,No,No,5,PayPal,Quarterly,
2886,22,Running Shoes,Male,Footwear,31.02,Jacksonville,M,Navy,Winter,4.6,Yes,Next Day Air,No,No,3,Digital Wallet,Monthly,
2887,30,Skirt,Male,Clothing,162.55,Chicago,L,Green,Summer,4.8,No,2-Day Shipping,No,No,3,Credit Card,Monthly,
2888,37,Boots,Female,Footwear,183.03,Chicago,S,Purple,Summer,3.6,No,Standard,No,No,2,Debit Card,Bi-Weekly,
2889,42,Running Shoes,Female,Footwear,42.27,Las Vegas,XXL,Black,Spring,4.8,No,Free Shipping,No,Yes,5,Credit Card,Bi-Weekly,
2890,26,Sunglasses,Female,Accessories,145.66,Los Angeles,L,Red,Winter,4.3,Yes,Express,Yes,Yes,7,Debit Card,Monthly,
2891,42,Perfume,Female,Beauty,136.33,Las Vegas,M,Yellow,Winter,2.0,No,Free Shipping,Yes,Yes,3,Credit Card,Quarterly,
2892,18,Table Lamp,Male,Home,117.44,Austin,XL,White,Winter,4.1,Yes,Express,Yes,Yes,1,Credit Card,Bi-Weekly,
2893,56,Body Lotion,Female,Beauty,8.31,Seattle,S,Purple,Fall,4.2,No,Free Shipping,No,Yes,3,Digital Wallet,Quarterly,
2894,18,Bluetooth Speaker,Female,Electronics,254.29,New York,M,Black,Spring,4.5,No,Free Shipping,No,No,0,PayPal,Monthly,
2895,42,Curtain,Female,Home,115.62,Detroit,One Size,White,Fall,3.9,No,Next Day Air,No,No,1,Credit Card,Monthly,
2896,27,T-Shirt,Male,Clothing,147.59,Dallas,M,Red,Summer,3.7,Yes,Standard,No,No,7,Bank Transfer,Weekly,
2897,44,Sandals,Male,Footwear,68.81,San Jose,S,Green,Winter,4.7,No,2-Day Shipping,Yes,Yes,1,Digital Wallet,Annually,
2898,26,Hoodie,Female,Clothing,117.4,Philadelphia,L,Red,Fall,3.6,No,Free Shipping,No,No,3,Debit Card,Monthly,
2899,22,Power Bank,Female,Electronics,358.77,Jacksonville,M,Green,Fall,3.6,No,Express,No,No,1,Credit Card,Bi-Weekly,
2900,39,Smartwatch,Female,Electronics,366.8,Denver,M,Yellow,Summer,3.9,No,Standard,No,No,4,Credit Card,Quarterly,
2901,39,Jeans,Male,Clothing,61.29,Los Angeles,L,Green,Spring,3.4,Yes,Standard,No,No,6,PayPal,Monthly,
2902,24,Curtain,Female,Home,198.66,New York,L,Red,Fall,4.9,Yes,Free Shipping,No,No,7,Credit Card,Monthly,
2903,28,Cushion,Female,Home,12.29,Jacksonville,S,Yellow,Spring,3.1,Yes,2-Day Shipping,Yes,Yes,2,Digital Wallet,Monthly,
2904,28,Perfume,Male,Beauty,60.81,Philadelphia,M,Brown,Winter,4.8,Yes,2-Day Shipping,Yes,Yes,3,Credit Card,Bi-Weekly,
2905,33,Bedsheet,Female,Home,191.94,Atlanta,XL,Pink,Summer,3.6,Yes,Standard,No,No,5,Debit Card,Monthly,
2906,29,Keyboard,Female,Electronics,245.77,Las Vegas,L,Navy,Fall,4.0,Yes,Next Day Air,No,No,1,Debit Card,Monthly,
2907,28,Pillow,Female,Home,197.88,Boston,L,Green,Fall,4.5,No,Free Shipping,Yes,Yes,5,Bank Transfer,Weekly,
2908,35,Handbag,Female,Accessories,56.69,Chicago,S,Gray,Summer,3.4,Yes,2-Day Shipping,Yes,Yes,6,Digital Wallet,Bi-Weekly,
2909,53,Face Wash,Female,Beauty,64.79,Miami,L,White,Spring,4.6,No,2-Day Shipping,Yes,Yes,2,Credit Card,Weekly,
2910,40,Handbag,Male,Accessories,128.28,San Antonio,M,Red,Spring,3.7,No,Express,No,No,4,PayPal,Monthly,
2911,39,Phone Case,Female,Electronics,61.24,Dallas,L,Navy,Spring,5.0,No,2-Day Shipping,Yes,Yes,2,Credit Card,Monthly,
2912,50,Jacket,Female,Clothing,112.66,Jacksonville,L,Red,Spring,5.0,No,2-Day Shipping,Yes,Yes,4,Credit Card,Monthly,
2913,33,Hoodie,Male,Clothing,57.56,Miami,M,Red,Winter,3.6,Yes,Next Day Air,Yes,Yes,3,Debit Card,Monthly,
2914,44,Dress,Female,Clothing,133.59,San Diego,S,Green,Spring,4.5,Yes,Free Shipping,Yes,Yes,6,Credit Card,Monthly,
2915,43,Running Shoes,Male,Footwear,100.38,Atlanta,M,Brown,Spring,4.2,No,Standard,No,Yes,6,Digital Wallet,Weekly,
2916,32,Jacket,Female,Clothing,51.71,Austin,XL,Pink,Winter,4.2,Yes,Standard,No,No,5,Debit Card,Monthly,
2917,42,Jeans,Male,Clothing,175.37,New York,M,White,Spring,5.0,Yes,2-Day Shipping,Yes,Yes,3,Debit Card,Quarterly,
2918,46,Storage Box,Female,Home,89.41,Las Vegas,M,Gray,Fall,3.5,No,Express,Yes,Yes,2,PayPal,Bi-Weekly,
2919,41,Shorts,Female,Clothing,17.97,Atlanta,L,Navy,Fall,4.3,Yes,Standard,Yes,Yes,7,Credit Card,Bi-Weekly,
2920,36,Dress,Male,Clothing,140.05,Boston,L,White,Fall,2.2,No,2-Day Shipping,No,No,6,PayPal,Monthly,
2921,30,Sneakers,Female,Footwear,65.8,Austin,M,Blue,Spring,3.5,No,Standard,Yes,Yes,1,PayPal,Quarterly,
2922,38,Loafers,Male,Footwear,128.52,Houston,XS,Yellow,Fall,4.4,Yes,Free Shipping,No,No,10,Credit Card,Bi-Weekly,
2923,29,Table Lamp,Male,Home,103.62,Jacksonville,L,Red,Spring,4.3,No,Free Shipping,No,Yes,2,Digital Wallet,Monthly,
2924,18,Wallet,Female,Accessories,37.47,Miami,S,Black,Winter,4.3,Yes,Standard,No,No,6,Credit Card,Weekly,
2925,42,Skirt,Female,Clothing,150.35,San Antonio,L,Pink,Winter,2.8,Yes,Free Shipping,Yes,Yes,5,PayPal,Monthly,
2926,18,Phone Case,Female,Electronics,374.17,Las Vegas,M,Red,Summer,3.2,Yes,Next Day Air,No,Yes,4,PayPal,Quarterly,
2927,34,Smartwatch,Male,Electronics,202.56,Philadelphia,XS,Black,Summer,4.1,No,Free Shipping,No,Yes,1,Credit Card,Monthly,
2928,26,Storage Box,Non-Binary,Home,122.69,Miami,L,Pink,Winter,3.7,Yes,Standard,Yes,Yes,14,Credit Card,Weekly,
2929,30,Sandals,Male,Footwear,86.81,Atlanta,XS,White,Summer,3.6,No,Standard,No,No,2,Debit Card,Quarterly,
2930,35,Sandals,Male,Footwear,48.49,Chicago,M,Gray,Spring,3.2,No,2-Day Shipping,No,No,4,Digital Wallet,Quarterly,
2931,38,Dress,Male,Clothing,67.82,New York,S,Gray,Fall,3.5,Yes,Express,No,Yes,4,PayPal,Quarterly,
2932,48,Face Cream,Male,Beauty,67.51,Austin,XL,Yellow,Summer,3.7,No,Standard,Yes,Yes,3,PayPal,Monthly,
2933,55,Bluetooth Speaker,Female,Electronics,429.15,Detroit,M,Brown,Winter,4.2,No,Free Shipping,No,No,6,Debit Card,Weekly,
2934,37,Sneakers,Female,Footwear,200.51,Miami,L,Gray,Fall,3.4,Yes,Standard,Yes,Yes,3,Bank Transfer,Monthly,
2935,61,Body Lotion,Female,Beauty,8.92,New York,S,Green,Fall,3.1,No,2-Day Shipping,Yes,Yes,4,Credit Card,Bi-Weekly,
2936,44,Jacket,Male,Clothing,173.48,Boston,L,White,Fall,5.0,No,Standard,Yes,Yes,2,Debit Card,Monthly,
2937,42,T-Shirt,Female,Clothing,86.19,Seattle,M,Pink,Spring,5.0,No,Standard,No,Yes,4,Digital Wallet,Monthly,
2938,41,Sandals,Male,Footwear,94.24,Detroit,XXL,Gray,Winter,3.0,No,Free Shipping,Yes,Yes,0,Debit Card,Monthly,
2939,33,Running Shoes,Male,Footwear,167.71,Denver,M,Yellow,Fall,3.4,Yes,Standard,No,No,7,Digital Wallet,Weekly,
2940,43,Sneakers,Female,Footwear,100.38,New York,S,Green,Summer,2.5,Yes,Free Shipping,No,No,8,PayPal,Monthly,
2941,35,Lipstick,Male,Beauty,119.05,Philadelphia,XL,Blue,Spring,3.2,Yes,Next Day Air,No,No,6,Bank Transfer,Bi-Weekly,
2942,27,Bedsheet,Male,Home,70.26,New York,M,Navy,Summer,3.7,Yes,Free Shipping,Yes,Yes,10,PayPal,Quarterly,
2943,46,Curtain,Female,Home,162.45,Jacksonville,S,White,Fall,2.8,No,Standard,No,No,5,PayPal,Bi-Weekly,
2944,24,Heels,Female,Footwear,60.84,New York,S,Navy,Spring,3.5,No,Free Shipping,No,No,2,Credit Card,Quarterly,
2945,30,Sweater,Female,Clothing,150.83,Jacksonville,L,Navy,Winter,3.1,No,2-Day Shipping,No,No,4,Bank Transfer,Annually,
2946,32,Sweater,Female,Clothing,133.14,Denver,L,Navy,Winter,3.2,No,Free Shipping,No,No,3,Digital Wallet,Weekly,
2947,18,Coat,Non-Binary,Clothing,77.04,Denver,S,Navy,Winter,3.8,No,2-Day Shipping,No,Yes,1,Cash,Quarterly,
2948,43,Table Lamp,Female,Home,103.18,Boston,M,Green,Summer,4.4,No,Standard,Yes,Yes,2,Credit Card,Bi-Weekly,
2949,53,Power Bank,Female,Electronics,351.02,Portland,M,Purple,Summer,4.3,No,Standard,Yes,Yes,2,Bank Transfer,Annually,
2950,22,Pillow,Female,Home,66.32,Philadelphia,M,Yellow,Spring,1.9,No,Next Day Air,Yes,Yes,1,Bank Transfer,Weekly,
2951,18,Slippers,Female,Footwear,76.82,San Jose,M,Red,Winter,4.2,No,2-Day Shipping,No,No,2,Credit Card,Monthly,
2952,46,Heels,Male,Footwear,146.74,Portland,L,Yellow,Fall,4.2,No,Standard,Yes,Yes,2,Bank Transfer,Bi-Weekly,
2953,41,T-Shirt,Male,Clothing,75.48,Austin,M,Navy,Spring,2.1,No,Express,No,Yes,0,Credit Card,Monthly,
2954,27,Power Bank,Female,Electronics,316.56,Las Vegas,M,Brown,Summer,3.8,No,Standard,No,No,5,PayPal,Bi-Weekly,
2955,32,Face Cream,Female,Beauty,133.73,Austin,XL,Blue,Fall,3.9,No,Next Day Air,No,No,3,Cash,Bi-Weekly,
2956,40,Pillow,Female,Home,188.64,New York,L,Yellow,Spring,3.4,No,Free Shipping,No,No,3,PayPal,Weekly,
2957,59,Jacket,Female,Clothing,98.86,Detroit,XL,Blue,Winter,3.0,No,Express,Yes,Yes,4,Debit Card,Monthly,
2958,40,Pillow,Female,Home,88.57,Phoenix,M,Green,Spring,3.1,No,2-Day Shipping,Yes,Yes,1,Cash,Bi-Weekly,
2959,29,Boots,Female,Footwear,219.07,Jacksonville,XL,White,Summer,3.6,Yes,Free Shipping,No,Yes,7,Debit Card,Monthly,
2960,20,Jeans,Female,Clothing,179.83,Boston,S,Brown,Spring,2.4,No,Express,No,No,5,Debit Card,Quarterly,
2961,44,Coat,Male,Clothing,66.0,New York,M,Purple,Fall,3.1,No,2-Day Shipping,Yes,Yes,4,Credit Card,Annually,
2962,42,Wallet,Male,Accessories,86.34,Miami,S,Brown,Spring,3.4,No,Standard,No,No,5,Credit Card,Weekly,
2963,32,Skirt,Male,Clothing,46.58,San Jose,M,Blue,Spring,4.1,No,Express,Yes,Yes,3,Digital Wallet,Monthly,
2964,44,Backpack,Female,Accessories,51.32,Dallas,XL,Green,Summer,4.5,Yes,Standard,No,No,3,Credit Card,Bi-Weekly,
2965,60,Sneakers,Female,Footwear,111.73,New York,M,White,Fall,3.9,Yes,Free Shipping,Yes,Yes,4,Bank Transfer,Monthly,
2966,51,T-Shirt,Male,Clothing,175.39,Los Angeles,M,Pink,Summer,5.0,Yes,Standard,No,Yes,4,Credit Card,Monthly,
2967,51,Sweater,Male,Clothing,84.84,New York,L,Red,Summer,4.3,No,Free Shipping,Yes,Yes,4,Credit Card,Quarterly,
2968,32,Shorts,Female,Clothing,103.53,Houston,XL,Navy,Winter,3.7,No,Standard,Yes,Yes,2,Digital Wallet,Quarterly,
2969,44,Sandals,Male,Footwear,147.44,Denver,S,Pink,Winter,4.2,Yes,Standard,No,Yes,3,Digital Wallet,Quarterly,
2970,46,Face Wash,Male,Beauty,87.28,Houston,XXL,Green,Winter,3.6,No,Free Shipping,No,No,1,Digital Wallet,Quarterly,
2971,52,Sneakers,Male,Footwear,162.2,Denver,XL,Black,Fall,2.5,Yes,Standard,Yes,Yes,5,Bank Transfer,Quarterly,
2972,28,Sunglasses,Female,Accessories,167.09,Chicago,XL,Green,Spring,3.8,No,2-Day Shipping,Yes,Yes,5,Debit Card,Quarterly,
2973,26,Hat,Male,Accessories,48.23,Atlanta,XL,Yellow,Spring,3.4,Yes,Express,No,No,5,Bank Transfer,Bi-Weekly,
2974,28,Curtain,Male,Home,137.47,Dallas,XXL,Brown,Summer,3.7,No,2-Day Shipping,No,No,5,Digital Wallet,Weekly,
2975,36,Bluetooth Speaker,Female,Electronics,309.4,Boston,XXL,Gray,Fall,4.2,No,Next Day Air,No,No,3,Credit Card,Monthly,
2976,46,Headphones,Female,Electronics,292.03,New York,XXL,Purple,Spring,5.0,Yes,Standard,Yes,Yes,8,Debit Card,Monthly,
2977,50,Hoodie,Male,Clothing,48.7,Seattle,M,Pink,Fall,3.9,No,2-Day Shipping,Yes,Yes,4,Debit Card,Monthly,
2978,48,Sweater,Female,Clothing,148.53,New York,S,Blue,Spring,4.4,No,Standard,No,No,4,Digital Wallet,Bi-Weekly,
2979,33,Sneakers,Female,Footwear,173.95,Detroit,XS,Red,Fall,3.6,No,Standard,No,Yes,3,Bank Transfer,Monthly,
2980,26,Handbag,Female,Accessories,50.22,San Jose,M,Navy,Fall,4.0,No,Free Shipping,No,No,2,Digital Wallet,Monthly,
2981,23,Backpack,Female,Accessories,195.44,Los Angeles,L,Pink,Spring,4.0,No,Free Shipping,No,Yes,3,Digital Wallet,Monthly,
2982,44,Hat,Male,Accessories,67.05,New York,M,Navy,Summer,3.2,Yes,Free Shipping,No,No,1,Debit Card,Bi-Weekly,
2983,36,Jacket,Female,Clothing,26.71,Houston,XL,Red,Summer,2.3,Yes,Standard,Yes,Yes,6,Credit Card,Weekly,
2984,30,Shorts,Female,Clothing,45.16,Seattle,M,Brown,Winter,3.8,Yes,Standard,No,No,6,Digital Wallet,Monthly,
2985,18,Skirt,Male,Clothing,143.19,Dallas,S,Pink,Spring,2.9,Yes,Standard,Yes,Yes,6,Credit Card,Monthly,
2986,38,Dress,Male,Clothing,116.24,Boston,S,Yellow,Fall,2.5,Yes,Express,Yes,Yes,7,Debit Card,Weekly,
2987,65,Smartwatch,Female,Electronics,285.08,New York,S,Red,Spring,3.2,No,Next Day Air,No,No,4,Credit Card,Monthly,
2988,23,Power Bank,Female,Electronics,278.27,New York,L,White,Spring,4.7,Yes,2-Day Shipping,No,No,4,Debit Card,Annually,
2989,44,Body Lotion,Female,Beauty,130.34,Houston,S,Gray,Spring,4.0,No,Express,No,Yes,2,Debit Card,Monthly,
2990,39,Makeup Kit,Male,Beauty,73.64,Los Angeles,M,White,Spring,4.0,No,Standard,No,No,3,Digital Wallet,Monthly,
2991,36,Shorts,Female,Clothing,84.19,Houston,M,Purple,Winter,3.6,No,Standard,No,Yes,5,Credit Card,Monthly,
2992,44,Loafers,Female,Footwear,217.24,Jacksonville,L,Brown,Fall,4.0,No,2-Day Shipping,No,No,0,Debit Card,Quarterly,
2993,28,Bedsheet,Female,Home,78.23,Phoenix,XL,Gray,Summer,4.2,No,Standard,No,No,4,Bank Transfer,Annually,
2994,23,Perfume,Male,Beauty,70.39,Miami,XL,White,Fall,3.6,Yes,2-Day Shipping,Yes,Yes,5,Credit Card,Weekly,
2995,19,Skirt,Male,Clothing,177.3,San Diego,M,Black,Spring,4.6,Yes,Express,Yes,Yes,8,Debit Card,Monthly,
2996,42,Heels,Female,Footwear,121.04,Houston,M,Purple,Fall,3.7,Yes,Free Shipping,No,No,5,PayPal,Monthly,
2997,38,Handbag,Female,Accessories,119.21,Dallas,One Size,Brown,Fall,3.7,No,Next Day Air,No,No,0,Bank Transfer,Monthly,
2998,43,Dress,Non-Binary,Clothing,104.57,Las Vegas,XS,Pink,Summer,2.7,Yes,Free Shipping,No,Yes,5,Credit Card,Weekly,
2999,40,Belt,Female,Accessories,122.9,San Diego,XS,Black,Winter,3.8,No,Free Shipping,No,No,6,Debit Card,Monthly,
3000,22,Phone Case,Female,Electronics,48.36,Dallas,S,Black,Fall,4.6,No,Free Shipping,Yes,Yes,1,Cash,Monthly,
